Iteration,Temperature,CurrentCost ftv170
0,1.3000e+02,22241
1,1.2987e+02,21946
2,1.2974e+02,22153
3,1.2961e+02,22289
4,1.2948e+02,21222
5,1.2935e+02,22258
6,1.2922e+02,21972
7,1.2909e+02,21110
8,1.2896e+02,21409
9,1.2883e+02,21423
10,1.2871e+02,21759
11,1.2858e+02,19788
12,1.2845e+02,20488
13,1.2832e+02,20813
14,1.2819e+02,21429
15,1.2806e+02,20354
16,1.2794e+02,22072
17,1.2781e+02,20185
18,1.2768e+02,20830
19,1.2755e+02,20629
20,1.2742e+02,20723
21,1.2730e+02,21725
22,1.2717e+02,20292
23,1.2704e+02,22810
24,1.2692e+02,20045
25,1.2679e+02,20841
26,1.2666e+02,20412
27,1.2654e+02,21419
28,1.2641e+02,21543
29,1.2628e+02,22467
30,1.2616e+02,20737
31,1.2603e+02,20663
32,1.2590e+02,20616
33,1.2578e+02,20576
34,1.2565e+02,20219
35,1.2553e+02,21171
36,1.2540e+02,21624
37,1.2528e+02,22016
38,1.2515e+02,22739
39,1.2503e+02,21722
40,1.2490e+02,22696
41,1.2478e+02,19949
42,1.2465e+02,21603
43,1.2453e+02,21496
44,1.2440e+02,20629
45,1.2428e+02,22332
46,1.2415e+02,20470
47,1.2403e+02,21225
48,1.2390e+02,21073
49,1.2378e+02,21196
50,1.2366e+02,19783
51,1.2353e+02,19898
52,1.2341e+02,21479
53,1.2329e+02,20089
54,1.2316e+02,21987
55,1.2304e+02,20666
56,1.2292e+02,21058
57,1.2279e+02,20525
58,1.2267e+02,22597
59,1.2255e+02,21220
60,1.2243e+02,21267
61,1.2230e+02,22115
62,1.2218e+02,21272
63,1.2206e+02,21758
64,1.2194e+02,23195
65,1.2181e+02,21262
66,1.2169e+02,20416
67,1.2157e+02,22062
68,1.2145e+02,22340
69,1.2133e+02,21799
70,1.2121e+02,21511
71,1.2109e+02,20875
72,1.2096e+02,19925
73,1.2084e+02,20437
74,1.2072e+02,19871
75,1.2060e+02,22340
76,1.2048e+02,19682
77,1.2036e+02,21718
78,1.2024e+02,19616
79,1.2012e+02,19185
80,1.2000e+02,22266
81,1.1988e+02,20542
82,1.1976e+02,21614
83,1.1964e+02,19553
84,1.1952e+02,21327
85,1.1940e+02,21094
86,1.1928e+02,19213
87,1.1916e+02,20754
88,1.1904e+02,21746
89,1.1892e+02,20727
90,1.1881e+02,22047
91,1.1869e+02,20576
92,1.1857e+02,21833
93,1.1845e+02,21654
94,1.1833e+02,21360
95,1.1821e+02,19125
96,1.1809e+02,20909
97,1.1798e+02,21563
98,1.1786e+02,19391
99,1.1774e+02,20844
100,1.1762e+02,20977
101,1.1751e+02,20509
102,1.1739e+02,21769
103,1.1727e+02,19655
104,1.1715e+02,20553
105,1.1704e+02,21473
106,1.1692e+02,19242
107,1.1680e+02,20921
108,1.1669e+02,20048
109,1.1657e+02,20707
110,1.1645e+02,21370
111,1.1634e+02,21476
112,1.1622e+02,21131
113,1.1610e+02,19445
114,1.1599e+02,20060
115,1.1587e+02,20553
116,1.1576e+02,19995
117,1.1564e+02,19232
118,1.1552e+02,20463
119,1.1541e+02,20054
120,1.1529e+02,18911
121,1.1518e+02,22159
122,1.1506e+02,20598
123,1.1495e+02,19017
124,1.1483e+02,23543
125,1.1472e+02,19735
126,1.1460e+02,20097
127,1.1449e+02,23051
128,1.1437e+02,20825
129,1.1426e+02,20477
130,1.1414e+02,20201
131,1.1403e+02,20813
132,1.1392e+02,20801
133,1.1380e+02,21791
134,1.1369e+02,20123
135,1.1358e+02,20689
136,1.1346e+02,19937
137,1.1335e+02,19478
138,1.1324e+02,20632
139,1.1312e+02,22133
140,1.1301e+02,21430
141,1.1290e+02,21644
142,1.1278e+02,21440
143,1.1267e+02,20977
144,1.1256e+02,21026
145,1.1244e+02,20847
146,1.1233e+02,19974
147,1.1222e+02,22800
148,1.1211e+02,19834
149,1.1200e+02,20724
150,1.1188e+02,19702
151,1.1177e+02,20627
152,1.1166e+02,20178
153,1.1155e+02,20056
154,1.1144e+02,20525
155,1.1133e+02,20401
156,1.1121e+02,20535
157,1.1110e+02,19585
158,1.1099e+02,20308
159,1.1088e+02,21463
160,1.1077e+02,19370
161,1.1066e+02,18622
162,1.1055e+02,20009
163,1.1044e+02,19073
164,1.1033e+02,22074
165,1.1022e+02,21161
166,1.1011e+02,20777
167,1.1000e+02,18272
168,1.0989e+02,19786
169,1.0978e+02,21013
170,1.0967e+02,20293
171,1.0956e+02,19648
172,1.0945e+02,19686
173,1.0934e+02,21065
174,1.0923e+02,19607
175,1.0912e+02,20351
176,1.0901e+02,19653
177,1.0890e+02,20285
178,1.0879e+02,20059
179,1.0868e+02,20392
180,1.0858e+02,20035
181,1.0847e+02,19799
182,1.0836e+02,17937
183,1.0825e+02,20335
184,1.0814e+02,20402
185,1.0803e+02,20962
186,1.0793e+02,20359
187,1.0782e+02,20755
188,1.0771e+02,20133
189,1.0760e+02,20633
190,1.0749e+02,20396
191,1.0739e+02,19087
192,1.0728e+02,21824
193,1.0717e+02,19545
194,1.0707e+02,19268
195,1.0696e+02,20201
196,1.0685e+02,19925
197,1.0674e+02,20177
198,1.0664e+02,20569
199,1.0653e+02,19007
200,1.0642e+02,19798
201,1.0632e+02,19783
202,1.0621e+02,20083
203,1.0611e+02,21087
204,1.0600e+02,20384
205,1.0589e+02,18431
206,1.0579e+02,21263
207,1.0568e+02,20876
208,1.0558e+02,21167
209,1.0547e+02,22249
210,1.0536e+02,20116
211,1.0526e+02,21759
212,1.0515e+02,20383
213,1.0505e+02,19138
214,1.0494e+02,20513
215,1.0484e+02,19551
216,1.0473e+02,19993
217,1.0463e+02,18813
218,1.0452e+02,20123
219,1.0442e+02,20724
220,1.0432e+02,20274
221,1.0421e+02,20868
222,1.0411e+02,20564
223,1.0400e+02,21738
224,1.0390e+02,20563
225,1.0380e+02,19352
226,1.0369e+02,20073
227,1.0359e+02,20735
228,1.0348e+02,21167
229,1.0338e+02,18871
230,1.0328e+02,19714
231,1.0317e+02,20077
232,1.0307e+02,20546
233,1.0297e+02,19378
234,1.0286e+02,19369
235,1.0276e+02,20503
236,1.0266e+02,21215
237,1.0256e+02,20812
238,1.0245e+02,21892
239,1.0235e+02,20514
240,1.0225e+02,21413
241,1.0215e+02,20103
242,1.0204e+02,20502
243,1.0194e+02,20826
244,1.0184e+02,20883
245,1.0174e+02,19672
246,1.0164e+02,19971
247,1.0154e+02,19527
248,1.0143e+02,19675
249,1.0133e+02,21002
250,1.0123e+02,18336
251,1.0113e+02,20557
252,1.0103e+02,19396
253,1.0093e+02,18689
254,1.0083e+02,19731
255,1.0073e+02,20225
256,1.0063e+02,20383
257,1.0052e+02,19219
258,1.0042e+02,19911
259,1.0032e+02,19168
260,1.0022e+02,20235
261,1.0012e+02,20396
262,1.0002e+02,19504
263,9.9923e+01,19680
264,9.9823e+01,19806
265,9.9724e+01,20252
266,9.9624e+01,19745
267,9.9524e+01,20129
268,9.9425e+01,21142
269,9.9325e+01,19488
270,9.9226e+01,19296
271,9.9127e+01,19883
272,9.9028e+01,20185
273,9.8929e+01,20929
274,9.8830e+01,19518
275,9.8731e+01,19745
276,9.8632e+01,20392
277,9.8533e+01,18322
278,9.8435e+01,21062
279,9.8336e+01,20443
280,9.8238e+01,20460
281,9.8140e+01,19433
282,9.8042e+01,19009
283,9.7944e+01,19136
284,9.7846e+01,19388
285,9.7748e+01,19993
286,9.7650e+01,21528
287,9.7553e+01,18877
288,9.7455e+01,20745
289,9.7358e+01,20389
290,9.7260e+01,20612
291,9.7163e+01,21003
292,9.7066e+01,20004
293,9.6969e+01,18406
294,9.6872e+01,20747
295,9.6775e+01,19389
296,9.6678e+01,19469
297,9.6581e+01,19981
298,9.6485e+01,17616
299,9.6388e+01,20263
300,9.6292e+01,18572
301,9.6196e+01,19719
302,9.6099e+01,19120
303,9.6003e+01,20168
304,9.5907e+01,19457
305,9.5811e+01,20374
306,9.5716e+01,20485
307,9.5620e+01,19872
308,9.5524e+01,19458
309,9.5429e+01,20060
310,9.5333e+01,19139
311,9.5238e+01,19615
312,9.5143e+01,19591
313,9.5048e+01,19987
314,9.4953e+01,20477
315,9.4858e+01,18658
316,9.4763e+01,19679
317,9.4668e+01,19856
318,9.4573e+01,20216
319,9.4479e+01,21734
320,9.4384e+01,20194
321,9.4290e+01,19885
322,9.4196e+01,19517
323,9.4101e+01,19292
324,9.4007e+01,19582
325,9.3913e+01,19503
326,9.3819e+01,19297
327,9.3726e+01,19062
328,9.3632e+01,19340
329,9.3538e+01,19487
330,9.3445e+01,19815
331,9.3351e+01,18970
332,9.3258e+01,19519
333,9.3165e+01,18188
334,9.3071e+01,19960
335,9.2978e+01,19975
336,9.2885e+01,18749
337,9.2793e+01,19712
338,9.2700e+01,18685
339,9.2607e+01,19563
340,9.2514e+01,19486
341,9.2422e+01,19861
342,9.2329e+01,20696
343,9.2237e+01,18637
344,9.2145e+01,19246
345,9.2053e+01,19716
346,9.1961e+01,19264
347,9.1869e+01,19500
348,9.1777e+01,21182
349,9.1685e+01,19475
350,9.1593e+01,18834
351,9.1502e+01,18863
352,9.1410e+01,19305
353,9.1319e+01,17966
354,9.1228e+01,17637
355,9.1136e+01,18162
356,9.1045e+01,19448
357,9.0954e+01,19493
358,9.0863e+01,19235
359,9.0772e+01,21041
360,9.0682e+01,19369
361,9.0591e+01,19447
362,9.0500e+01,19970
363,9.0410e+01,18776
364,9.0319e+01,19500
365,9.0229e+01,17844
366,9.0139e+01,19060
367,9.0049e+01,19791
368,8.9959e+01,18761
369,8.9869e+01,19939
370,8.9779e+01,18793
371,8.9689e+01,20799
372,8.9599e+01,19530
373,8.9510e+01,19546
374,8.9420e+01,19902
375,8.9331e+01,18836
376,8.9242e+01,19206
377,8.9152e+01,19274
378,8.9063e+01,19323
379,8.8974e+01,18504
380,8.8885e+01,18734
381,8.8796e+01,18885
382,8.8707e+01,18952
383,8.8619e+01,19005
384,8.8530e+01,18387
385,8.8442e+01,19011
386,8.8353e+01,17743
387,8.8265e+01,18342
388,8.8176e+01,19030
389,8.8088e+01,19414
390,8.8000e+01,20297
391,8.7912e+01,19774
392,8.7824e+01,19200
393,8.7736e+01,19387
394,8.7649e+01,19002
395,8.7561e+01,19501
396,8.7474e+01,19090
397,8.7386e+01,18750
398,8.7299e+01,18512
399,8.7211e+01,18743
400,8.7124e+01,17947
401,8.7037e+01,21138
402,8.6950e+01,19805
403,8.6863e+01,19386
404,8.6776e+01,17754
405,8.6689e+01,19831
406,8.6603e+01,19266
407,8.6516e+01,18408
408,8.6430e+01,17608
409,8.6343e+01,18606
410,8.6257e+01,19336
411,8.6171e+01,18753
412,8.6084e+01,20032
413,8.5998e+01,18423
414,8.5912e+01,19210
415,8.5826e+01,18880
416,8.5741e+01,19656
417,8.5655e+01,19276
418,8.5569e+01,19900
419,8.5484e+01,19253
420,8.5398e+01,20317
421,8.5313e+01,19426
422,8.5227e+01,20455
423,8.5142e+01,19551
424,8.5057e+01,17863
425,8.4972e+01,18850
426,8.4887e+01,18202
427,8.4802e+01,20346
428,8.4717e+01,19063
429,8.4633e+01,19313
430,8.4548e+01,19373
431,8.4463e+01,18742
432,8.4379e+01,18486
433,8.4295e+01,19838
434,8.4210e+01,19372
435,8.4126e+01,19293
436,8.4042e+01,18567
437,8.3958e+01,18178
438,8.3874e+01,19117
439,8.3790e+01,19271
440,8.3706e+01,17297
441,8.3623e+01,17424
442,8.3539e+01,19057
443,8.3455e+01,18306
444,8.3372e+01,18842
445,8.3289e+01,16346
446,8.3205e+01,18195
447,8.3122e+01,16572
448,8.3039e+01,18310
449,8.2956e+01,20513
450,8.2873e+01,17683
451,8.2790e+01,18163
452,8.2707e+01,19135
453,8.2625e+01,16619
454,8.2542e+01,19250
455,8.2459e+01,18606
456,8.2377e+01,18895
457,8.2295e+01,18863
458,8.2212e+01,19387
459,8.2130e+01,18927
460,8.2048e+01,17351
461,8.1966e+01,19672
462,8.1884e+01,18505
463,8.1802e+01,19553
464,8.1720e+01,18369
465,8.1639e+01,18987
466,8.1557e+01,18518
467,8.1475e+01,18814
468,8.1394e+01,18355
469,8.1313e+01,19524
470,8.1231e+01,19119
471,8.1150e+01,19312
472,8.1069e+01,17768
473,8.0988e+01,16715
474,8.0907e+01,17858
475,8.0826e+01,19260
476,8.0745e+01,18490
477,8.0664e+01,19324
478,8.0584e+01,17682
479,8.0503e+01,18190
480,8.0423e+01,18262
481,8.0342e+01,17231
482,8.0262e+01,18457
483,8.0181e+01,18200
484,8.0101e+01,18139
485,8.0021e+01,17393
486,7.9941e+01,17736
487,7.9861e+01,18898
488,7.9781e+01,18137
489,7.9702e+01,18200
490,7.9622e+01,18990
491,7.9542e+01,18837
492,7.9463e+01,17850
493,7.9383e+01,18620
494,7.9304e+01,17470
495,7.9225e+01,17690
496,7.9145e+01,17192
497,7.9066e+01,19750
498,7.8987e+01,18076
499,7.8908e+01,18997
500,7.8829e+01,17456
501,7.8750e+01,17875
502,7.8672e+01,17028
503,7.8593e+01,17061
504,7.8514e+01,18594
505,7.8436e+01,17782
506,7.8357e+01,18140
507,7.8279e+01,18051
508,7.8201e+01,17392
509,7.8123e+01,18666
510,7.8045e+01,19551
511,7.7966e+01,18202
512,7.7888e+01,19057
513,7.7811e+01,19300
514,7.7733e+01,18721
515,7.7655e+01,18143
516,7.7577e+01,17478
517,7.7500e+01,18121
518,7.7422e+01,17331
519,7.7345e+01,18413
520,7.7268e+01,18249
521,7.7190e+01,18834
522,7.7113e+01,18486
523,7.7036e+01,17452
524,7.6959e+01,18497
525,7.6882e+01,17414
526,7.6805e+01,17788
527,7.6728e+01,18409
528,7.6652e+01,16623
529,7.6575e+01,19089
530,7.6498e+01,17790
531,7.6422e+01,18621
532,7.6345e+01,17569
533,7.6269e+01,17489
534,7.6193e+01,18418
535,7.6117e+01,18259
536,7.6041e+01,17852
537,7.5964e+01,18582
538,7.5889e+01,18401
539,7.5813e+01,18911
540,7.5737e+01,17427
541,7.5661e+01,16569
542,7.5585e+01,17973
543,7.5510e+01,17399
544,7.5434e+01,16908
545,7.5359e+01,17119
546,7.5284e+01,18937
547,7.5208e+01,17393
548,7.5133e+01,18795
549,7.5058e+01,18259
550,7.4983e+01,18888
551,7.4908e+01,17043
552,7.4833e+01,17987
553,7.4758e+01,17134
554,7.4683e+01,17300
555,7.4609e+01,17940
556,7.4534e+01,17252
557,7.4460e+01,19110
558,7.4385e+01,17141
559,7.4311e+01,17462
560,7.4236e+01,15909
561,7.4162e+01,17943
562,7.4088e+01,18479
563,7.4014e+01,16904
564,7.3940e+01,17780
565,7.3866e+01,17548
566,7.3792e+01,17055
567,7.3718e+01,18451
568,7.3645e+01,17476
569,7.3571e+01,18368
570,7.3497e+01,17154
571,7.3424e+01,17908
572,7.3350e+01,18205
573,7.3277e+01,17439
574,7.3204e+01,18525
575,7.3131e+01,16642
576,7.3057e+01,17486
577,7.2984e+01,16795
578,7.2911e+01,18643
579,7.2839e+01,17602
580,7.2766e+01,17460
581,7.2693e+01,17631
582,7.2620e+01,18458
583,7.2548e+01,17544
584,7.2475e+01,17150
585,7.2403e+01,17020
586,7.2330e+01,18887
587,7.2258e+01,17816
588,7.2186e+01,16723
589,7.2113e+01,16633
590,7.2041e+01,19188
591,7.1969e+01,18146
592,7.1897e+01,19192
593,7.1825e+01,17148
594,7.1754e+01,18430
595,7.1682e+01,17546
596,7.1610e+01,17511
597,7.1538e+01,16888
598,7.1467e+01,17335
599,7.1395e+01,17484
600,7.1324e+01,18634
601,7.1253e+01,17244
602,7.1182e+01,18490
603,7.1110e+01,15810
604,7.1039e+01,18359
605,7.0968e+01,16394
606,7.0897e+01,16449
607,7.0826e+01,15264
608,7.0755e+01,15193
609,7.0685e+01,17465
610,7.0614e+01,17737
611,7.0543e+01,17420
612,7.0473e+01,16757
613,7.0402e+01,17237
614,7.0332e+01,18398
615,7.0262e+01,17890
616,7.0191e+01,17490
617,7.0121e+01,17083
618,7.0051e+01,16555
619,6.9981e+01,17223
620,6.9911e+01,16325
621,6.9841e+01,18279
622,6.9771e+01,16969
623,6.9702e+01,16847
624,6.9632e+01,17664
625,6.9562e+01,17826
626,6.9493e+01,18627
627,6.9423e+01,16839
628,6.9354e+01,17461
629,6.9284e+01,16872
630,6.9215e+01,17686
631,6.9146e+01,16962
632,6.9077e+01,17216
633,6.9008e+01,18076
634,6.8939e+01,16635
635,6.8870e+01,16104
636,6.8801e+01,16680
637,6.8732e+01,17158
638,6.8663e+01,17539
639,6.8595e+01,15846
640,6.8526e+01,16219
641,6.8458e+01,16366
642,6.8389e+01,17148
643,6.8321e+01,16552
644,6.8252e+01,16537
645,6.8184e+01,16797
646,6.8116e+01,17276
647,6.8048e+01,16417
648,6.7980e+01,16353
649,6.7912e+01,16782
650,6.7844e+01,17471
651,6.7776e+01,16772
652,6.7708e+01,15908
653,6.7641e+01,16528
654,6.7573e+01,16677
655,6.7505e+01,17715
656,6.7438e+01,17804
657,6.7370e+01,17500
658,6.7303e+01,16138
659,6.7236e+01,17315
660,6.7168e+01,16777
661,6.7101e+01,16095
662,6.7034e+01,15510
663,6.6967e+01,17571
664,6.6900e+01,17801
665,6.6833e+01,16796
666,6.6766e+01,16083
667,6.6700e+01,17115
668,6.6633e+01,17204
669,6.6566e+01,16696
670,6.6500e+01,18172
671,6.6433e+01,16990
672,6.6367e+01,16833
673,6.6301e+01,15706
674,6.6234e+01,16667
675,6.6168e+01,16821
676,6.6102e+01,16573
677,6.6036e+01,17815
678,6.5970e+01,17146
679,6.5904e+01,15833
680,6.5838e+01,16614
681,6.5772e+01,17366
682,6.5706e+01,16253
683,6.5640e+01,15765
684,6.5575e+01,16468
685,6.5509e+01,15807
686,6.5444e+01,16887
687,6.5378e+01,14872
688,6.5313e+01,16200
689,6.5248e+01,15781
690,6.5182e+01,16288
691,6.5117e+01,17680
692,6.5052e+01,16461
693,6.4987e+01,15897
694,6.4922e+01,16845
695,6.4857e+01,16408
696,6.4792e+01,16801
697,6.4727e+01,16177
698,6.4663e+01,16555
699,6.4598e+01,16440
700,6.4533e+01,16616
701,6.4469e+01,16130
702,6.4404e+01,16524
703,6.4340e+01,16981
704,6.4276e+01,17917
705,6.4211e+01,16954
706,6.4147e+01,15773
707,6.4083e+01,16853
708,6.4019e+01,16591
709,6.3955e+01,15505
710,6.3891e+01,16743
711,6.3827e+01,16549
712,6.3763e+01,16788
713,6.3700e+01,17572
714,6.3636e+01,15410
715,6.3572e+01,17739
716,6.3509e+01,15707
717,6.3445e+01,16162
718,6.3382e+01,15829
719,6.3318e+01,15964
720,6.3255e+01,16977
721,6.3192e+01,16153
722,6.3129e+01,16796
723,6.3065e+01,16216
724,6.3002e+01,16040
725,6.2939e+01,15529
726,6.2876e+01,17343
727,6.2814e+01,15528
728,6.2751e+01,16054
729,6.2688e+01,15358
730,6.2625e+01,16983
731,6.2563e+01,16464
732,6.2500e+01,15575
733,6.2438e+01,16955
734,6.2375e+01,16058
735,6.2313e+01,17358
736,6.2250e+01,15690
737,6.2188e+01,16355
738,6.2126e+01,17081
739,6.2064e+01,16539
740,6.2002e+01,16586
741,6.1940e+01,16188
742,6.1878e+01,16186
743,6.1816e+01,16577
744,6.1754e+01,16769
745,6.1692e+01,16244
746,6.1631e+01,14987
747,6.1569e+01,16542
748,6.1508e+01,17665
749,6.1446e+01,16033
750,6.1385e+01,15978
751,6.1323e+01,16063
752,6.1262e+01,16062
753,6.1201e+01,15897
754,6.1139e+01,16390
755,6.1078e+01,16637
756,6.1017e+01,16868
757,6.0956e+01,16584
758,6.0895e+01,15702
759,6.0834e+01,15141
760,6.0774e+01,14859
761,6.0713e+01,16351
762,6.0652e+01,17343
763,6.0591e+01,16576
764,6.0531e+01,16265
765,6.0470e+01,15510
766,6.0410e+01,15969
767,6.0349e+01,15861
768,6.0289e+01,16134
769,6.0229e+01,15617
770,6.0169e+01,16848
771,6.0108e+01,14716
772,6.0048e+01,16305
773,5.9988e+01,15211
774,5.9928e+01,16738
775,5.9868e+01,16006
776,5.9808e+01,16190
777,5.9749e+01,15707
778,5.9689e+01,16612
779,5.9629e+01,16191
780,5.9570e+01,15430
781,5.9510e+01,16162
782,5.9450e+01,15471
783,5.9391e+01,16545
784,5.9332e+01,15477
785,5.9272e+01,16772
786,5.9213e+01,16754
787,5.9154e+01,15334
788,5.9095e+01,16486
789,5.9036e+01,16500
790,5.8977e+01,15028
791,5.8918e+01,16430
792,5.8859e+01,15525
793,5.8800e+01,14841
794,5.8741e+01,14372
795,5.8682e+01,14843
796,5.8624e+01,15963
797,5.8565e+01,16160
798,5.8506e+01,16027
799,5.8448e+01,15518
800,5.8389e+01,17115
801,5.8331e+01,16117
802,5.8273e+01,17171
803,5.8214e+01,15263
804,5.8156e+01,15601
805,5.8098e+01,15764
806,5.8040e+01,15676
807,5.7982e+01,16149
808,5.7924e+01,16880
809,5.7866e+01,16025
810,5.7808e+01,14568
811,5.7750e+01,17073
812,5.7693e+01,16260
813,5.7635e+01,17297
814,5.7577e+01,15022
815,5.7520e+01,14468
816,5.7462e+01,15518
817,5.7405e+01,15587
818,5.7347e+01,15664
819,5.7290e+01,15721
820,5.7233e+01,16365
821,5.7175e+01,16372
822,5.7118e+01,16639
823,5.7061e+01,14985
824,5.7004e+01,15390
825,5.6947e+01,15308
826,5.6890e+01,15217
827,5.6833e+01,15627
828,5.6776e+01,15582
829,5.6720e+01,15455
830,5.6663e+01,14735
831,5.6606e+01,15504
832,5.6550e+01,15337
833,5.6493e+01,16463
834,5.6437e+01,13499
835,5.6380e+01,16114
836,5.6324e+01,15744
837,5.6267e+01,15929
838,5.6211e+01,14762
839,5.6155e+01,15549
840,5.6099e+01,15373
841,5.6043e+01,15840
842,5.5987e+01,15503
843,5.5931e+01,16343
844,5.5875e+01,16766
845,5.5819e+01,16669
846,5.5763e+01,14746
847,5.5707e+01,15866
848,5.5652e+01,15927
849,5.5596e+01,15624
850,5.5540e+01,15385
851,5.5485e+01,16701
852,5.5429e+01,16540
853,5.5374e+01,15480
854,5.5318e+01,15697
855,5.5263e+01,15272
856,5.5208e+01,15296
857,5.5153e+01,14960
858,5.5098e+01,14966
859,5.5042e+01,15078
860,5.4987e+01,15159
861,5.4932e+01,14288
862,5.4877e+01,14909
863,5.4823e+01,16124
864,5.4768e+01,15148
865,5.4713e+01,14620
866,5.4658e+01,13663
867,5.4604e+01,15103
868,5.4549e+01,14818
869,5.4494e+01,15967
870,5.4440e+01,15595
871,5.4386e+01,14793
872,5.4331e+01,14765
873,5.4277e+01,15192
874,5.4223e+01,15205
875,5.4168e+01,15717
876,5.4114e+01,14940
877,5.4060e+01,15880
878,5.4006e+01,15438
879,5.3952e+01,15188
880,5.3898e+01,14643
881,5.3844e+01,14567
882,5.3790e+01,15434
883,5.3737e+01,14611
884,5.3683e+01,15194
885,5.3629e+01,14466
886,5.3575e+01,14981
887,5.3522e+01,14765
888,5.3468e+01,15652
889,5.3415e+01,14156
890,5.3361e+01,14420
891,5.3308e+01,14670
892,5.3255e+01,14618
893,5.3202e+01,15019
894,5.3148e+01,15396
895,5.3095e+01,14703
896,5.3042e+01,14571
897,5.2989e+01,14239
898,5.2936e+01,14184
899,5.2883e+01,13940
900,5.2830e+01,14823
901,5.2777e+01,15666
902,5.2725e+01,14865
903,5.2672e+01,14979
904,5.2619e+01,16055
905,5.2567e+01,14544
906,5.2514e+01,15243
907,5.2462e+01,15085
908,5.2409e+01,15345
909,5.2357e+01,15361
910,5.2304e+01,15027
911,5.2252e+01,14400
912,5.2200e+01,14670
913,5.2148e+01,15253
914,5.2095e+01,16287
915,5.2043e+01,15962
916,5.1991e+01,14316
917,5.1939e+01,15022
918,5.1887e+01,13990
919,5.1835e+01,13613
920,5.1784e+01,14375
921,5.1732e+01,15139
922,5.1680e+01,14664
923,5.1628e+01,15254
924,5.1577e+01,14288
925,5.1525e+01,15917
926,5.1474e+01,14237
927,5.1422e+01,13708
928,5.1371e+01,15030
929,5.1319e+01,14868
930,5.1268e+01,15393
931,5.1217e+01,14737
932,5.1166e+01,13511
933,5.1114e+01,15931
934,5.1063e+01,15065
935,5.1012e+01,14332
936,5.0961e+01,14922
937,5.0910e+01,14735
938,5.0859e+01,15581
939,5.0809e+01,13762
940,5.0758e+01,14866
941,5.0707e+01,15280
942,5.0656e+01,14194
943,5.0606e+01,14389
944,5.0555e+01,13671
945,5.0504e+01,14723
946,5.0454e+01,15098
947,5.0404e+01,13803
948,5.0353e+01,13996
949,5.0303e+01,14740
950,5.0252e+01,14690
951,5.0202e+01,15548
952,5.0152e+01,14702
953,5.0102e+01,13875
954,5.0052e+01,13163
955,5.0002e+01,14445
956,4.9952e+01,13252
957,4.9902e+01,14774
958,4.9852e+01,15274
959,4.9802e+01,14127
960,4.9752e+01,13874
961,4.9702e+01,13651
962,4.9653e+01,14693
963,4.9603e+01,13083
964,4.9553e+01,14247
965,4.9504e+01,14266
966,4.9454e+01,14424
967,4.9405e+01,14593
968,4.9356e+01,14528
969,4.9306e+01,14356
970,4.9257e+01,13763
971,4.9208e+01,14442
972,4.9158e+01,14008
973,4.9109e+01,14472
974,4.9060e+01,15319
975,4.9011e+01,13671
976,4.8962e+01,13158
977,4.8913e+01,15288
978,4.8864e+01,13474
979,4.8815e+01,13780
980,4.8767e+01,16056
981,4.8718e+01,13807
982,4.8669e+01,14465
983,4.8620e+01,13691
984,4.8572e+01,13965
985,4.8523e+01,14801
986,4.8475e+01,13440
987,4.8426e+01,14968
988,4.8378e+01,14221
989,4.8329e+01,15285
990,4.8281e+01,14183
991,4.8233e+01,14226
992,4.8185e+01,15058
993,4.8136e+01,14703
994,4.8088e+01,14440
995,4.8040e+01,13901
996,4.7992e+01,14306
997,4.7944e+01,14018
998,4.7896e+01,12912
999,4.7848e+01,13568
1000,4.7800e+01,13157
1001,4.7753e+01,14759
1002,4.7705e+01,15101
1003,4.7657e+01,13529
1004,4.7609e+01,14562
1005,4.7562e+01,14463
1006,4.7514e+01,14439
1007,4.7467e+01,13776
1008,4.7419e+01,13931
1009,4.7372e+01,14672
1010,4.7325e+01,15346
1011,4.7277e+01,13761
1012,4.7230e+01,14354
1013,4.7183e+01,12833
1014,4.7136e+01,14581
1015,4.7088e+01,14049
1016,4.7041e+01,13604
1017,4.6994e+01,13620
1018,4.6947e+01,13907
1019,4.6900e+01,13399
1020,4.6853e+01,13584
1021,4.6807e+01,13298
1022,4.6760e+01,13816
1023,4.6713e+01,13421
1024,4.6666e+01,13761
1025,4.6620e+01,13737
1026,4.6573e+01,12545
1027,4.6526e+01,13268
1028,4.6480e+01,13639
1029,4.6433e+01,13986
1030,4.6387e+01,13731
1031,4.6341e+01,13025
1032,4.6294e+01,13266
1033,4.6248e+01,13566
1034,4.6202e+01,14784
1035,4.6156e+01,13834
1036,4.6109e+01,13024
1037,4.6063e+01,13644
1038,4.6017e+01,13991
1039,4.5971e+01,13263
1040,4.5925e+01,12889
1041,4.5879e+01,13759
1042,4.5833e+01,13705
1043,4.5788e+01,13448
1044,4.5742e+01,13914
1045,4.5696e+01,11964
1046,4.5650e+01,12982
1047,4.5605e+01,14210
1048,4.5559e+01,14318
1049,4.5514e+01,12844
1050,4.5468e+01,14900
1051,4.5423e+01,13880
1052,4.5377e+01,14300
1053,4.5332e+01,12295
1054,4.5286e+01,14159
1055,4.5241e+01,12952
1056,4.5196e+01,13665
1057,4.5151e+01,13352
1058,4.5106e+01,13588
1059,4.5060e+01,13321
1060,4.5015e+01,13085
1061,4.4970e+01,12921
1062,4.4925e+01,13906
1063,4.4880e+01,13589
1064,4.4836e+01,13984
1065,4.4791e+01,14179
1066,4.4746e+01,12958
1067,4.4701e+01,13217
1068,4.4657e+01,13733
1069,4.4612e+01,13883
1070,4.4567e+01,13199
1071,4.4523e+01,12690
1072,4.4478e+01,13073
1073,4.4434e+01,12424
1074,4.4389e+01,13134
1075,4.4345e+01,13076
1076,4.4301e+01,13531
1077,4.4256e+01,12931
1078,4.4212e+01,13708
1079,4.4168e+01,13870
1080,4.4124e+01,12186
1081,4.4079e+01,14186
1082,4.4035e+01,13180
1083,4.3991e+01,12927
1084,4.3947e+01,12893
1085,4.3903e+01,13544
1086,4.3859e+01,14132
1087,4.3816e+01,13773
1088,4.3772e+01,13200
1089,4.3728e+01,13480
1090,4.3684e+01,12663
1091,4.3641e+01,12101
1092,4.3597e+01,13732
1093,4.3553e+01,14370
1094,4.3510e+01,13432
1095,4.3466e+01,12596
1096,4.3423e+01,13111
1097,4.3379e+01,12717
1098,4.3336e+01,12396
1099,4.3293e+01,11262
1100,4.3249e+01,12587
1101,4.3206e+01,12429
1102,4.3163e+01,12687
1103,4.3120e+01,13091
1104,4.3077e+01,13730
1105,4.3034e+01,13255
1106,4.2991e+01,12639
1107,4.2948e+01,12824
1108,4.2905e+01,12577
1109,4.2862e+01,12768
1110,4.2819e+01,12807
1111,4.2776e+01,13752
1112,4.2733e+01,12735
1113,4.2691e+01,12839
1114,4.2648e+01,13469
1115,4.2605e+01,12863
1116,4.2563e+01,13470
1117,4.2520e+01,12942
1118,4.2478e+01,12891
1119,4.2435e+01,14146
1120,4.2393e+01,13577
1121,4.2350e+01,13649
1122,4.2308e+01,13015
1123,4.2266e+01,12264
1124,4.2223e+01,13736
1125,4.2181e+01,13182
1126,4.2139e+01,14053
1127,4.2097e+01,12898
1128,4.2055e+01,14128
1129,4.2013e+01,12853
1130,4.1971e+01,14141
1131,4.1929e+01,12371
1132,4.1887e+01,12708
1133,4.1845e+01,14211
1134,4.1803e+01,12651
1135,4.1761e+01,12928
1136,4.1719e+01,11365
1137,4.1678e+01,12532
1138,4.1636e+01,13117
1139,4.1594e+01,13712
1140,4.1553e+01,12608
1141,4.1511e+01,13176
1142,4.1470e+01,12207
1143,4.1428e+01,12767
1144,4.1387e+01,12520
1145,4.1345e+01,12450
1146,4.1304e+01,12501
1147,4.1263e+01,12416
1148,4.1222e+01,12111
1149,4.1180e+01,12653
1150,4.1139e+01,13965
1151,4.1098e+01,12574
1152,4.1057e+01,12264
1153,4.1016e+01,13643
1154,4.0975e+01,12410
1155,4.0934e+01,12978
1156,4.0893e+01,12226
1157,4.0852e+01,12691
1158,4.0811e+01,13063
1159,4.0770e+01,12308
1160,4.0730e+01,12354
1161,4.0689e+01,12931
1162,4.0648e+01,12646
1163,4.0607e+01,12169
1164,4.0567e+01,12262
1165,4.0526e+01,12828
1166,4.0486e+01,13685
1167,4.0445e+01,12335
1168,4.0405e+01,12307
1169,4.0364e+01,12097
1170,4.0324e+01,12348
1171,4.0284e+01,12592
1172,4.0243e+01,12280
1173,4.0203e+01,12477
1174,4.0163e+01,11915
1175,4.0123e+01,12374
1176,4.0083e+01,11771
1177,4.0043e+01,11677
1178,4.0003e+01,13145
1179,3.9963e+01,12471
1180,3.9923e+01,12488
1181,3.9883e+01,13113
1182,3.9843e+01,12480
1183,3.9803e+01,12292
1184,3.9763e+01,11284
1185,3.9723e+01,12722
1186,3.9684e+01,13378
1187,3.9644e+01,12903
1188,3.9604e+01,12468
1189,3.9565e+01,10963
1190,3.9525e+01,12812
1191,3.9486e+01,10904
1192,3.9446e+01,12639
1193,3.9407e+01,12706
1194,3.9367e+01,12807
1195,3.9328e+01,12709
1196,3.9289e+01,12185
1197,3.9249e+01,12644
1198,3.9210e+01,12215
1199,3.9171e+01,12044
1200,3.9132e+01,11637
1201,3.9093e+01,11955
1202,3.9054e+01,11937
1203,3.9014e+01,12123
1204,3.8975e+01,11721
1205,3.8936e+01,12469
1206,3.8898e+01,12050
1207,3.8859e+01,12648
1208,3.8820e+01,12150
1209,3.8781e+01,11254
1210,3.8742e+01,12520
1211,3.8703e+01,11876
1212,3.8665e+01,11240
1213,3.8626e+01,11670
1214,3.8587e+01,11663
1215,3.8549e+01,12079
1216,3.8510e+01,12828
1217,3.8472e+01,12248
1218,3.8433e+01,13159
1219,3.8395e+01,12009
1220,3.8357e+01,12034
1221,3.8318e+01,11699
1222,3.8280e+01,12811
1223,3.8242e+01,12297
1224,3.8203e+01,12419
1225,3.8165e+01,12614
1226,3.8127e+01,11019
1227,3.8089e+01,11037
1228,3.8051e+01,12051
1229,3.8013e+01,12122
1230,3.7975e+01,11317
1231,3.7937e+01,11837
1232,3.7899e+01,12370
1233,3.7861e+01,12688
1234,3.7823e+01,11956
1235,3.7785e+01,12254
1236,3.7747e+01,12072
1237,3.7710e+01,11535
1238,3.7672e+01,12756
1239,3.7634e+01,12155
1240,3.7597e+01,12143
1241,3.7559e+01,12209
1242,3.7521e+01,12661
1243,3.7484e+01,12131
1244,3.7446e+01,11943
1245,3.7409e+01,12772
1246,3.7372e+01,11233
1247,3.7334e+01,11223
1248,3.7297e+01,11462
1249,3.7260e+01,12073
1250,3.7222e+01,12707
1251,3.7185e+01,11669
1252,3.7148e+01,11158
1253,3.7111e+01,11299
1254,3.7074e+01,11394
1255,3.7037e+01,10314
1256,3.7000e+01,10985
1257,3.6963e+01,11352
1258,3.6926e+01,11189
1259,3.6889e+01,12147
1260,3.6852e+01,11781
1261,3.6815e+01,12316
1262,3.6778e+01,11728
1263,3.6741e+01,12399
1264,3.6705e+01,12288
1265,3.6668e+01,12279
1266,3.6631e+01,11094
1267,3.6595e+01,10759
1268,3.6558e+01,11501
1269,3.6521e+01,13272
1270,3.6485e+01,11724
1271,3.6448e+01,11135
1272,3.6412e+01,10939
1273,3.6376e+01,11421
1274,3.6339e+01,11379
1275,3.6303e+01,11620
1276,3.6267e+01,10083
1277,3.6230e+01,10408
1278,3.6194e+01,11877
1279,3.6158e+01,12031
1280,3.6122e+01,12130
1281,3.6086e+01,11945
1282,3.6050e+01,11093
1283,3.6013e+01,10887
1284,3.5977e+01,11202
1285,3.5941e+01,10990
1286,3.5906e+01,11564
1287,3.5870e+01,10948
1288,3.5834e+01,12189
1289,3.5798e+01,11580
1290,3.5762e+01,11215
1291,3.5726e+01,12133
1292,3.5691e+01,12234
1293,3.5655e+01,11643
1294,3.5619e+01,11395
1295,3.5584e+01,11335
1296,3.5548e+01,11263
1297,3.5513e+01,11260
1298,3.5477e+01,10809
1299,3.5442e+01,9873
1300,3.5406e+01,11279
1301,3.5371e+01,11405
1302,3.5335e+01,10601
1303,3.5300e+01,11611
1304,3.5265e+01,11865
1305,3.5229e+01,11733
1306,3.5194e+01,10951
1307,3.5159e+01,10326
1308,3.5124e+01,10710
1309,3.5089e+01,11239
1310,3.5054e+01,10591
1311,3.5019e+01,11619
1312,3.4984e+01,11552
1313,3.4949e+01,10837
1314,3.4914e+01,10250
1315,3.4879e+01,10659
1316,3.4844e+01,11055
1317,3.4809e+01,11432
1318,3.4774e+01,10804
1319,3.4739e+01,11574
1320,3.4705e+01,11509
1321,3.4670e+01,11269
1322,3.4635e+01,10399
1323,3.4601e+01,10601
1324,3.4566e+01,11516
1325,3.4531e+01,10824
1326,3.4497e+01,10929
1327,3.4462e+01,11732
1328,3.4428e+01,11058
1329,3.4394e+01,11439
1330,3.4359e+01,10320
1331,3.4325e+01,11091
1332,3.4290e+01,11144
1333,3.4256e+01,11204
1334,3.4222e+01,11417
1335,3.4188e+01,11094
1336,3.4154e+01,10434
1337,3.4119e+01,12073
1338,3.4085e+01,11479
1339,3.4051e+01,10928
1340,3.4017e+01,10966
1341,3.3983e+01,11329
1342,3.3949e+01,12004
1343,3.3915e+01,10770
1344,3.3881e+01,11171
1345,3.3847e+01,10547
1346,3.3814e+01,9801
1347,3.3780e+01,10871
1348,3.3746e+01,11577
1349,3.3712e+01,11639
1350,3.3678e+01,10851
1351,3.3645e+01,10970
1352,3.3611e+01,11216
1353,3.3578e+01,10544
1354,3.3544e+01,11121
1355,3.3510e+01,11569
1356,3.3477e+01,10789
1357,3.3443e+01,10619
1358,3.3410e+01,10426
1359,3.3377e+01,10501
1360,3.3343e+01,11152
1361,3.3310e+01,11178
1362,3.3277e+01,11552
1363,3.3243e+01,11601
1364,3.3210e+01,10030
1365,3.3177e+01,11138
1366,3.3144e+01,11048
1367,3.3111e+01,11151
1368,3.3077e+01,10356
1369,3.3044e+01,9622
1370,3.3011e+01,9983
1371,3.2978e+01,10143
1372,3.2945e+01,11279
1373,3.2912e+01,10589
1374,3.2879e+01,9696
1375,3.2847e+01,10496
1376,3.2814e+01,9928
1377,3.2781e+01,11380
1378,3.2748e+01,10885
1379,3.2715e+01,10224
1380,3.2683e+01,10035
1381,3.2650e+01,10460
1382,3.2617e+01,10026
1383,3.2585e+01,9947
1384,3.2552e+01,10516
1385,3.2520e+01,10818
1386,3.2487e+01,10295
1387,3.2455e+01,11606
1388,3.2422e+01,11350
1389,3.2390e+01,10931
1390,3.2357e+01,9902
1391,3.2325e+01,10696
1392,3.2293e+01,10340
1393,3.2260e+01,11202
1394,3.2228e+01,10983
1395,3.2196e+01,11031
1396,3.2164e+01,10594
1397,3.2131e+01,10002
1398,3.2099e+01,9646
1399,3.2067e+01,9380
1400,3.2035e+01,10149
1401,3.2003e+01,10851
1402,3.1971e+01,12177
1403,3.1939e+01,10516
1404,3.1907e+01,9957
1405,3.1875e+01,10362
1406,3.1843e+01,10377
1407,3.1812e+01,10954
1408,3.1780e+01,10520
1409,3.1748e+01,10212
1410,3.1716e+01,10018
1411,3.1685e+01,10545
1412,3.1653e+01,10347
1413,3.1621e+01,10324
1414,3.1590e+01,9790
1415,3.1558e+01,9103
1416,3.1526e+01,10346
1417,3.1495e+01,10464
1418,3.1463e+01,10426
1419,3.1432e+01,9743
1420,3.1401e+01,10071
1421,3.1369e+01,10065
1422,3.1338e+01,10088
1423,3.1306e+01,10618
1424,3.1275e+01,10133
1425,3.1244e+01,10683
1426,3.1213e+01,10467
1427,3.1181e+01,10828
1428,3.1150e+01,11369
1429,3.1119e+01,10999
1430,3.1088e+01,10588
1431,3.1057e+01,9998
1432,3.1026e+01,9228
1433,3.0995e+01,9503
1434,3.0964e+01,9978
1435,3.0933e+01,9685
1436,3.0902e+01,9192
1437,3.0871e+01,9884
1438,3.0840e+01,9840
1439,3.0809e+01,9773
1440,3.0778e+01,10446
1441,3.0748e+01,9523
1442,3.0717e+01,10279
1443,3.0686e+01,10592
1444,3.0655e+01,10354
1445,3.0625e+01,10112
1446,3.0594e+01,10401
1447,3.0564e+01,9678
1448,3.0533e+01,9016
1449,3.0503e+01,8847
1450,3.0472e+01,9131
1451,3.0442e+01,10476
1452,3.0411e+01,10661
1453,3.0381e+01,10245
1454,3.0350e+01,10361
1455,3.0320e+01,9824
1456,3.0290e+01,9462
1457,3.0259e+01,9968
1458,3.0229e+01,10342
1459,3.0199e+01,10004
1460,3.0169e+01,9869
1461,3.0139e+01,10560
1462,3.0108e+01,10330
1463,3.0078e+01,9937
1464,3.0048e+01,10450
1465,3.0018e+01,10681
1466,2.9988e+01,9663
1467,2.9958e+01,8989
1468,2.9928e+01,9750
1469,2.9898e+01,10583
1470,2.9868e+01,10096
1471,2.9838e+01,9785
1472,2.9809e+01,9346
1473,2.9779e+01,9195
1474,2.9749e+01,9657
1475,2.9719e+01,9626
1476,2.9690e+01,9764
1477,2.9660e+01,10681
1478,2.9630e+01,9262
1479,2.9601e+01,9304
1480,2.9571e+01,9487
1481,2.9541e+01,9413
1482,2.9512e+01,10202
1483,2.9482e+01,9492
1484,2.9453e+01,9000
1485,2.9423e+01,9268
1486,2.9394e+01,9765
1487,2.9365e+01,9022
1488,2.9335e+01,9447
1489,2.9306e+01,9698
1490,2.9277e+01,9223
1491,2.9247e+01,9295
1492,2.9218e+01,9626
1493,2.9189e+01,9474
1494,2.9160e+01,9391
1495,2.9131e+01,9589
1496,2.9101e+01,9767
1497,2.9072e+01,8609
1498,2.9043e+01,8758
1499,2.9014e+01,9021
1500,2.8985e+01,9790
1501,2.8956e+01,9548
1502,2.8927e+01,9526
1503,2.8898e+01,9900
1504,2.8869e+01,9899
1505,2.8841e+01,10271
1506,2.8812e+01,10004
1507,2.8783e+01,9417
1508,2.8754e+01,9707
1509,2.8725e+01,9961
1510,2.8697e+01,10236
1511,2.8668e+01,10328
1512,2.8639e+01,9952
1513,2.8611e+01,10356
1514,2.8582e+01,9589
1515,2.8553e+01,9103
1516,2.8525e+01,9525
1517,2.8496e+01,9649
1518,2.8468e+01,8948
1519,2.8439e+01,9165
1520,2.8411e+01,8832
1521,2.8383e+01,8952
1522,2.8354e+01,9051
1523,2.8326e+01,9478
1524,2.8297e+01,9596
1525,2.8269e+01,9697
1526,2.8241e+01,8944
1527,2.8213e+01,9260
1528,2.8184e+01,9280
1529,2.8156e+01,8975
1530,2.8128e+01,9544
1531,2.8100e+01,9352
1532,2.8072e+01,9344
1533,2.8044e+01,8902
1534,2.8016e+01,8709
1535,2.7988e+01,8758
1536,2.7960e+01,9166
1537,2.7932e+01,9321
1538,2.7904e+01,9641
1539,2.7876e+01,9668
1540,2.7848e+01,9429
1541,2.7820e+01,9712
1542,2.7792e+01,9947
1543,2.7765e+01,9538
1544,2.7737e+01,9814
1545,2.7709e+01,9201
1546,2.7681e+01,9050
1547,2.7654e+01,9934
1548,2.7626e+01,8924
1549,2.7598e+01,9540
1550,2.7571e+01,8820
1551,2.7543e+01,8789
1552,2.7516e+01,8721
1553,2.7488e+01,9647
1554,2.7461e+01,10088
1555,2.7433e+01,9609
1556,2.7406e+01,9516
1557,2.7378e+01,9546
1558,2.7351e+01,10235
1559,2.7324e+01,10148
1560,2.7296e+01,9658
1561,2.7269e+01,9346
1562,2.7242e+01,9062
1563,2.7215e+01,9760
1564,2.7187e+01,8749
1565,2.7160e+01,9665
1566,2.7133e+01,9398
1567,2.7106e+01,9213
1568,2.7079e+01,9185
1569,2.7052e+01,9724
1570,2.7025e+01,9448
1571,2.6998e+01,9030
1572,2.6971e+01,9465
1573,2.6944e+01,9337
1574,2.6917e+01,8977
1575,2.6890e+01,9124
1576,2.6863e+01,8644
1577,2.6836e+01,9324
1578,2.6809e+01,8704
1579,2.6782e+01,7970
1580,2.6756e+01,8180
1581,2.6729e+01,8363
1582,2.6702e+01,9095
1583,2.6675e+01,8876
1584,2.6649e+01,8355
1585,2.6622e+01,8433
1586,2.6595e+01,8755
1587,2.6569e+01,9118
1588,2.6542e+01,9797
1589,2.6516e+01,9390
1590,2.6489e+01,8684
1591,2.6463e+01,8681
1592,2.6436e+01,8790
1593,2.6410e+01,8655
1594,2.6383e+01,8635
1595,2.6357e+01,8533
1596,2.6331e+01,10006
1597,2.6304e+01,9459
1598,2.6278e+01,8887
1599,2.6252e+01,8466
1600,2.6226e+01,7981
1601,2.6199e+01,8345
1602,2.6173e+01,8831
1603,2.6147e+01,8898
1604,2.6121e+01,8736
1605,2.6095e+01,8964
1606,2.6069e+01,8364
1607,2.6043e+01,8221
1608,2.6016e+01,8118
1609,2.5990e+01,8168
1610,2.5964e+01,8610
1611,2.5939e+01,8255
1612,2.5913e+01,8239
1613,2.5887e+01,8386
1614,2.5861e+01,9107
1615,2.5835e+01,8651
1616,2.5809e+01,8670
1617,2.5783e+01,9023
1618,2.5757e+01,8044
1619,2.5732e+01,8410
1620,2.5706e+01,8683
1621,2.5680e+01,8321
1622,2.5655e+01,8589
1623,2.5629e+01,8197
1624,2.5603e+01,9004
1625,2.5578e+01,8893
1626,2.5552e+01,8826
1627,2.5527e+01,9287
1628,2.5501e+01,8807
1629,2.5476e+01,9739
1630,2.5450e+01,8920
1631,2.5425e+01,8340
1632,2.5399e+01,8987
1633,2.5374e+01,8969
1634,2.5348e+01,9146
1635,2.5323e+01,8941
1636,2.5298e+01,8402
1637,2.5272e+01,9261
1638,2.5247e+01,8121
1639,2.5222e+01,7545
1640,2.5197e+01,8491
1641,2.5172e+01,8530
1642,2.5146e+01,8471
1643,2.5121e+01,7880
1644,2.5096e+01,8455
1645,2.5071e+01,8975
1646,2.5046e+01,8855
1647,2.5021e+01,8901
1648,2.4996e+01,8912
1649,2.4971e+01,8709
1650,2.4946e+01,8059
1651,2.4921e+01,8181
1652,2.4896e+01,8527
1653,2.4871e+01,8641
1654,2.4846e+01,8726
1655,2.4821e+01,8503
1656,2.4797e+01,7782
1657,2.4772e+01,8082
1658,2.4747e+01,8256
1659,2.4722e+01,7985
1660,2.4698e+01,7577
1661,2.4673e+01,8377
1662,2.4648e+01,8986
1663,2.4624e+01,8811
1664,2.4599e+01,8963
1665,2.4574e+01,8464
1666,2.4550e+01,8121
1667,2.4525e+01,8065
1668,2.4501e+01,8232
1669,2.4476e+01,8099
1670,2.4452e+01,8358
1671,2.4427e+01,8247
1672,2.4403e+01,7979
1673,2.4378e+01,8210
1674,2.4354e+01,8186
1675,2.4330e+01,8839
1676,2.4305e+01,8373
1677,2.4281e+01,7434
1678,2.4257e+01,8022
1679,2.4232e+01,8254
1680,2.4208e+01,8452
1681,2.4184e+01,7721
1682,2.4160e+01,8203
1683,2.4136e+01,8031
1684,2.4112e+01,7660
1685,2.4087e+01,7842
1686,2.4063e+01,7954
1687,2.4039e+01,7476
1688,2.4015e+01,8235
1689,2.3991e+01,8253
1690,2.3967e+01,8210
1691,2.3943e+01,7574
1692,2.3919e+01,7636
1693,2.3895e+01,8172
1694,2.3872e+01,8107
1695,2.3848e+01,8122
1696,2.3824e+01,8175
1697,2.3800e+01,8376
1698,2.3776e+01,8606
1699,2.3752e+01,8373
1700,2.3729e+01,8063
1701,2.3705e+01,8280
1702,2.3681e+01,7538
1703,2.3658e+01,7300
1704,2.3634e+01,7134
1705,2.3610e+01,7207
1706,2.3587e+01,7281
1707,2.3563e+01,7271
1708,2.3540e+01,7676
1709,2.3516e+01,8140
1710,2.3492e+01,7740
1711,2.3469e+01,7436
1712,2.3445e+01,7158
1713,2.3422e+01,6768
1714,2.3399e+01,7538
1715,2.3375e+01,7392
1716,2.3352e+01,7249
1717,2.3328e+01,7172
1718,2.3305e+01,7282
1719,2.3282e+01,7224
1720,2.3259e+01,7730
1721,2.3235e+01,7905
1722,2.3212e+01,7607
1723,2.3189e+01,7674
1724,2.3166e+01,7958
1725,2.3143e+01,8085
1726,2.3119e+01,8098
1727,2.3096e+01,8128
1728,2.3073e+01,7438
1729,2.3050e+01,8076
1730,2.3027e+01,7958
1731,2.3004e+01,7831
1732,2.2981e+01,8191
1733,2.2958e+01,7868
1734,2.2935e+01,7363
1735,2.2912e+01,7329
1736,2.2889e+01,8022
1737,2.2866e+01,7896
1738,2.2843e+01,7830
1739,2.2821e+01,8138
1740,2.2798e+01,8147
1741,2.2775e+01,7784
1742,2.2752e+01,8000
1743,2.2729e+01,8163
1744,2.2707e+01,8159
1745,2.2684e+01,8149
1746,2.2661e+01,8055
1747,2.2639e+01,8347
1748,2.2616e+01,8933
1749,2.2593e+01,8391
1750,2.2571e+01,8290
1751,2.2548e+01,7880
1752,2.2526e+01,7541
1753,2.2503e+01,7313
1754,2.2481e+01,7508
1755,2.2458e+01,7993
1756,2.2436e+01,8134
1757,2.2413e+01,7490
1758,2.2391e+01,7542
1759,2.2369e+01,7618
1760,2.2346e+01,7638
1761,2.2324e+01,7718
1762,2.2301e+01,7843
1763,2.2279e+01,7873
1764,2.2257e+01,7699
1765,2.2235e+01,7936
1766,2.2212e+01,8420
1767,2.2190e+01,7916
1768,2.2168e+01,8482
1769,2.2146e+01,8249
1770,2.2124e+01,8203
1771,2.2102e+01,8111
1772,2.2079e+01,8185
1773,2.2057e+01,7819
1774,2.2035e+01,7153
1775,2.2013e+01,6600
1776,2.1991e+01,6906
1777,2.1969e+01,8194
1778,2.1947e+01,7557
1779,2.1925e+01,7215
1780,2.1903e+01,7205
1781,2.1882e+01,6798
1782,2.1860e+01,7136
1783,2.1838e+01,7196
1784,2.1816e+01,7427
1785,2.1794e+01,7258
1786,2.1772e+01,7233
1787,2.1751e+01,7526
1788,2.1729e+01,7373
1789,2.1707e+01,7850
1790,2.1685e+01,7819
1791,2.1664e+01,8200
1792,2.1642e+01,7727
1793,2.1620e+01,7346
1794,2.1599e+01,7768
1795,2.1577e+01,7512
1796,2.1556e+01,7675
1797,2.1534e+01,6931
1798,2.1513e+01,6596
1799,2.1491e+01,6202
1800,2.1470e+01,6491
1801,2.1448e+01,6389
1802,2.1427e+01,6121
1803,2.1405e+01,6778
1804,2.1384e+01,6566
1805,2.1362e+01,6728
1806,2.1341e+01,7135
1807,2.1320e+01,6844
1808,2.1298e+01,7009
1809,2.1277e+01,7114
1810,2.1256e+01,6736
1811,2.1235e+01,7035
1812,2.1213e+01,6841
1813,2.1192e+01,7138
1814,2.1171e+01,7101
1815,2.1150e+01,7293
1816,2.1129e+01,7317
1817,2.1107e+01,7331
1818,2.1086e+01,7251
1819,2.1065e+01,7563
1820,2.1044e+01,7396
1821,2.1023e+01,7108
1822,2.1002e+01,7208
1823,2.0981e+01,7524
1824,2.0960e+01,7945
1825,2.0939e+01,7891
1826,2.0918e+01,7476
1827,2.0897e+01,7130
1828,2.0876e+01,7294
1829,2.0856e+01,7100
1830,2.0835e+01,7370
1831,2.0814e+01,7416
1832,2.0793e+01,7042
1833,2.0772e+01,6495
1834,2.0751e+01,6588
1835,2.0731e+01,6633
1836,2.0710e+01,7249
1837,2.0689e+01,6825
1838,2.0669e+01,7392
1839,2.0648e+01,6722
1840,2.0627e+01,7218
1841,2.0607e+01,7138
1842,2.0586e+01,7260
1843,2.0565e+01,6788
1844,2.0545e+01,6928
1845,2.0524e+01,7207
1846,2.0504e+01,7120
1847,2.0483e+01,7080
1848,2.0463e+01,7255
1849,2.0442e+01,7051
1850,2.0422e+01,7087
1851,2.0401e+01,7038
1852,2.0381e+01,7170
1853,2.0361e+01,6801
1854,2.0340e+01,7234
1855,2.0320e+01,7196
1856,2.0300e+01,7123
1857,2.0279e+01,6956
1858,2.0259e+01,7229
1859,2.0239e+01,7434
1860,2.0219e+01,7284
1861,2.0198e+01,7128
1862,2.0178e+01,6869
1863,2.0158e+01,7232
1864,2.0138e+01,7197
1865,2.0118e+01,6958
1866,2.0098e+01,6434
1867,2.0078e+01,6678
1868,2.0057e+01,6798
1869,2.0037e+01,7162
1870,2.0017e+01,7060
1871,1.9997e+01,7779
1872,1.9977e+01,7900
1873,1.9957e+01,7275
1874,1.9937e+01,7200
1875,1.9917e+01,6744
1876,1.9898e+01,6880
1877,1.9878e+01,7158
1878,1.9858e+01,7306
1879,1.9838e+01,7885
1880,1.9818e+01,7781
1881,1.9798e+01,7186
1882,1.9778e+01,7062
1883,1.9759e+01,6869
1884,1.9739e+01,7039
1885,1.9719e+01,6914
1886,1.9699e+01,6816
1887,1.9680e+01,6979
1888,1.9660e+01,6846
1889,1.9640e+01,6353
1890,1.9621e+01,6520
1891,1.9601e+01,6045
1892,1.9582e+01,6080
1893,1.9562e+01,6479
1894,1.9542e+01,6447
1895,1.9523e+01,6561
1896,1.9503e+01,6367
1897,1.9484e+01,6732
1898,1.9464e+01,5707
1899,1.9445e+01,5972
1900,1.9425e+01,6155
1901,1.9406e+01,6008
1902,1.9387e+01,6154
1903,1.9367e+01,6303
1904,1.9348e+01,6596
1905,1.9329e+01,6244
1906,1.9309e+01,6344
1907,1.9290e+01,6509
1908,1.9271e+01,7035
1909,1.9251e+01,6638
1910,1.9232e+01,6184
1911,1.9213e+01,6123
1912,1.9194e+01,6084
1913,1.9174e+01,6000
1914,1.9155e+01,6406
1915,1.9136e+01,6214
1916,1.9117e+01,6622
1917,1.9098e+01,6173
1918,1.9079e+01,6401
1919,1.9060e+01,6421
1920,1.9041e+01,6316
1921,1.9022e+01,6401
1922,1.9003e+01,6550
1923,1.8984e+01,6452
1924,1.8965e+01,6483
1925,1.8946e+01,6659
1926,1.8927e+01,6203
1927,1.8908e+01,6284
1928,1.8889e+01,6323
1929,1.8870e+01,6011
1930,1.8851e+01,6062
1931,1.8832e+01,6522
1932,1.8813e+01,6351
1933,1.8795e+01,6438
1934,1.8776e+01,6738
1935,1.8757e+01,6810
1936,1.8738e+01,6563
1937,1.8719e+01,6183
1938,1.8701e+01,6095
1939,1.8682e+01,6034
1940,1.8663e+01,6074
1941,1.8645e+01,6413
1942,1.8626e+01,6290
1943,1.8607e+01,6337
1944,1.8589e+01,6325
1945,1.8570e+01,6608
1946,1.8552e+01,6623
1947,1.8533e+01,6367
1948,1.8515e+01,6382
1949,1.8496e+01,6013
1950,1.8478e+01,6185
1951,1.8459e+01,6571
1952,1.8441e+01,6624
1953,1.8422e+01,6273
1954,1.8404e+01,6202
1955,1.8385e+01,6244
1956,1.8367e+01,6436
1957,1.8349e+01,6157
1958,1.8330e+01,6194
1959,1.8312e+01,6065
1960,1.8294e+01,6417
1961,1.8275e+01,6697
1962,1.8257e+01,6819
1963,1.8239e+01,6411
1964,1.8221e+01,6470
1965,1.8202e+01,6776
1966,1.8184e+01,7004
1967,1.8166e+01,6725
1968,1.8148e+01,6423
1969,1.8130e+01,6397
1970,1.8112e+01,6818
1971,1.8093e+01,6954
1972,1.8075e+01,6400
1973,1.8057e+01,6918
1974,1.8039e+01,6859
1975,1.8021e+01,6482
1976,1.8003e+01,6806
1977,1.7985e+01,6821
1978,1.7967e+01,7017
1979,1.7949e+01,6592
1980,1.7931e+01,6880
1981,1.7913e+01,6688
1982,1.7895e+01,6618
1983,1.7877e+01,6803
1984,1.7860e+01,6660
1985,1.7842e+01,6575
1986,1.7824e+01,6864
1987,1.7806e+01,6174
1988,1.7788e+01,6087
1989,1.7770e+01,6251
1990,1.7753e+01,6167
1991,1.7735e+01,5982
1992,1.7717e+01,6143
1993,1.7700e+01,5822
1994,1.7682e+01,5755
1995,1.7664e+01,5647
1996,1.7646e+01,5425
1997,1.7629e+01,5516
1998,1.7611e+01,5654
1999,1.7594e+01,5446
2000,1.7576e+01,5588
2001,1.7558e+01,5606
2002,1.7541e+01,5838
2003,1.7523e+01,5436
2004,1.7506e+01,5539
2005,1.7488e+01,5505
2006,1.7471e+01,5829
2007,1.7453e+01,5551
2008,1.7436e+01,5595
2009,1.7418e+01,5663
2010,1.7401e+01,5881
2011,1.7384e+01,5642
2012,1.7366e+01,5814
2013,1.7349e+01,6079
2014,1.7332e+01,6009
2015,1.7314e+01,6152
2016,1.7297e+01,6272
2017,1.7280e+01,5934
2018,1.7262e+01,6118
2019,1.7245e+01,6112
2020,1.7228e+01,5996
2021,1.7211e+01,6372
2022,1.7193e+01,6001
2023,1.7176e+01,5814
2024,1.7159e+01,5889
2025,1.7142e+01,5925
2026,1.7125e+01,6098
2027,1.7108e+01,5752
2028,1.7090e+01,5723
2029,1.7073e+01,5871
2030,1.7056e+01,5928
2031,1.7039e+01,5792
2032,1.7022e+01,6019
2033,1.7005e+01,5889
2034,1.6988e+01,5710
2035,1.6971e+01,6171
2036,1.6954e+01,5930
2037,1.6937e+01,5879
2038,1.6920e+01,5816
2039,1.6903e+01,6039
2040,1.6886e+01,6071
2041,1.6870e+01,5727
2042,1.6853e+01,5773
2043,1.6836e+01,5751
2044,1.6819e+01,5695
2045,1.6802e+01,5754
2046,1.6785e+01,6037
2047,1.6769e+01,5939
2048,1.6752e+01,5798
2049,1.6735e+01,6183
2050,1.6718e+01,6202
2051,1.6702e+01,6159
2052,1.6685e+01,6041
2053,1.6668e+01,5972
2054,1.6652e+01,6113
2055,1.6635e+01,5788
2056,1.6618e+01,5586
2057,1.6602e+01,5506
2058,1.6585e+01,5452
2059,1.6569e+01,5561
2060,1.6552e+01,5664
2061,1.6535e+01,5500
2062,1.6519e+01,5367
2063,1.6502e+01,5245
2064,1.6486e+01,5292
2065,1.6469e+01,5535
2066,1.6453e+01,5435
2067,1.6436e+01,5735
2068,1.6420e+01,5660
2069,1.6404e+01,5680
2070,1.6387e+01,5351
2071,1.6371e+01,5336
2072,1.6354e+01,5360
2073,1.6338e+01,5235
2074,1.6322e+01,5194
2075,1.6305e+01,5034
2076,1.6289e+01,5316
2077,1.6273e+01,5241
2078,1.6257e+01,5482
2079,1.6240e+01,5572
2080,1.6224e+01,5453
2081,1.6208e+01,5402
2082,1.6192e+01,5398
2083,1.6175e+01,5249
2084,1.6159e+01,5226
2085,1.6143e+01,5485
2086,1.6127e+01,5070
2087,1.6111e+01,5106
2088,1.6095e+01,5029
2089,1.6079e+01,4941
2090,1.6063e+01,5238
2091,1.6046e+01,5160
2092,1.6030e+01,5146
2093,1.6014e+01,5220
2094,1.5998e+01,5119
2095,1.5982e+01,5262
2096,1.5966e+01,5065
2097,1.5950e+01,5196
2098,1.5934e+01,5033
2099,1.5919e+01,5084
2100,1.5903e+01,4900
2101,1.5887e+01,4978
2102,1.5871e+01,5220
2103,1.5855e+01,5214
2104,1.5839e+01,5171
2105,1.5823e+01,5549
2106,1.5807e+01,5651
2107,1.5792e+01,5667
2108,1.5776e+01,5712
2109,1.5760e+01,5607
2110,1.5744e+01,5347
2111,1.5729e+01,5135
2112,1.5713e+01,5126
2113,1.5697e+01,5565
2114,1.5681e+01,5427
2115,1.5666e+01,5426
2116,1.5650e+01,5389
2117,1.5634e+01,5282
2118,1.5619e+01,5355
2119,1.5603e+01,5517
2120,1.5588e+01,5649
2121,1.5572e+01,5567
2122,1.5556e+01,5840
2123,1.5541e+01,5569
2124,1.5525e+01,5665
2125,1.5510e+01,5483
2126,1.5494e+01,5587
2127,1.5479e+01,5340
2128,1.5463e+01,5320
2129,1.5448e+01,5369
2130,1.5432e+01,5549
2131,1.5417e+01,5387
2132,1.5402e+01,5470
2133,1.5386e+01,5360
2134,1.5371e+01,4946
2135,1.5355e+01,4994
2136,1.5340e+01,4839
2137,1.5325e+01,4993
2138,1.5309e+01,4999
2139,1.5294e+01,4971
2140,1.5279e+01,4784
2141,1.5263e+01,4846
2142,1.5248e+01,5027
2143,1.5233e+01,4996
2144,1.5218e+01,5362
2145,1.5203e+01,5270
2146,1.5187e+01,5373
2147,1.5172e+01,5526
2148,1.5157e+01,5371
2149,1.5142e+01,5352
2150,1.5127e+01,5148
2151,1.5112e+01,5145
2152,1.5096e+01,5046
2153,1.5081e+01,5292
2154,1.5066e+01,5223
2155,1.5051e+01,5225
2156,1.5036e+01,5384
2157,1.5021e+01,5477
2158,1.5006e+01,5378
2159,1.4991e+01,5401
2160,1.4976e+01,5514
2161,1.4961e+01,5254
2162,1.4946e+01,5194
2163,1.4931e+01,5349
2164,1.4916e+01,5370
2165,1.4901e+01,5446
2166,1.4886e+01,5603
2167,1.4872e+01,5221
2168,1.4857e+01,5294
2169,1.4842e+01,5239
2170,1.4827e+01,5222
2171,1.4812e+01,5186
2172,1.4797e+01,5338
2173,1.4783e+01,5253
2174,1.4768e+01,5284
2175,1.4753e+01,5365
2176,1.4738e+01,5239
2177,1.4724e+01,5324
2178,1.4709e+01,5521
2179,1.4694e+01,5471
2180,1.4679e+01,5244
2181,1.4665e+01,5128
2182,1.4650e+01,5091
2183,1.4635e+01,5188
2184,1.4621e+01,5418
2185,1.4606e+01,5094
2186,1.4592e+01,4984
2187,1.4577e+01,5082
2188,1.4562e+01,5215
2189,1.4548e+01,5291
2190,1.4533e+01,5244
2191,1.4519e+01,5462
2192,1.4504e+01,5447
2193,1.4490e+01,5733
2194,1.4475e+01,5441
2195,1.4461e+01,5126
2196,1.4446e+01,5104
2197,1.4432e+01,5189
2198,1.4417e+01,4906
2199,1.4403e+01,4931
2200,1.4389e+01,4921
2201,1.4374e+01,4961
2202,1.4360e+01,4832
2203,1.4345e+01,4894
2204,1.4331e+01,4962
2205,1.4317e+01,4988
2206,1.4302e+01,4960
2207,1.4288e+01,4784
2208,1.4274e+01,4734
2209,1.4260e+01,4713
2210,1.4245e+01,4790
2211,1.4231e+01,4509
2212,1.4217e+01,4653
2213,1.4203e+01,4712
2214,1.4188e+01,4796
2215,1.4174e+01,4731
2216,1.4160e+01,4692
2217,1.4146e+01,4782
2218,1.4132e+01,4739
2219,1.4118e+01,4736
2220,1.4104e+01,4634
2221,1.4089e+01,4758
2222,1.4075e+01,4781
2223,1.4061e+01,4998
2224,1.4047e+01,4954
2225,1.4033e+01,5002
2226,1.4019e+01,5014
2227,1.4005e+01,5132
2228,1.3991e+01,4977
2229,1.3977e+01,4871
2230,1.3963e+01,4779
2231,1.3949e+01,4433
2232,1.3935e+01,4776
2233,1.3921e+01,4625
2234,1.3907e+01,4581
2235,1.3893e+01,4574
2236,1.3880e+01,4749
2237,1.3866e+01,4347
2238,1.3852e+01,4404
2239,1.3838e+01,4522
2240,1.3824e+01,4603
2241,1.3810e+01,4443
2242,1.3796e+01,4434
2243,1.3783e+01,4485
2244,1.3769e+01,4677
2245,1.3755e+01,4651
2246,1.3741e+01,4609
2247,1.3728e+01,4701
2248,1.3714e+01,4610
2249,1.3700e+01,4341
2250,1.3686e+01,4418
2251,1.3673e+01,4228
2252,1.3659e+01,4482
2253,1.3645e+01,4398
2254,1.3632e+01,4313
2255,1.3618e+01,4334
2256,1.3605e+01,4315
2257,1.3591e+01,4457
2258,1.3577e+01,4775
2259,1.3564e+01,4901
2260,1.3550e+01,5025
2261,1.3537e+01,4724
2262,1.3523e+01,4672
2263,1.3510e+01,4628
2264,1.3496e+01,4521
2265,1.3483e+01,4905
2266,1.3469e+01,4666
2267,1.3456e+01,4711
2268,1.3442e+01,4584
2269,1.3429e+01,4609
2270,1.3415e+01,4761
2271,1.3402e+01,4545
2272,1.3389e+01,4716
2273,1.3375e+01,4373
2274,1.3362e+01,4509
2275,1.3348e+01,4390
2276,1.3335e+01,4508
2277,1.3322e+01,4486
2278,1.3308e+01,4457
2279,1.3295e+01,4536
2280,1.3282e+01,4507
2281,1.3269e+01,4368
2282,1.3255e+01,4370
2283,1.3242e+01,4341
2284,1.3229e+01,4432
2285,1.3216e+01,4574
2286,1.3202e+01,4662
2287,1.3189e+01,4513
2288,1.3176e+01,4630
2289,1.3163e+01,4504
2290,1.3150e+01,4565
2291,1.3136e+01,4415
2292,1.3123e+01,4451
2293,1.3110e+01,4253
2294,1.3097e+01,4550
2295,1.3084e+01,4698
2296,1.3071e+01,4488
2297,1.3058e+01,4577
2298,1.3045e+01,4422
2299,1.3032e+01,4435
2300,1.3019e+01,4520
2301,1.3006e+01,4595
2302,1.2993e+01,4600
2303,1.2980e+01,4738
2304,1.2967e+01,4618
2305,1.2954e+01,4744
2306,1.2941e+01,4875
2307,1.2928e+01,4666
2308,1.2915e+01,4692
2309,1.2902e+01,4631
2310,1.2889e+01,4799
2311,1.2876e+01,4715
2312,1.2863e+01,4516
2313,1.2850e+01,4593
2314,1.2838e+01,4472
2315,1.2825e+01,4464
2316,1.2812e+01,4566
2317,1.2799e+01,4384
2318,1.2786e+01,4455
2319,1.2774e+01,4616
2320,1.2761e+01,4620
2321,1.2748e+01,4710
2322,1.2735e+01,4615
2323,1.2723e+01,4790
2324,1.2710e+01,4824
2325,1.2697e+01,4754
2326,1.2684e+01,4622
2327,1.2672e+01,4523
2328,1.2659e+01,4724
2329,1.2646e+01,4630
2330,1.2634e+01,4689
2331,1.2621e+01,4715
2332,1.2608e+01,4619
2333,1.2596e+01,4640
2334,1.2583e+01,4804
2335,1.2571e+01,4955
2336,1.2558e+01,4959
2337,1.2546e+01,4815
2338,1.2533e+01,4928
2339,1.2520e+01,4591
2340,1.2508e+01,4766
2341,1.2495e+01,4496
2342,1.2483e+01,4254
2343,1.2470e+01,4542
2344,1.2458e+01,4561
2345,1.2446e+01,4411
2346,1.2433e+01,4460
2347,1.2421e+01,4496
2348,1.2408e+01,4673
2349,1.2396e+01,4700
2350,1.2383e+01,4731
2351,1.2371e+01,4515
2352,1.2359e+01,4434
2353,1.2346e+01,4500
2354,1.2334e+01,4442
2355,1.2322e+01,4629
2356,1.2309e+01,4768
2357,1.2297e+01,4571
2358,1.2285e+01,4513
2359,1.2272e+01,4521
2360,1.2260e+01,4520
2361,1.2248e+01,4542
2362,1.2236e+01,4480
2363,1.2223e+01,4451
2364,1.2211e+01,4400
2365,1.2199e+01,4561
2366,1.2187e+01,4584
2367,1.2175e+01,4199
2368,1.2162e+01,4356
2369,1.2150e+01,4261
2370,1.2138e+01,4233
2371,1.2126e+01,4308
2372,1.2114e+01,4364
2373,1.2102e+01,4191
2374,1.2090e+01,4257
2375,1.2078e+01,4344
2376,1.2065e+01,4368
2377,1.2053e+01,4371
2378,1.2041e+01,4147
2379,1.2029e+01,4269
2380,1.2017e+01,4314
2381,1.2005e+01,4386
2382,1.1993e+01,4236
2383,1.1981e+01,4180
2384,1.1969e+01,4208
2385,1.1957e+01,4118
2386,1.1945e+01,4076
2387,1.1933e+01,4023
2388,1.1921e+01,4055
2389,1.1910e+01,4269
2390,1.1898e+01,4182
2391,1.1886e+01,4063
2392,1.1874e+01,4140
2393,1.1862e+01,4032
2394,1.1850e+01,4089
2395,1.1838e+01,3979
2396,1.1826e+01,4036
2397,1.1815e+01,4034
2398,1.1803e+01,3885
2399,1.1791e+01,3842
2400,1.1779e+01,3822
2401,1.1767e+01,3749
2402,1.1756e+01,3824
2403,1.1744e+01,3872
2404,1.1732e+01,3933
2405,1.1720e+01,4112
2406,1.1709e+01,3985
2407,1.1697e+01,3990
2408,1.1685e+01,3846
2409,1.1674e+01,3879
2410,1.1662e+01,3821
2411,1.1650e+01,3837
2412,1.1639e+01,4034
2413,1.1627e+01,4029
2414,1.1615e+01,4147
2415,1.1604e+01,4123
2416,1.1592e+01,4079
2417,1.1581e+01,4093
2418,1.1569e+01,4191
2419,1.1557e+01,4146
2420,1.1546e+01,4204
2421,1.1534e+01,4055
2422,1.1523e+01,4016
2423,1.1511e+01,4093
2424,1.1500e+01,4201
2425,1.1488e+01,4186
2426,1.1477e+01,4258
2427,1.1465e+01,4282
2428,1.1454e+01,4318
2429,1.1442e+01,4162
2430,1.1431e+01,4148
2431,1.1419e+01,4008
2432,1.1408e+01,4009
2433,1.1397e+01,3925
2434,1.1385e+01,3955
2435,1.1374e+01,4015
2436,1.1362e+01,4043
2437,1.1351e+01,4050
2438,1.1340e+01,4158
2439,1.1328e+01,4027
2440,1.1317e+01,4103
2441,1.1306e+01,4061
2442,1.1294e+01,4059
2443,1.1283e+01,4029
2444,1.1272e+01,3842
2445,1.1261e+01,3996
2446,1.1249e+01,3963
2447,1.1238e+01,3937
2448,1.1227e+01,3848
2449,1.1216e+01,3924
2450,1.1204e+01,3914
2451,1.1193e+01,4116
2452,1.1182e+01,4078
2453,1.1171e+01,4137
2454,1.1160e+01,4189
2455,1.1149e+01,4224
2456,1.1137e+01,4146
2457,1.1126e+01,4029
2458,1.1115e+01,3851
2459,1.1104e+01,3624
2460,1.1093e+01,3655
2461,1.1082e+01,3493
2462,1.1071e+01,3639
2463,1.1060e+01,3676
2464,1.1049e+01,3720
2465,1.1038e+01,3786
2466,1.1026e+01,3787
2467,1.1015e+01,3692
2468,1.1004e+01,3619
2469,1.0993e+01,3795
2470,1.0982e+01,3700
2471,1.0971e+01,3658
2472,1.0960e+01,3663
2473,1.0950e+01,3617
2474,1.0939e+01,3552
2475,1.0928e+01,3532
2476,1.0917e+01,3695
2477,1.0906e+01,3669
2478,1.0895e+01,3531
2479,1.0884e+01,3642
2480,1.0873e+01,3635
2481,1.0862e+01,3684
2482,1.0851e+01,3582
2483,1.0841e+01,3668
2484,1.0830e+01,3748
2485,1.0819e+01,3682
2486,1.0808e+01,3684
2487,1.0797e+01,3661
2488,1.0786e+01,3634
2489,1.0776e+01,3782
2490,1.0765e+01,3584
2491,1.0754e+01,3757
2492,1.0743e+01,3801
2493,1.0733e+01,3755
2494,1.0722e+01,3772
2495,1.0711e+01,3823
2496,1.0700e+01,3896
2497,1.0690e+01,3698
2498,1.0679e+01,3732
2499,1.0668e+01,3712
2500,1.0658e+01,3635
2501,1.0647e+01,3637
2502,1.0636e+01,3542
2503,1.0626e+01,3592
2504,1.0615e+01,3698
2505,1.0605e+01,3608
2506,1.0594e+01,3578
2507,1.0583e+01,3639
2508,1.0573e+01,3598
2509,1.0562e+01,3639
2510,1.0552e+01,3767
2511,1.0541e+01,3629
2512,1.0531e+01,3676
2513,1.0520e+01,3774
2514,1.0509e+01,3698
2515,1.0499e+01,3570
2516,1.0488e+01,3563
2517,1.0478e+01,3608
2518,1.0467e+01,3684
2519,1.0457e+01,3690
2520,1.0447e+01,3760
2521,1.0436e+01,3723
2522,1.0426e+01,3595
2523,1.0415e+01,3723
2524,1.0405e+01,3698
2525,1.0394e+01,3737
2526,1.0384e+01,3732
2527,1.0374e+01,3688
2528,1.0363e+01,3513
2529,1.0353e+01,3575
2530,1.0343e+01,3404
2531,1.0332e+01,3380
2532,1.0322e+01,3577
2533,1.0312e+01,3518
2534,1.0301e+01,3502
2535,1.0291e+01,3474
2536,1.0281e+01,3530
2537,1.0270e+01,3529
2538,1.0260e+01,3406
2539,1.0250e+01,3482
2540,1.0240e+01,3479
2541,1.0229e+01,3430
2542,1.0219e+01,3497
2543,1.0209e+01,3366
2544,1.0199e+01,3378
2545,1.0189e+01,3410
2546,1.0178e+01,3560
2547,1.0168e+01,3504
2548,1.0158e+01,3450
2549,1.0148e+01,3576
2550,1.0138e+01,3593
2551,1.0128e+01,3683
2552,1.0117e+01,3647
2553,1.0107e+01,3698
2554,1.0097e+01,3641
2555,1.0087e+01,3535
2556,1.0077e+01,3478
2557,1.0067e+01,3425
2558,1.0057e+01,3415
2559,1.0047e+01,3539
2560,1.0037e+01,3538
2561,1.0027e+01,3580
2562,1.0017e+01,3559
2563,1.0007e+01,3525
2564,9.9967e+00,3479
2565,9.9867e+00,3468
2566,9.9767e+00,3559
2567,9.9667e+00,3565
2568,9.9567e+00,3612
2569,9.9468e+00,3657
2570,9.9368e+00,3604
2571,9.9269e+00,3538
2572,9.9170e+00,3549
2573,9.9071e+00,3565
2574,9.8971e+00,3628
2575,9.8873e+00,3639
2576,9.8774e+00,3533
2577,9.8675e+00,3488
2578,9.8576e+00,3511
2579,9.8478e+00,3473
2580,9.8379e+00,3434
2581,9.8281e+00,3446
2582,9.8182e+00,3482
2583,9.8084e+00,3435
2584,9.7986e+00,3417
2585,9.7888e+00,3518
2586,9.7790e+00,3527
2587,9.7693e+00,3552
2588,9.7595e+00,3561
2589,9.7497e+00,3614
2590,9.7400e+00,3641
2591,9.7302e+00,3663
2592,9.7205e+00,3674
2593,9.7108e+00,3658
2594,9.7011e+00,3536
2595,9.6914e+00,3603
2596,9.6817e+00,3593
2597,9.6720e+00,3527
2598,9.6623e+00,3642
2599,9.6527e+00,3647
2600,9.6430e+00,3516
2601,9.6334e+00,3516
2602,9.6237e+00,3612
2603,9.6141e+00,3535
2604,9.6045e+00,3362
2605,9.5949e+00,3423
2606,9.5853e+00,3441
2607,9.5757e+00,3439
2608,9.5661e+00,3465
2609,9.5566e+00,3478
2610,9.5470e+00,3531
2611,9.5375e+00,3614
2612,9.5279e+00,3440
2613,9.5184e+00,3456
2614,9.5089e+00,3541
2615,9.4994e+00,3510
2616,9.4899e+00,3543
2617,9.4804e+00,3616
2618,9.4709e+00,3545
2619,9.4614e+00,3657
2620,9.4520e+00,3771
2621,9.4425e+00,3835
2622,9.4331e+00,3808
2623,9.4236e+00,3719
2624,9.4142e+00,3659
2625,9.4048e+00,3626
2626,9.3954e+00,3590
2627,9.3860e+00,3572
2628,9.3766e+00,3661
2629,9.3672e+00,3642
2630,9.3579e+00,3678
2631,9.3485e+00,3667
2632,9.3392e+00,3657
2633,9.3298e+00,3568
2634,9.3205e+00,3552
2635,9.3112e+00,3499
2636,9.3019e+00,3560
2637,9.2926e+00,3529
2638,9.2833e+00,3515
2639,9.2740e+00,3493
2640,9.2647e+00,3577
2641,9.2555e+00,3574
2642,9.2462e+00,3556
2643,9.2370e+00,3555
2644,9.2277e+00,3560
2645,9.2185e+00,3526
2646,9.2093e+00,3551
2647,9.2001e+00,3501
2648,9.1909e+00,3589
2649,9.1817e+00,3569
2650,9.1725e+00,3616
2651,9.1633e+00,3588
2652,9.1542e+00,3393
2653,9.1450e+00,3369
2654,9.1359e+00,3360
2655,9.1267e+00,3472
2656,9.1176e+00,3474
2657,9.1085e+00,3473
2658,9.0994e+00,3580
2659,9.0903e+00,3551
2660,9.0812e+00,3534
2661,9.0721e+00,3495
2662,9.0630e+00,3609
2663,9.0540e+00,3682
2664,9.0449e+00,3635
2665,9.0359e+00,3621
2666,9.0268e+00,3534
2667,9.0178e+00,3501
2668,9.0088e+00,3435
2669,8.9998e+00,3456
2670,8.9908e+00,3514
2671,8.9818e+00,3570
2672,8.9728e+00,3573
2673,8.9638e+00,3486
2674,8.9549e+00,3420
2675,8.9459e+00,3414
2676,8.9370e+00,3475
2677,8.9280e+00,3445
2678,8.9191e+00,3431
2679,8.9102e+00,3416
2680,8.9013e+00,3536
2681,8.8924e+00,3470
2682,8.8835e+00,3447
2683,8.8746e+00,3399
2684,8.8657e+00,3412
2685,8.8568e+00,3352
2686,8.8480e+00,3361
2687,8.8391e+00,3433
2688,8.8303e+00,3414
2689,8.8215e+00,3407
2690,8.8127e+00,3442
2691,8.8038e+00,3363
2692,8.7950e+00,3385
2693,8.7862e+00,3426
2694,8.7775e+00,3447
2695,8.7687e+00,3360
2696,8.7599e+00,3390
2697,8.7511e+00,3408
2698,8.7424e+00,3384
2699,8.7337e+00,3408
2700,8.7249e+00,3442
2701,8.7162e+00,3463
2702,8.7075e+00,3439
2703,8.6988e+00,3399
2704,8.6901e+00,3391
2705,8.6814e+00,3363
2706,8.6727e+00,3344
2707,8.6640e+00,3356
2708,8.6554e+00,3449
2709,8.6467e+00,3410
2710,8.6381e+00,3453
2711,8.6294e+00,3560
2712,8.6208e+00,3480
2713,8.6122e+00,3439
2714,8.6036e+00,3482
2715,8.5950e+00,3416
2716,8.5864e+00,3423
2717,8.5778e+00,3385
2718,8.5692e+00,3397
2719,8.5606e+00,3404
2720,8.5521e+00,3389
2721,8.5435e+00,3436
2722,8.5350e+00,3421
2723,8.5264e+00,3465
2724,8.5179e+00,3400
2725,8.5094e+00,3424
2726,8.5009e+00,3378
2727,8.4924e+00,3404
2728,8.4839e+00,3428
2729,8.4754e+00,3382
2730,8.4669e+00,3310
2731,8.4585e+00,3404
2732,8.4500e+00,3375
2733,8.4416e+00,3472
2734,8.4331e+00,3463
2735,8.4247e+00,3396
2736,8.4163e+00,3352
2737,8.4078e+00,3298
2738,8.3994e+00,3242
2739,8.3910e+00,3234
2740,8.3826e+00,3282
2741,8.3743e+00,3195
2742,8.3659e+00,3219
2743,8.3575e+00,3317
2744,8.3492e+00,3375
2745,8.3408e+00,3409
2746,8.3325e+00,3308
2747,8.3241e+00,3360
2748,8.3158e+00,3366
2749,8.3075e+00,3423
2750,8.2992e+00,3564
2751,8.2909e+00,3647
2752,8.2826e+00,3611
2753,8.2743e+00,3584
2754,8.2660e+00,3572
2755,8.2578e+00,3623
2756,8.2495e+00,3629
2757,8.2413e+00,3540
2758,8.2330e+00,3540
2759,8.2248e+00,3497
2760,8.2166e+00,3498
2761,8.2084e+00,3505
2762,8.2002e+00,3540
2763,8.1920e+00,3567
2764,8.1838e+00,3524
2765,8.1756e+00,3459
2766,8.1674e+00,3434
2767,8.1592e+00,3406
2768,8.1511e+00,3442
2769,8.1429e+00,3427
2770,8.1348e+00,3419
2771,8.1266e+00,3402
2772,8.1185e+00,3392
2773,8.1104e+00,3381
2774,8.1023e+00,3358
2775,8.0942e+00,3392
2776,8.0861e+00,3379
2777,8.0780e+00,3423
2778,8.0699e+00,3387
2779,8.0619e+00,3472
2780,8.0538e+00,3442
2781,8.0457e+00,3451
2782,8.0377e+00,3359
2783,8.0297e+00,3269
2784,8.0216e+00,3318
2785,8.0136e+00,3328
2786,8.0056e+00,3324
2787,7.9976e+00,3442
2788,7.9896e+00,3562
2789,7.9816e+00,3495
2790,7.9736e+00,3537
2791,7.9656e+00,3527
2792,7.9577e+00,3426
2793,7.9497e+00,3416
2794,7.9418e+00,3456
2795,7.9338e+00,3378
2796,7.9259e+00,3349
2797,7.9180e+00,3329
2798,7.9101e+00,3333
2799,7.9021e+00,3455
2800,7.8942e+00,3412
2801,7.8863e+00,3367
2802,7.8785e+00,3353
2803,7.8706e+00,3249
2804,7.8627e+00,3328
2805,7.8548e+00,3332
2806,7.8470e+00,3290
2807,7.8391e+00,3289
2808,7.8313e+00,3212
2809,7.8235e+00,3174
2810,7.8157e+00,3153
2811,7.8078e+00,3156
2812,7.8000e+00,3200
2813,7.7922e+00,3223
2814,7.7844e+00,3202
2815,7.7767e+00,3138
2816,7.7689e+00,3109
2817,7.7611e+00,3134
2818,7.7533e+00,3162
2819,7.7456e+00,3090
2820,7.7378e+00,3193
2821,7.7301e+00,3251
2822,7.7224e+00,3240
2823,7.7147e+00,3223
2824,7.7069e+00,3205
2825,7.6992e+00,3286
2826,7.6915e+00,3318
2827,7.6838e+00,3254
2828,7.6762e+00,3246
2829,7.6685e+00,3237
2830,7.6608e+00,3215
2831,7.6532e+00,3271
2832,7.6455e+00,3225
2833,7.6379e+00,3205
2834,7.6302e+00,3199
2835,7.6226e+00,3219
2836,7.6150e+00,3187
2837,7.6074e+00,3233
2838,7.5997e+00,3227
2839,7.5921e+00,3225
2840,7.5846e+00,3280
2841,7.5770e+00,3203
2842,7.5694e+00,3198
2843,7.5618e+00,3229
2844,7.5543e+00,3232
2845,7.5467e+00,3279
2846,7.5392e+00,3285
2847,7.5316e+00,3253
2848,7.5241e+00,3290
2849,7.5166e+00,3293
2850,7.5090e+00,3253
2851,7.5015e+00,3328
2852,7.4940e+00,3338
2853,7.4865e+00,3301
2854,7.4791e+00,3329
2855,7.4716e+00,3372
2856,7.4641e+00,3315
2857,7.4566e+00,3321
2858,7.4492e+00,3328
2859,7.4417e+00,3344
2860,7.4343e+00,3278
2861,7.4269e+00,3252
2862,7.4194e+00,3294
2863,7.4120e+00,3331
2864,7.4046e+00,3368
2865,7.3972e+00,3325
2866,7.3898e+00,3301
2867,7.3824e+00,3288
2868,7.3750e+00,3316
2869,7.3677e+00,3299
2870,7.3603e+00,3278
2871,7.3529e+00,3225
2872,7.3456e+00,3291
2873,7.3382e+00,3263
2874,7.3309e+00,3251
2875,7.3236e+00,3289
2876,7.3162e+00,3265
2877,7.3089e+00,3292
2878,7.3016e+00,3310
2879,7.2943e+00,3262
2880,7.2870e+00,3284
2881,7.2797e+00,3288
2882,7.2724e+00,3295
2883,7.2652e+00,3256
2884,7.2579e+00,3306
2885,7.2506e+00,3295
2886,7.2434e+00,3264
2887,7.2362e+00,3321
2888,7.2289e+00,3310
2889,7.2217e+00,3308
2890,7.2145e+00,3316
2891,7.2073e+00,3326
2892,7.2000e+00,3322
2893,7.1928e+00,3256
2894,7.1857e+00,3258
2895,7.1785e+00,3248
2896,7.1713e+00,3247
2897,7.1641e+00,3268
2898,7.1570e+00,3270
2899,7.1498e+00,3265
2900,7.1426e+00,3218
2901,7.1355e+00,3275
2902,7.1284e+00,3237
2903,7.1212e+00,3267
2904,7.1141e+00,3242
2905,7.1070e+00,3266
2906,7.0999e+00,3209
2907,7.0928e+00,3203
2908,7.0857e+00,3212
2909,7.0786e+00,3176
2910,7.0715e+00,3215
2911,7.0645e+00,3186
2912,7.0574e+00,3174
2913,7.0503e+00,3214
2914,7.0433e+00,3219
2915,7.0363e+00,3224
2916,7.0292e+00,3227
2917,7.0222e+00,3206
2918,7.0152e+00,3204
2919,7.0082e+00,3190
2920,7.0011e+00,3167
2921,6.9941e+00,3175
2922,6.9871e+00,3204
2923,6.9802e+00,3163
2924,6.9732e+00,3179
2925,6.9662e+00,3185
2926,6.9592e+00,3182
2927,6.9523e+00,3137
2928,6.9453e+00,3173
2929,6.9384e+00,3139
2930,6.9314e+00,3170
2931,6.9245e+00,3207
2932,6.9176e+00,3176
2933,6.9107e+00,3158
2934,6.9038e+00,3176
2935,6.8969e+00,3144
2936,6.8900e+00,3130
2937,6.8831e+00,3086
2938,6.8762e+00,3131
2939,6.8693e+00,3107
2940,6.8624e+00,3183
2941,6.8556e+00,3142
2942,6.8487e+00,3171
2943,6.8419e+00,3154
2944,6.8350e+00,3102
2945,6.8282e+00,3102
2946,6.8214e+00,3136
2947,6.8145e+00,3156
2948,6.8077e+00,3196
2949,6.8009e+00,3173
2950,6.7941e+00,3180
2951,6.7873e+00,3200
2952,6.7805e+00,3202
2953,6.7738e+00,3218
2954,6.7670e+00,3162
2955,6.7602e+00,3186
2956,6.7535e+00,3182
2957,6.7467e+00,3164
2958,6.7400e+00,3197
2959,6.7332e+00,3173
2960,6.7265e+00,3127
2961,6.7198e+00,3202
2962,6.7130e+00,3172
2963,6.7063e+00,3216
2964,6.6996e+00,3200
2965,6.6929e+00,3215
2966,6.6862e+00,3201
2967,6.6795e+00,3189
2968,6.6729e+00,3143
2969,6.6662e+00,3153
2970,6.6595e+00,3122
2971,6.6529e+00,3146
2972,6.6462e+00,3116
2973,6.6396e+00,3146
2974,6.6329e+00,3125
2975,6.6263e+00,3117
2976,6.6197e+00,3131
2977,6.6130e+00,3155
2978,6.6064e+00,3112
2979,6.5998e+00,3134
2980,6.5932e+00,3132
2981,6.5866e+00,3156
2982,6.5801e+00,3144
2983,6.5735e+00,3149
2984,6.5669e+00,3167
2985,6.5603e+00,3191
2986,6.5538e+00,3226
2987,6.5472e+00,3183
2988,6.5407e+00,3206
2989,6.5341e+00,3211
2990,6.5276e+00,3205
2991,6.5211e+00,3205
2992,6.5145e+00,3157
2993,6.5080e+00,3153
2994,6.5015e+00,3141
2995,6.4950e+00,3165
2996,6.4885e+00,3169
2997,6.4820e+00,3183
2998,6.4756e+00,3232
2999,6.4691e+00,3206
3000,6.4626e+00,3192
3001,6.4561e+00,3185
3002,6.4497e+00,3199
3003,6.4432e+00,3228
3004,6.4368e+00,3199
3005,6.4304e+00,3183
3006,6.4239e+00,3185
3007,6.4175e+00,3159
3008,6.4111e+00,3152
3009,6.4047e+00,3169
3010,6.3983e+00,3123
3011,6.3919e+00,3123
3012,6.3855e+00,3104
3013,6.3791e+00,3116
3014,6.3727e+00,3136
3015,6.3663e+00,3100
3016,6.3600e+00,3052
3017,6.3536e+00,3112
3018,6.3473e+00,3101
3019,6.3409e+00,3135
3020,6.3346e+00,3161
3021,6.3282e+00,3190
3022,6.3219e+00,3165
3023,6.3156e+00,3154
3024,6.3093e+00,3166
3025,6.3030e+00,3152
3026,6.2967e+00,3123
3027,6.2904e+00,3123
3028,6.2841e+00,3119
3029,6.2778e+00,3150
3030,6.2715e+00,3150
3031,6.2652e+00,3178
3032,6.2590e+00,3142
3033,6.2527e+00,3168
3034,6.2465e+00,3186
3035,6.2402e+00,3151
3036,6.2340e+00,3176
3037,6.2277e+00,3165
3038,6.2215e+00,3143
3039,6.2153e+00,3126
3040,6.2091e+00,3147
3041,6.2029e+00,3180
3042,6.1967e+00,3203
3043,6.1905e+00,3153
3044,6.1843e+00,3192
3045,6.1781e+00,3173
3046,6.1719e+00,3173
3047,6.1658e+00,3165
3048,6.1596e+00,3174
3049,6.1534e+00,3181
3050,6.1473e+00,3157
3051,6.1411e+00,3144
3052,6.1350e+00,3126
3053,6.1288e+00,3126
3054,6.1227e+00,3126
3055,6.1166e+00,3122
3056,6.1105e+00,3142
3057,6.1044e+00,3126
3058,6.0983e+00,3093
3059,6.0922e+00,3117
3060,6.0861e+00,3103
3061,6.0800e+00,3111
3062,6.0739e+00,3125
3063,6.0678e+00,3146
3064,6.0618e+00,3136
3065,6.0557e+00,3158
3066,6.0497e+00,3144
3067,6.0436e+00,3155
3068,6.0376e+00,3165
3069,6.0315e+00,3120
3070,6.0255e+00,3132
3071,6.0195e+00,3150
3072,6.0134e+00,3138
3073,6.0074e+00,3186
3074,6.0014e+00,3167
3075,5.9954e+00,3147
3076,5.9894e+00,3158
3077,5.9834e+00,3146
3078,5.9775e+00,3110
3079,5.9715e+00,3075
3080,5.9655e+00,3075
3081,5.9595e+00,3075
3082,5.9536e+00,3075
3083,5.9476e+00,3050
3084,5.9417e+00,3069
3085,5.9357e+00,3064
3086,5.9298e+00,3069
3087,5.9239e+00,3069
3088,5.9179e+00,3050
3089,5.9120e+00,3050
3090,5.9061e+00,3050
3091,5.9002e+00,3058
3092,5.8943e+00,3058
3093,5.8884e+00,3058
3094,5.8825e+00,3079
3095,5.8766e+00,3084
3096,5.8708e+00,3074
3097,5.8649e+00,3060
3098,5.8590e+00,3079
3099,5.8532e+00,3051
3100,5.8473e+00,3046
3101,5.8415e+00,3062
3102,5.8356e+00,3076
3103,5.8298e+00,3089
3104,5.8240e+00,3113
3105,5.8181e+00,3149
3106,5.8123e+00,3125
3107,5.8065e+00,3155
3108,5.8007e+00,3179
3109,5.7949e+00,3155
3110,5.7891e+00,3187
3111,5.7833e+00,3169
3112,5.7775e+00,3198
3113,5.7718e+00,3178
3114,5.7660e+00,3174
3115,5.7602e+00,3145
3116,5.7545e+00,3129
3117,5.7487e+00,3147
3118,5.7430e+00,3136
3119,5.7372e+00,3125
3120,5.7315e+00,3128
3121,5.7257e+00,3136
3122,5.7200e+00,3156
3123,5.7143e+00,3155
3124,5.7086e+00,3036
3125,5.7029e+00,3022
3126,5.6972e+00,3022
3127,5.6915e+00,3027
3128,5.6858e+00,3042
3129,5.6801e+00,3060
3130,5.6744e+00,3040
3131,5.6687e+00,3048
3132,5.6631e+00,3060
3133,5.6574e+00,3056
3134,5.6518e+00,3079
3135,5.6461e+00,3085
3136,5.6405e+00,3045
3137,5.6348e+00,3106
3138,5.6292e+00,3138
3139,5.6236e+00,3069
3140,5.6179e+00,3044
3141,5.6123e+00,3074
3142,5.6067e+00,3031
3143,5.6011e+00,3052
3144,5.5955e+00,3096
3145,5.5899e+00,3096
3146,5.5843e+00,3060
3147,5.5787e+00,3060
3148,5.5731e+00,3060
3149,5.5676e+00,3048
3150,5.5620e+00,3072
3151,5.5564e+00,3048
3152,5.5509e+00,3051
3153,5.5453e+00,3017
3154,5.5398e+00,3017
3155,5.5342e+00,3037
3156,5.5287e+00,3032
3157,5.5232e+00,2982
3158,5.5177e+00,2982
3159,5.5121e+00,2982
3160,5.5066e+00,2982
3161,5.5011e+00,2982
3162,5.4956e+00,2979
3163,5.4901e+00,2987
3164,5.4846e+00,2987
3165,5.4792e+00,3015
3166,5.4737e+00,3029
3167,5.4682e+00,3029
3168,5.4627e+00,3050
3169,5.4573e+00,3029
3170,5.4518e+00,3008
3171,5.4464e+00,2990
3172,5.4409e+00,3052
3173,5.4355e+00,3062
3174,5.4300e+00,3062
3175,5.4246e+00,3068
3176,5.4192e+00,3033
3177,5.4138e+00,3001
3178,5.4084e+00,3016
3179,5.4029e+00,3034
3180,5.3975e+00,3031
3181,5.3921e+00,3031
3182,5.3868e+00,3038
3183,5.3814e+00,3039
3184,5.3760e+00,3060
3185,5.3706e+00,3058
3186,5.3652e+00,3010
3187,5.3599e+00,3014
3188,5.3545e+00,3008
3189,5.3492e+00,3004
3190,5.3438e+00,3027
3191,5.3385e+00,3017
3192,5.3331e+00,3017
3193,5.3278e+00,2990
3194,5.3225e+00,2986
3195,5.3171e+00,2986
3196,5.3118e+00,2981
3197,5.3065e+00,2979
3198,5.3012e+00,2979
3199,5.2959e+00,2983
3200,5.2906e+00,3001
3201,5.2853e+00,3033
3202,5.2800e+00,3055
3203,5.2748e+00,3060
3204,5.2695e+00,3099
3205,5.2642e+00,3097
3206,5.2589e+00,3009
3207,5.2537e+00,3009
3208,5.2484e+00,3004
3209,5.2432e+00,3008
3210,5.2379e+00,2997
3211,5.2327e+00,2992
3212,5.2275e+00,2992
3213,5.2222e+00,2992
3214,5.2170e+00,2992
3215,5.2118e+00,3006
3216,5.2066e+00,3018
3217,5.2014e+00,3016
3218,5.1962e+00,3016
3219,5.1910e+00,3046
3220,5.1858e+00,3067
3221,5.1806e+00,3087
3222,5.1754e+00,3066
3223,5.1703e+00,3093
3224,5.1651e+00,3057
3225,5.1599e+00,3032
3226,5.1548e+00,3032
3227,5.1496e+00,3052
3228,5.1445e+00,3066
3229,5.1393e+00,3066
3230,5.1342e+00,3049
3231,5.1290e+00,3045
3232,5.1239e+00,3044
3233,5.1188e+00,3093
3234,5.1137e+00,3111
3235,5.1086e+00,3111
3236,5.1034e+00,3073
3237,5.0983e+00,3106
3238,5.0932e+00,3088
3239,5.0881e+00,3070
3240,5.0831e+00,3070
3241,5.0780e+00,3066
3242,5.0729e+00,3082
3243,5.0678e+00,3066
3244,5.0628e+00,3059
3245,5.0577e+00,3059
3246,5.0526e+00,3061
3247,5.0476e+00,3061
3248,5.0425e+00,3037
3249,5.0375e+00,3077
3250,5.0325e+00,3122
3251,5.0274e+00,3102
3252,5.0224e+00,3045
3253,5.0174e+00,3029
3254,5.0124e+00,3008
3255,5.0073e+00,3008
3256,5.0023e+00,3013
3257,4.9973e+00,3037
3258,4.9923e+00,3053
3259,4.9873e+00,3039
3260,4.9824e+00,3036
3261,4.9774e+00,3040
3262,4.9724e+00,3037
3263,4.9674e+00,3028
3264,4.9625e+00,3028
3265,4.9575e+00,3026
3266,4.9525e+00,3039
3267,4.9476e+00,3034
3268,4.9426e+00,3023
3269,4.9377e+00,3060
3270,4.9328e+00,3068
3271,4.9278e+00,3072
3272,4.9229e+00,3072
3273,4.9180e+00,3060
3274,4.9131e+00,3040
3275,4.9081e+00,3018
3276,4.9032e+00,3020
3277,4.8983e+00,3014
3278,4.8934e+00,3003
3279,4.8885e+00,3003
3280,4.8837e+00,3003
3281,4.8788e+00,2977
3282,4.8739e+00,2982
3283,4.8690e+00,2982
3284,4.8641e+00,2982
3285,4.8593e+00,2971
3286,4.8544e+00,2979
3287,4.8496e+00,2979
3288,4.8447e+00,2984
3289,4.8399e+00,3004
3290,4.8350e+00,2998
3291,4.8302e+00,2998
3292,4.8254e+00,2998
3293,4.8205e+00,2984
3294,4.8157e+00,2962
3295,4.8109e+00,2962
3296,4.8061e+00,2974
3297,4.8013e+00,2962
3298,4.7965e+00,2957
3299,4.7917e+00,2997
3300,4.7869e+00,3018
3301,4.7821e+00,2986
3302,4.7773e+00,2986
3303,4.7726e+00,2986
3304,4.7678e+00,2982
3305,4.7630e+00,2962
3306,4.7583e+00,2994
3307,4.7535e+00,2995
3308,4.7487e+00,3000
3309,4.7440e+00,3004
3310,4.7392e+00,3004
3311,4.7345e+00,2999
3312,4.7298e+00,2999
3313,4.7250e+00,2966
3314,4.7203e+00,2970
3315,4.7156e+00,2967
3316,4.7109e+00,2979
3317,4.7062e+00,2979
3318,4.7015e+00,2983
3319,4.6968e+00,2983
3320,4.6921e+00,3001
3321,4.6874e+00,3001
3322,4.6827e+00,3015
3323,4.6780e+00,3013
3324,4.6733e+00,3013
3325,4.6687e+00,2999
3326,4.6640e+00,3007
3327,4.6593e+00,2999
3328,4.6547e+00,2979
3329,4.6500e+00,2979
3330,4.6454e+00,2993
3331,4.6407e+00,2979
3332,4.6361e+00,2982
3333,4.6314e+00,2982
3334,4.6268e+00,2982
3335,4.6222e+00,2987
3336,4.6176e+00,2975
3337,4.6129e+00,2975
3338,4.6083e+00,2975
3339,4.6037e+00,2975
3340,4.5991e+00,2975
3341,4.5945e+00,2970
3342,4.5899e+00,2977
3343,4.5853e+00,2977
3344,4.5807e+00,2974
3345,4.5762e+00,2974
3346,4.5716e+00,2974
3347,4.5670e+00,2995
3348,4.5624e+00,2986
3349,4.5579e+00,2968
3350,4.5533e+00,2963
3351,4.5488e+00,2963
3352,4.5442e+00,2966
3353,4.5397e+00,2966
3354,4.5351e+00,2970
3355,4.5306e+00,2966
3356,4.5261e+00,2966
3357,4.5215e+00,2984
3358,4.5170e+00,2969
3359,4.5125e+00,2969
3360,4.5080e+00,2967
3361,4.5035e+00,2963
3362,4.4990e+00,2962
3363,4.4945e+00,2965
3364,4.4900e+00,2973
3365,4.4855e+00,2970
3366,4.4810e+00,2970
3367,4.4765e+00,2970
3368,4.4721e+00,2988
3369,4.4676e+00,3018
3370,4.4631e+00,3018
3371,4.4587e+00,3016
3372,4.4542e+00,3018
3373,4.4497e+00,3018
3374,4.4453e+00,3013
3375,4.4409e+00,3017
3376,4.4364e+00,3025
3377,4.4320e+00,3025
3378,4.4275e+00,3031
3379,4.4231e+00,3011
3380,4.4187e+00,3011
3381,4.4143e+00,3011
3382,4.4099e+00,3011
3383,4.4054e+00,3007
3384,4.4010e+00,3007
3385,4.3966e+00,2999
3386,4.3922e+00,2995
3387,4.3879e+00,3014
3388,4.3835e+00,2987
3389,4.3791e+00,2987
3390,4.3747e+00,2987
3391,4.3703e+00,2987
3392,4.3660e+00,3000
3393,4.3616e+00,3000
3394,4.3572e+00,2987
3395,4.3529e+00,2983
3396,4.3485e+00,2962
3397,4.3442e+00,2962
3398,4.3398e+00,2962
3399,4.3355e+00,2962
3400,4.3312e+00,2976
3401,4.3268e+00,2976
3402,4.3225e+00,2962
3403,4.3182e+00,2962
3404,4.3139e+00,2965
3405,4.3095e+00,2965
3406,4.3052e+00,2965
3407,4.3009e+00,2965
3408,4.2966e+00,2965
3409,4.2923e+00,2979
3410,4.2880e+00,2969
3411,4.2837e+00,2989
3412,4.2795e+00,2993
3413,4.2752e+00,2993
3414,4.2709e+00,2969
3415,4.2666e+00,2969
3416,4.2624e+00,2969
3417,4.2581e+00,2966
3418,4.2538e+00,2966
3419,4.2496e+00,2966
3420,4.2453e+00,2964
3421,4.2411e+00,2960
3422,4.2369e+00,2965
3423,4.2326e+00,2965
3424,4.2284e+00,2971
3425,4.2242e+00,2974
3426,4.2199e+00,2969
3427,4.2157e+00,2974
3428,4.2115e+00,2988
3429,4.2073e+00,2965
3430,4.2031e+00,2981
3431,4.1989e+00,2981
3432,4.1947e+00,2991
3433,4.1905e+00,2991
3434,4.1863e+00,3000
3435,4.1821e+00,3012
3436,4.1779e+00,3001
3437,4.1737e+00,2989
3438,4.1696e+00,2989
3439,4.1654e+00,2984
3440,4.1612e+00,2981
3441,4.1571e+00,3011
3442,4.1529e+00,2995
3443,4.1488e+00,2997
3444,4.1446e+00,2992
3445,4.1405e+00,2978
3446,4.1363e+00,3002
3447,4.1322e+00,2984
3448,4.1281e+00,2984
3449,4.1239e+00,2981
3450,4.1198e+00,2957
3451,4.1157e+00,2967
3452,4.1116e+00,2967
3453,4.1075e+00,2967
3454,4.1034e+00,2967
3455,4.0993e+00,2967
3456,4.0952e+00,2967
3457,4.0911e+00,2967
3458,4.0870e+00,2967
3459,4.0829e+00,2978
3460,4.0788e+00,2970
3461,4.0747e+00,2970
3462,4.0706e+00,2970
3463,4.0666e+00,2982
3464,4.0625e+00,2976
3465,4.0584e+00,2976
3466,4.0544e+00,2970
3467,4.0503e+00,2983
3468,4.0463e+00,2983
3469,4.0422e+00,2970
3470,4.0382e+00,2970
3471,4.0342e+00,2970
3472,4.0301e+00,2970
3473,4.0261e+00,2965
3474,4.0221e+00,2965
3475,4.0180e+00,2965
3476,4.0140e+00,2965
3477,4.0100e+00,2969
3478,4.0060e+00,2966
3479,4.0020e+00,2966
3480,3.9980e+00,2966
3481,3.9940e+00,2966
3482,3.9900e+00,2985
3483,3.9860e+00,2976
3484,3.9820e+00,2960
3485,3.9780e+00,2960
3486,3.9741e+00,2960
3487,3.9701e+00,2960
3488,3.9661e+00,2968
3489,3.9622e+00,2960
3490,3.9582e+00,2960
3491,3.9542e+00,2973
3492,3.9503e+00,2973
3493,3.9463e+00,2973
3494,3.9424e+00,2973
3495,3.9384e+00,2973
3496,3.9345e+00,2973
3497,3.9306e+00,2973
3498,3.9266e+00,2973
3499,3.9227e+00,2973
3500,3.9188e+00,2978
3501,3.9149e+00,2978
3502,3.9110e+00,2973
3503,3.9070e+00,2973
3504,3.9031e+00,2973
3505,3.8992e+00,2973
3506,3.8953e+00,2973
3507,3.8914e+00,2973
3508,3.8876e+00,2973
3509,3.8837e+00,2973
3510,3.8798e+00,2973
3511,3.8759e+00,2973
3512,3.8720e+00,2973
3513,3.8682e+00,2995
3514,3.8643e+00,3000
3515,3.8604e+00,2995
3516,3.8566e+00,2995
3517,3.8527e+00,2973
3518,3.8488e+00,2973
3519,3.8450e+00,2970
3520,3.8412e+00,2973
3521,3.8373e+00,2973
3522,3.8335e+00,2973
3523,3.8296e+00,2987
3524,3.8258e+00,2987
3525,3.8220e+00,2987
3526,3.8182e+00,2987
3527,3.8143e+00,2973
3528,3.8105e+00,2960
3529,3.8067e+00,2960
3530,3.8029e+00,2957
3531,3.7991e+00,2964
3532,3.7953e+00,2964
3533,3.7915e+00,2972
3534,3.7877e+00,2976
3535,3.7839e+00,2976
3536,3.7802e+00,2978
3537,3.7764e+00,2978
3538,3.7726e+00,2970
3539,3.7688e+00,2966
3540,3.7651e+00,2970
3541,3.7613e+00,2970
3542,3.7575e+00,2970
3543,3.7538e+00,2965
3544,3.7500e+00,2977
3545,3.7463e+00,2977
3546,3.7425e+00,2977
3547,3.7388e+00,2980
3548,3.7350e+00,2977
3549,3.7313e+00,2977
3550,3.7276e+00,2977
3551,3.7238e+00,2977
3552,3.7201e+00,2981
3553,3.7164e+00,2977
3554,3.7127e+00,2977
3555,3.7090e+00,2977
3556,3.7053e+00,2977
3557,3.7016e+00,2965
3558,3.6979e+00,2965
3559,3.6942e+00,2965
3560,3.6905e+00,2965
3561,3.6868e+00,2984
3562,3.6831e+00,2984
3563,3.6794e+00,2985
3564,3.6757e+00,2985
3565,3.6721e+00,2969
3566,3.6684e+00,2969
3567,3.6647e+00,2969
3568,3.6610e+00,2969
3569,3.6574e+00,2969
3570,3.6537e+00,2969
3571,3.6501e+00,2962
3572,3.6464e+00,2962
3573,3.6428e+00,2962
3574,3.6391e+00,2962
3575,3.6355e+00,2962
3576,3.6319e+00,2962
3577,3.6282e+00,2962
3578,3.6246e+00,2962
3579,3.6210e+00,2962
3580,3.6174e+00,2962
3581,3.6137e+00,2982
3582,3.6101e+00,2982
3583,3.6065e+00,2982
3584,3.6029e+00,2982
3585,3.5993e+00,2982
3586,3.5957e+00,2962
3587,3.5921e+00,2962
3588,3.5885e+00,2962
3589,3.5849e+00,2962
3590,3.5813e+00,2962
3591,3.5778e+00,2962
3592,3.5742e+00,2962
3593,3.5706e+00,2957
3594,3.5670e+00,2971
3595,3.5635e+00,2979
3596,3.5599e+00,2979
3597,3.5564e+00,2976
3598,3.5528e+00,2971
3599,3.5492e+00,2957
3600,3.5457e+00,2957
3601,3.5421e+00,2957
3602,3.5386e+00,2957
3603,3.5351e+00,2957
3604,3.5315e+00,2957
3605,3.5280e+00,2957
3606,3.5245e+00,2957
3607,3.5209e+00,2963
3608,3.5174e+00,2963
3609,3.5139e+00,2963
3610,3.5104e+00,2963
3611,3.5069e+00,2963
3612,3.5034e+00,2963
3613,3.4999e+00,2963
3614,3.4964e+00,2963
3615,3.4929e+00,2963
3616,3.4894e+00,2963
3617,3.4859e+00,2963
3618,3.4824e+00,2967
3619,3.4789e+00,2967
3620,3.4754e+00,2967
3621,3.4720e+00,2971
3622,3.4685e+00,2971
3623,3.4650e+00,2984
3624,3.4616e+00,2984
3625,3.4581e+00,2963
3626,3.4546e+00,2967
3627,3.4512e+00,2967
3628,3.4477e+00,2967
3629,3.4443e+00,2967
3630,3.4408e+00,2972
3631,3.4374e+00,2967
3632,3.4340e+00,2971
3633,3.4305e+00,2971
3634,3.4271e+00,2985
3635,3.4237e+00,3003
3636,3.4203e+00,3003
3637,3.4168e+00,3003
3638,3.4134e+00,3003
3639,3.4100e+00,2987
3640,3.4066e+00,2985
3641,3.4032e+00,2981
3642,3.3998e+00,2985
3643,3.3964e+00,3004
3644,3.3930e+00,3001
3645,3.3896e+00,3001
3646,3.3862e+00,2981
3647,3.3828e+00,2981
3648,3.3794e+00,2981
3649,3.3761e+00,2981
3650,3.3727e+00,2961
3651,3.3693e+00,2961
3652,3.3659e+00,2961
3653,3.3626e+00,2961
3654,3.3592e+00,2961
3655,3.3559e+00,2961
3656,3.3525e+00,2957
3657,3.3491e+00,2957
3658,3.3458e+00,2957
3659,3.3424e+00,2957
3660,3.3391e+00,2957
3661,3.3358e+00,2957
3662,3.3324e+00,2957
3663,3.3291e+00,2957
3664,3.3258e+00,2962
3665,3.3224e+00,2962
3666,3.3191e+00,2961
3667,3.3158e+00,2965
3668,3.3125e+00,2968
3669,3.3092e+00,2964
3670,3.3059e+00,2960
3671,3.3026e+00,2960
3672,3.2993e+00,2973
3673,3.2960e+00,2973
3674,3.2927e+00,2973
3675,3.2894e+00,2973
3676,3.2861e+00,2973
3677,3.2828e+00,2973
3678,3.2795e+00,2973
3679,3.2762e+00,2973
3680,3.2730e+00,2973
3681,3.2697e+00,2978
3682,3.2664e+00,2978
3683,3.2631e+00,2978
3684,3.2599e+00,2978
3685,3.2566e+00,2978
3686,3.2534e+00,2978
3687,3.2501e+00,2975
3688,3.2469e+00,2975
3689,3.2436e+00,2975
3690,3.2404e+00,2975
3691,3.2371e+00,2975
3692,3.2339e+00,2975
3693,3.2307e+00,2981
3694,3.2274e+00,2975
3695,3.2242e+00,2991
3696,3.2210e+00,2991
3697,3.2178e+00,2975
3698,3.2145e+00,2975
3699,3.2113e+00,2975
3700,3.2081e+00,2975
3701,3.2049e+00,2975
3702,3.2017e+00,2975
3703,3.1985e+00,2975
3704,3.1953e+00,2975
3705,3.1921e+00,2975
3706,3.1889e+00,2975
3707,3.1857e+00,2981
3708,3.1825e+00,2981
3709,3.1794e+00,2985
3710,3.1762e+00,2981
3711,3.1730e+00,2986
3712,3.1698e+00,2986
3713,3.1667e+00,2986
3714,3.1635e+00,2968
3715,3.1603e+00,2972
3716,3.1572e+00,2972
3717,3.1540e+00,2972
3718,3.1509e+00,2972
3719,3.1477e+00,2968
3720,3.1446e+00,2968
3721,3.1414e+00,2968
3722,3.1383e+00,2968
3723,3.1351e+00,2968
3724,3.1320e+00,2968
3725,3.1289e+00,2968
3726,3.1257e+00,2968
3727,3.1226e+00,2963
3728,3.1195e+00,2963
3729,3.1164e+00,2962
3730,3.1133e+00,2962
3731,3.1101e+00,2962
3732,3.1070e+00,2962
3733,3.1039e+00,2962
3734,3.1008e+00,2962
3735,3.0977e+00,2962
3736,3.0946e+00,2966
3737,3.0915e+00,2966
3738,3.0884e+00,2966
3739,3.0853e+00,2966
3740,3.0823e+00,2966
3741,3.0792e+00,2966
3742,3.0761e+00,2966
3743,3.0730e+00,2966
3744,3.0699e+00,2966
3745,3.0669e+00,2969
3746,3.0638e+00,2966
3747,3.0607e+00,2962
3748,3.0577e+00,2962
3749,3.0546e+00,2962
3750,3.0516e+00,2962
3751,3.0485e+00,2962
3752,3.0455e+00,2962
3753,3.0424e+00,2962
3754,3.0394e+00,2962
3755,3.0363e+00,2962
3756,3.0333e+00,2962
3757,3.0303e+00,2962
3758,3.0272e+00,2962
3759,3.0242e+00,2962
3760,3.0212e+00,2962
3761,3.0182e+00,2962
3762,3.0152e+00,2962
3763,3.0121e+00,2962
3764,3.0091e+00,2962
3765,3.0061e+00,2980
3766,3.0031e+00,2982
3767,3.0001e+00,2977
3768,2.9971e+00,2977
3769,2.9941e+00,2957
3770,2.9911e+00,2957
3771,2.9881e+00,2957
3772,2.9851e+00,2957
3773,2.9822e+00,2957
3774,2.9792e+00,2957
3775,2.9762e+00,2957
3776,2.9732e+00,2957
3777,2.9702e+00,2957
3778,2.9673e+00,2969
3779,2.9643e+00,2969
3780,2.9613e+00,2963
3781,2.9584e+00,2966
3782,2.9554e+00,2966
3783,2.9525e+00,2966
3784,2.9495e+00,2966
3785,2.9466e+00,2966
3786,2.9436e+00,2966
3787,2.9407e+00,2966
3788,2.9377e+00,2984
3789,2.9348e+00,2984
3790,2.9319e+00,2984
3791,2.9289e+00,2966
3792,2.9260e+00,2966
3793,2.9231e+00,2966
3794,2.9202e+00,2966
3795,2.9172e+00,2966
3796,2.9143e+00,2966
3797,2.9114e+00,2966
3798,2.9085e+00,2966
3799,2.9056e+00,2966
3800,2.9027e+00,2966
3801,2.8998e+00,2966
3802,2.8969e+00,2966
3803,2.8940e+00,2966
3804,2.8911e+00,2966
3805,2.8882e+00,2966
3806,2.8853e+00,2966
3807,2.8824e+00,2966
3808,2.8795e+00,2968
3809,2.8767e+00,2982
3810,2.8738e+00,2982
3811,2.8709e+00,2969
3812,2.8680e+00,2969
3813,2.8652e+00,2969
3814,2.8623e+00,2969
3815,2.8594e+00,2983
3816,2.8566e+00,2983
3817,2.8537e+00,2977
3818,2.8509e+00,2963
3819,2.8480e+00,2963
3820,2.8452e+00,2963
3821,2.8423e+00,2963
3822,2.8395e+00,2963
3823,2.8366e+00,2963
3824,2.8338e+00,2963
3825,2.8310e+00,2977
3826,2.8281e+00,2977
3827,2.8253e+00,2982
3828,2.8225e+00,2982
3829,2.8197e+00,2987
3830,2.8168e+00,2991
3831,2.8140e+00,2986
3832,2.8112e+00,2984
3833,2.8084e+00,2980
3834,2.8056e+00,2966
3835,2.8028e+00,2966
3836,2.8000e+00,2966
3837,2.7972e+00,2966
3838,2.7944e+00,2966
3839,2.7916e+00,2966
3840,2.7888e+00,2966
3841,2.7860e+00,2966
3842,2.7832e+00,2979
3843,2.7804e+00,2979
3844,2.7777e+00,2979
3845,2.7749e+00,2979
3846,2.7721e+00,2979
3847,2.7693e+00,2979
3848,2.7666e+00,2979
3849,2.7638e+00,2979
3850,2.7610e+00,2991
3851,2.7583e+00,2991
3852,2.7555e+00,2991
3853,2.7528e+00,2991
3854,2.7500e+00,2995
3855,2.7473e+00,2980
3856,2.7445e+00,2980
3857,2.7418e+00,2980
3858,2.7390e+00,2980
3859,2.7363e+00,2984
3860,2.7336e+00,2984
3861,2.7308e+00,2984
3862,2.7281e+00,2984
3863,2.7254e+00,2993
3864,2.7226e+00,2989
3865,2.7199e+00,2989
3866,2.7172e+00,2985
3867,2.7145e+00,2985
3868,2.7118e+00,2985
3869,2.7091e+00,2985
3870,2.7063e+00,2984
3871,2.7036e+00,2984
3872,2.7009e+00,2984
3873,2.6982e+00,2980
3874,2.6955e+00,2980
3875,2.6928e+00,2980
3876,2.6901e+00,2980
3877,2.6875e+00,2980
3878,2.6848e+00,2980
3879,2.6821e+00,2980
3880,2.6794e+00,2980
3881,2.6767e+00,2980
3882,2.6740e+00,2984
3883,2.6714e+00,2984
3884,2.6687e+00,2984
3885,2.6660e+00,2984
3886,2.6634e+00,2984
3887,2.6607e+00,2980
3888,2.6580e+00,2980
3889,2.6554e+00,2983
3890,2.6527e+00,2983
3891,2.6501e+00,2983
3892,2.6474e+00,2983
3893,2.6448e+00,2983
3894,2.6421e+00,2977
3895,2.6395e+00,2978
3896,2.6369e+00,2974
3897,2.6342e+00,2974
3898,2.6316e+00,2974
3899,2.6289e+00,2974
3900,2.6263e+00,2974
3901,2.6237e+00,2970
3902,2.6211e+00,2970
3903,2.6184e+00,2970
3904,2.6158e+00,2970
3905,2.6132e+00,2970
3906,2.6106e+00,2970
3907,2.6080e+00,2970
3908,2.6054e+00,2970
3909,2.6028e+00,2970
3910,2.6002e+00,2970
3911,2.5976e+00,2970
3912,2.5950e+00,2970
3913,2.5924e+00,2970
3914,2.5898e+00,2970
3915,2.5872e+00,2970
3916,2.5846e+00,2970
3917,2.5820e+00,2970
3918,2.5794e+00,2970
3919,2.5769e+00,2970
3920,2.5743e+00,2970
3921,2.5717e+00,2970
3922,2.5691e+00,2970
3923,2.5666e+00,2970
3924,2.5640e+00,2970
3925,2.5614e+00,2970
3926,2.5589e+00,2970
3927,2.5563e+00,2970
3928,2.5538e+00,2970
3929,2.5512e+00,2973
3930,2.5487e+00,2973
3931,2.5461e+00,2973
3932,2.5436e+00,2973
3933,2.5410e+00,2981
3934,2.5385e+00,2981
3935,2.5359e+00,2981
3936,2.5334e+00,2981
3937,2.5309e+00,2973
3938,2.5283e+00,2978
3939,2.5258e+00,2978
3940,2.5233e+00,2978
3941,2.5208e+00,2978
3942,2.5182e+00,2978
3943,2.5157e+00,2975
3944,2.5132e+00,2975
3945,2.5107e+00,2975
3946,2.5082e+00,2975
3947,2.5057e+00,2975
3948,2.5032e+00,2975
3949,2.5007e+00,2975
3950,2.4982e+00,2975
3951,2.4957e+00,2975
3952,2.4932e+00,2975
3953,2.4907e+00,2975
3954,2.4882e+00,2975
3955,2.4857e+00,2975
3956,2.4832e+00,2975
3957,2.4807e+00,2975
3958,2.4783e+00,2975
3959,2.4758e+00,2975
3960,2.4733e+00,2975
3961,2.4708e+00,2975
3962,2.4684e+00,2980
3963,2.4659e+00,2980
3964,2.4634e+00,2980
3965,2.4610e+00,2980
3966,2.4585e+00,2980
3967,2.4560e+00,2980
3968,2.4536e+00,2980
3969,2.4511e+00,2980
3970,2.4487e+00,2975
3971,2.4462e+00,2975
3972,2.4438e+00,2975
3973,2.4413e+00,2975
3974,2.4389e+00,2975
3975,2.4365e+00,2975
3976,2.4340e+00,2975
3977,2.4316e+00,2975
3978,2.4292e+00,2975
3979,2.4267e+00,2975
3980,2.4243e+00,2975
3981,2.4219e+00,2979
3982,2.4195e+00,2979
3983,2.4170e+00,2979
3984,2.4146e+00,2979
3985,2.4122e+00,2975
3986,2.4098e+00,2975
3987,2.4074e+00,2975
3988,2.4050e+00,2987
3989,2.4026e+00,2987
3990,2.4002e+00,2987
3991,2.3978e+00,2987
3992,2.3954e+00,2990
3993,2.3930e+00,2990
3994,2.3906e+00,2990
3995,2.3882e+00,2990
3996,2.3858e+00,2990
3997,2.3834e+00,2978
3998,2.3810e+00,2978
3999,2.3787e+00,2978
4000,2.3763e+00,2965
4001,2.3739e+00,2965
4002,2.3715e+00,2965
4003,2.3692e+00,2965
4004,2.3668e+00,2973
4005,2.3644e+00,2965
4006,2.3621e+00,2965
4007,2.3597e+00,2965
4008,2.3573e+00,2962
4009,2.3550e+00,2965
4010,2.3526e+00,2965
4011,2.3503e+00,2965
4012,2.3479e+00,2965
4013,2.3456e+00,2965
4014,2.3432e+00,2965
4015,2.3409e+00,2965
4016,2.3385e+00,2965
4017,2.3362e+00,2965
4018,2.3339e+00,2962
4019,2.3315e+00,2962
4020,2.3292e+00,2962
4021,2.3269e+00,2962
4022,2.3245e+00,2962
4023,2.3222e+00,2962
4024,2.3199e+00,2962
4025,2.3176e+00,2962
4026,2.3153e+00,2962
4027,2.3129e+00,2962
4028,2.3106e+00,2962
4029,2.3083e+00,2962
4030,2.3060e+00,2962
4031,2.3037e+00,2962
4032,2.3014e+00,2962
4033,2.2991e+00,2962
4034,2.2968e+00,2962
4035,2.2945e+00,2962
4036,2.2922e+00,2962
4037,2.2899e+00,2962
4038,2.2876e+00,2962
4039,2.2853e+00,2962
4040,2.2831e+00,2962
4041,2.2808e+00,2962
4042,2.2785e+00,2965
4043,2.2762e+00,2965
4044,2.2739e+00,2965
4045,2.2717e+00,2965
4046,2.2694e+00,2965
4047,2.2671e+00,2960
4048,2.2649e+00,2960
4049,2.2626e+00,2960
4050,2.2603e+00,2960
4051,2.2581e+00,2960
4052,2.2558e+00,2960
4053,2.2535e+00,2960
4054,2.2513e+00,2960
4055,2.2490e+00,2960
4056,2.2468e+00,2960
4057,2.2445e+00,2960
4058,2.2423e+00,2960
4059,2.2401e+00,2960
4060,2.2378e+00,2960
4061,2.2356e+00,2960
4062,2.2333e+00,2960
4063,2.2311e+00,2960
4064,2.2289e+00,2960
4065,2.2267e+00,2960
4066,2.2244e+00,2960
4067,2.2222e+00,2960
4068,2.2200e+00,2960
4069,2.2178e+00,2960
4070,2.2155e+00,2960
4071,2.2133e+00,2960
4072,2.2111e+00,2960
4073,2.2089e+00,2960
4074,2.2067e+00,2960
4075,2.2045e+00,2960
4076,2.2023e+00,2960
4077,2.2001e+00,2960
4078,2.1979e+00,2960
4079,2.1957e+00,2960
4080,2.1935e+00,2960
4081,2.1913e+00,2965
4082,2.1891e+00,2965
4083,2.1869e+00,2962
4084,2.1847e+00,2962
4085,2.1825e+00,2957
4086,2.1804e+00,2957
4087,2.1782e+00,2957
4088,2.1760e+00,2957
4089,2.1738e+00,2957
4090,2.1717e+00,2957
4091,2.1695e+00,2961
4092,2.1673e+00,2961
4093,2.1651e+00,2961
4094,2.1630e+00,2961
4095,2.1608e+00,2961
4096,2.1587e+00,2961
4097,2.1565e+00,2961
4098,2.1543e+00,2961
4099,2.1522e+00,2961
4100,2.1500e+00,2961
4101,2.1479e+00,2961
4102,2.1457e+00,2961
4103,2.1436e+00,2961
4104,2.1414e+00,2961
4105,2.1393e+00,2961
4106,2.1372e+00,2961
4107,2.1350e+00,2961
4108,2.1329e+00,2961
4109,2.1308e+00,2961
4110,2.1286e+00,2961
4111,2.1265e+00,2961
4112,2.1244e+00,2961
4113,2.1222e+00,2961
4114,2.1201e+00,2961
4115,2.1180e+00,2961
4116,2.1159e+00,2961
4117,2.1138e+00,2961
4118,2.1117e+00,2966
4119,2.1095e+00,2961
4120,2.1074e+00,2961
4121,2.1053e+00,2961
4122,2.1032e+00,2961
4123,2.1011e+00,2961
4124,2.0990e+00,2961
4125,2.0969e+00,2961
4126,2.0948e+00,2965
4127,2.0927e+00,2965
4128,2.0906e+00,2961
4129,2.0885e+00,2961
4130,2.0865e+00,2961
4131,2.0844e+00,2961
4132,2.0823e+00,2961
4133,2.0802e+00,2961
4134,2.0781e+00,2961
4135,2.0760e+00,2961
4136,2.0740e+00,2957
4137,2.0719e+00,2957
4138,2.0698e+00,2957
4139,2.0678e+00,2957
4140,2.0657e+00,2957
4141,2.0636e+00,2957
4142,2.0616e+00,2957
4143,2.0595e+00,2957
4144,2.0574e+00,2960
4145,2.0554e+00,2960
4146,2.0533e+00,2960
4147,2.0513e+00,2965
4148,2.0492e+00,2965
4149,2.0472e+00,2965
4150,2.0451e+00,2965
4151,2.0431e+00,2965
4152,2.0410e+00,2965
4153,2.0390e+00,2965
4154,2.0370e+00,2965
4155,2.0349e+00,2969
4156,2.0329e+00,2969
4157,2.0309e+00,2969
4158,2.0288e+00,2964
4159,2.0268e+00,2961
4160,2.0248e+00,2961
4161,2.0227e+00,2961
4162,2.0207e+00,2961
4163,2.0187e+00,2961
4164,2.0167e+00,2961
4165,2.0147e+00,2961
4166,2.0126e+00,2961
4167,2.0106e+00,2961
4168,2.0086e+00,2961
4169,2.0066e+00,2961
4170,2.0046e+00,2961
4171,2.0026e+00,2961
4172,2.0006e+00,2961
4173,1.9986e+00,2961
4174,1.9966e+00,2966
4175,1.9946e+00,2966
4176,1.9926e+00,2966
4177,1.9906e+00,2970
4178,1.9886e+00,2970
4179,1.9866e+00,2970
4180,1.9847e+00,2970
4181,1.9827e+00,2966
4182,1.9807e+00,2966
4183,1.9787e+00,2966
4184,1.9767e+00,2969
4185,1.9747e+00,2969
4186,1.9728e+00,2966
4187,1.9708e+00,2961
4188,1.9688e+00,2961
4189,1.9669e+00,2961
4190,1.9649e+00,2961
4191,1.9629e+00,2961
4192,1.9610e+00,2961
4193,1.9590e+00,2957
4194,1.9570e+00,2957
4195,1.9551e+00,2957
4196,1.9531e+00,2957
4197,1.9512e+00,2957
4198,1.9492e+00,2957
4199,1.9473e+00,2957
4200,1.9453e+00,2957
4201,1.9434e+00,2957
4202,1.9414e+00,2957
4203,1.9395e+00,2957
4204,1.9376e+00,2957
4205,1.9356e+00,2957
4206,1.9337e+00,2957
4207,1.9318e+00,2957
4208,1.9298e+00,2957
4209,1.9279e+00,2957
4210,1.9260e+00,2957
4211,1.9240e+00,2957
4212,1.9221e+00,2957
4213,1.9202e+00,2957
4214,1.9183e+00,2957
4215,1.9164e+00,2957
4216,1.9144e+00,2957
4217,1.9125e+00,2957
4218,1.9106e+00,2957
4219,1.9087e+00,2957
4220,1.9068e+00,2957
4221,1.9049e+00,2957
4222,1.9030e+00,2957
4223,1.9011e+00,2957
4224,1.8992e+00,2957
4225,1.8973e+00,2957
4226,1.8954e+00,2957
4227,1.8935e+00,2957
4228,1.8916e+00,2957
4229,1.8897e+00,2957
4230,1.8878e+00,2957
4231,1.8859e+00,2957
4232,1.8840e+00,2957
4233,1.8822e+00,2957
4234,1.8803e+00,2957
4235,1.8784e+00,2957
4236,1.8765e+00,2957
4237,1.8746e+00,2957
4238,1.8728e+00,2957
4239,1.8709e+00,2957
4240,1.8690e+00,2957
4241,1.8671e+00,2957
4242,1.8653e+00,2960
4243,1.8634e+00,2960
4244,1.8616e+00,2960
4245,1.8597e+00,2960
4246,1.8578e+00,2960
4247,1.8560e+00,2960
4248,1.8541e+00,2960
4249,1.8523e+00,2960
4250,1.8504e+00,2960
4251,1.8486e+00,2960
4252,1.8467e+00,2960
4253,1.8449e+00,2960
4254,1.8430e+00,2960
4255,1.8412e+00,2960
4256,1.8393e+00,2960
4257,1.8375e+00,2960
4258,1.8357e+00,2960
4259,1.8338e+00,2960
4260,1.8320e+00,2960
4261,1.8302e+00,2957
4262,1.8283e+00,2957
4263,1.8265e+00,2957
4264,1.8247e+00,2957
4265,1.8228e+00,2957
4266,1.8210e+00,2957
4267,1.8192e+00,2957
4268,1.8174e+00,2957
4269,1.8156e+00,2957
4270,1.8138e+00,2957
4271,1.8119e+00,2957
4272,1.8101e+00,2960
4273,1.8083e+00,2960
4274,1.8065e+00,2960
4275,1.8047e+00,2968
4276,1.8029e+00,2968
4277,1.8011e+00,2968
4278,1.7993e+00,2960
4279,1.7975e+00,2960
4280,1.7957e+00,2960
4281,1.7939e+00,2957
4282,1.7921e+00,2957
4283,1.7903e+00,2962
4284,1.7885e+00,2962
4285,1.7867e+00,2962
4286,1.7849e+00,2962
4287,1.7832e+00,2962
4288,1.7814e+00,2962
4289,1.7796e+00,2962
4290,1.7778e+00,2962
4291,1.7760e+00,2962
4292,1.7743e+00,2962
4293,1.7725e+00,2962
4294,1.7707e+00,2962
4295,1.7689e+00,2962
4296,1.7672e+00,2962
4297,1.7654e+00,2962
4298,1.7636e+00,2962
4299,1.7619e+00,2962
4300,1.7601e+00,2962
4301,1.7584e+00,2962
4302,1.7566e+00,2962
4303,1.7548e+00,2962
4304,1.7531e+00,2962
4305,1.7513e+00,2962
4306,1.7496e+00,2965
4307,1.7478e+00,2965
4308,1.7461e+00,2965
4309,1.7443e+00,2965
4310,1.7426e+00,2965
4311,1.7409e+00,2965
4312,1.7391e+00,2965
4313,1.7374e+00,2965
4314,1.7356e+00,2965
4315,1.7339e+00,2965
4316,1.7322e+00,2962
4317,1.7304e+00,2962
4318,1.7287e+00,2962
4319,1.7270e+00,2962
4320,1.7253e+00,2962
4321,1.7235e+00,2962
4322,1.7218e+00,2962
4323,1.7201e+00,2962
4324,1.7184e+00,2962
4325,1.7166e+00,2962
4326,1.7149e+00,2962
4327,1.7132e+00,2962
4328,1.7115e+00,2962
4329,1.7098e+00,2962
4330,1.7081e+00,2962
4331,1.7064e+00,2962
4332,1.7047e+00,2962
4333,1.7030e+00,2962
4334,1.7013e+00,2962
4335,1.6996e+00,2962
4336,1.6979e+00,2962
4337,1.6962e+00,2962
4338,1.6945e+00,2962
4339,1.6928e+00,2962
4340,1.6911e+00,2962
4341,1.6894e+00,2962
4342,1.6877e+00,2962
4343,1.6860e+00,2962
4344,1.6843e+00,2962
4345,1.6826e+00,2962
4346,1.6810e+00,2962
4347,1.6793e+00,2962
4348,1.6776e+00,2962
4349,1.6759e+00,2962
4350,1.6742e+00,2962
4351,1.6726e+00,2962
4352,1.6709e+00,2962
4353,1.6692e+00,2962
4354,1.6676e+00,2962
4355,1.6659e+00,2962
4356,1.6642e+00,2962
4357,1.6626e+00,2962
4358,1.6609e+00,2962
4359,1.6592e+00,2962
4360,1.6576e+00,2962
4361,1.6559e+00,2962
4362,1.6543e+00,2962
4363,1.6526e+00,2962
4364,1.6510e+00,2965
4365,1.6493e+00,2965
4366,1.6476e+00,2965
4367,1.6460e+00,2965
4368,1.6444e+00,2960
4369,1.6427e+00,2960
4370,1.6411e+00,2960
4371,1.6394e+00,2960
4372,1.6378e+00,2960
4373,1.6362e+00,2960
4374,1.6345e+00,2960
4375,1.6329e+00,2964
4376,1.6312e+00,2960
4377,1.6296e+00,2960
4378,1.6280e+00,2960
4379,1.6264e+00,2960
4380,1.6247e+00,2960
4381,1.6231e+00,2960
4382,1.6215e+00,2960
4383,1.6199e+00,2960
4384,1.6182e+00,2960
4385,1.6166e+00,2960
4386,1.6150e+00,2960
4387,1.6134e+00,2960
4388,1.6118e+00,2960
4389,1.6102e+00,2960
4390,1.6086e+00,2960
4391,1.6069e+00,2960
4392,1.6053e+00,2960
4393,1.6037e+00,2960
4394,1.6021e+00,2960
4395,1.6005e+00,2960
4396,1.5989e+00,2960
4397,1.5973e+00,2961
4398,1.5957e+00,2961
4399,1.5941e+00,2961
4400,1.5925e+00,2961
4401,1.5910e+00,2961
4402,1.5894e+00,2961
4403,1.5878e+00,2961
4404,1.5862e+00,2961
4405,1.5846e+00,2961
4406,1.5830e+00,2961
4407,1.5814e+00,2957
4408,1.5798e+00,2957
4409,1.5783e+00,2957
4410,1.5767e+00,2957
4411,1.5751e+00,2957
4412,1.5735e+00,2957
4413,1.5720e+00,2957
4414,1.5704e+00,2957
4415,1.5688e+00,2957
4416,1.5673e+00,2957
4417,1.5657e+00,2957
4418,1.5641e+00,2957
4419,1.5626e+00,2957
4420,1.5610e+00,2957
4421,1.5594e+00,2957
4422,1.5579e+00,2957
4423,1.5563e+00,2960
4424,1.5548e+00,2960
4425,1.5532e+00,2960
4426,1.5517e+00,2960
4427,1.5501e+00,2960
4428,1.5485e+00,2960
4429,1.5470e+00,2957
4430,1.5455e+00,2957
4431,1.5439e+00,2957
4432,1.5424e+00,2957
4433,1.5408e+00,2957
4434,1.5393e+00,2957
4435,1.5377e+00,2957
4436,1.5362e+00,2957
4437,1.5347e+00,2957
4438,1.5331e+00,2957
4439,1.5316e+00,2957
4440,1.5301e+00,2957
4441,1.5285e+00,2957
4442,1.5270e+00,2957
4443,1.5255e+00,2957
4444,1.5240e+00,2957
4445,1.5224e+00,2957
4446,1.5209e+00,2957
4447,1.5194e+00,2957
4448,1.5179e+00,2957
4449,1.5164e+00,2957
4450,1.5148e+00,2957
4451,1.5133e+00,2957
4452,1.5118e+00,2957
4453,1.5103e+00,2957
4454,1.5088e+00,2957
4455,1.5073e+00,2957
4456,1.5058e+00,2957
4457,1.5043e+00,2957
4458,1.5028e+00,2957
4459,1.5013e+00,2957
4460,1.4998e+00,2957
4461,1.4983e+00,2957
4462,1.4968e+00,2957
4463,1.4953e+00,2957
4464,1.4938e+00,2957
4465,1.4923e+00,2957
4466,1.4908e+00,2957
4467,1.4893e+00,2962
4468,1.4878e+00,2957
4469,1.4863e+00,2957
4470,1.4848e+00,2957
4471,1.4833e+00,2957
4472,1.4819e+00,2957
4473,1.4804e+00,2963
4474,1.4789e+00,2957
4475,1.4774e+00,2957
4476,1.4759e+00,2957
4477,1.4745e+00,2957
4478,1.4730e+00,2957
4479,1.4715e+00,2957
4480,1.4700e+00,2957
4481,1.4686e+00,2957
4482,1.4671e+00,2957
4483,1.4656e+00,2957
4484,1.4642e+00,2957
4485,1.4627e+00,2957
4486,1.4612e+00,2962
4487,1.4598e+00,2962
4488,1.4583e+00,2962
4489,1.4569e+00,2962
4490,1.4554e+00,2962
4491,1.4540e+00,2957
4492,1.4525e+00,2957
4493,1.4510e+00,2957
4494,1.4496e+00,2957
4495,1.4481e+00,2957
4496,1.4467e+00,2957
4497,1.4453e+00,2957
4498,1.4438e+00,2957
4499,1.4424e+00,2957
4500,1.4409e+00,2957
4501,1.4395e+00,2957
4502,1.4380e+00,2957
4503,1.4366e+00,2957
4504,1.4352e+00,2957
4505,1.4337e+00,2957
4506,1.4323e+00,2957
4507,1.4309e+00,2957
4508,1.4294e+00,2957
4509,1.4280e+00,2957
4510,1.4266e+00,2957
4511,1.4252e+00,2957
4512,1.4237e+00,2957
4513,1.4223e+00,2957
4514,1.4209e+00,2960
4515,1.4195e+00,2960
4516,1.4180e+00,2960
4517,1.4166e+00,2960
4518,1.4152e+00,2960
4519,1.4138e+00,2960
4520,1.4124e+00,2960
4521,1.4110e+00,2960
4522,1.4096e+00,2960
4523,1.4081e+00,2960
4524,1.4067e+00,2960
4525,1.4053e+00,2960
4526,1.4039e+00,2960
4527,1.4025e+00,2960
4528,1.4011e+00,2960
4529,1.3997e+00,2960
4530,1.3983e+00,2960
4531,1.3969e+00,2960
4532,1.3955e+00,2960
4533,1.3941e+00,2960
4534,1.3927e+00,2960
4535,1.3913e+00,2960
4536,1.3899e+00,2960
4537,1.3886e+00,2960
4538,1.3872e+00,2960
4539,1.3858e+00,2960
4540,1.3844e+00,2960
4541,1.3830e+00,2960
4542,1.3816e+00,2960
4543,1.3802e+00,2960
4544,1.3789e+00,2960
4545,1.3775e+00,2960
4546,1.3761e+00,2960
4547,1.3747e+00,2960
4548,1.3734e+00,2965
4549,1.3720e+00,2965
4550,1.3706e+00,2965
4551,1.3692e+00,2965
4552,1.3679e+00,2965
4553,1.3665e+00,2960
4554,1.3651e+00,2960
4555,1.3638e+00,2960
4556,1.3624e+00,2960
4557,1.3610e+00,2960
4558,1.3597e+00,2960
4559,1.3583e+00,2960
4560,1.3570e+00,2960
4561,1.3556e+00,2960
4562,1.3543e+00,2960
4563,1.3529e+00,2957
4564,1.3515e+00,2957
4565,1.3502e+00,2957
4566,1.3488e+00,2957
4567,1.3475e+00,2957
4568,1.3462e+00,2957
4569,1.3448e+00,2957
4570,1.3435e+00,2957
4571,1.3421e+00,2957
4572,1.3408e+00,2957
4573,1.3394e+00,2957
4574,1.3381e+00,2957
4575,1.3368e+00,2957
4576,1.3354e+00,2957
4577,1.3341e+00,2957
4578,1.3327e+00,2957
4579,1.3314e+00,2960
4580,1.3301e+00,2960
4581,1.3288e+00,2960
4582,1.3274e+00,2960
4583,1.3261e+00,2960
4584,1.3248e+00,2960
4585,1.3234e+00,2960
4586,1.3221e+00,2960
4587,1.3208e+00,2960
4588,1.3195e+00,2960
4589,1.3182e+00,2960
4590,1.3168e+00,2960
4591,1.3155e+00,2960
4592,1.3142e+00,2960
4593,1.3129e+00,2960
4594,1.3116e+00,2960
4595,1.3103e+00,2960
4596,1.3090e+00,2960
4597,1.3077e+00,2960
4598,1.3063e+00,2960
4599,1.3050e+00,2960
4600,1.3037e+00,2960
4601,1.3024e+00,2960
4602,1.3011e+00,2960
4603,1.2998e+00,2960
4604,1.2985e+00,2960
4605,1.2972e+00,2960
4606,1.2959e+00,2957
4607,1.2946e+00,2957
4608,1.2933e+00,2957
4609,1.2920e+00,2957
4610,1.2908e+00,2957
4611,1.2895e+00,2957
4612,1.2882e+00,2957
4613,1.2869e+00,2957
4614,1.2856e+00,2957
4615,1.2843e+00,2957
4616,1.2830e+00,2957
4617,1.2817e+00,2957
4618,1.2805e+00,2957
4619,1.2792e+00,2957
4620,1.2779e+00,2957
4621,1.2766e+00,2957
4622,1.2754e+00,2957
4623,1.2741e+00,2957
4624,1.2728e+00,2957
4625,1.2715e+00,2957
4626,1.2703e+00,2957
4627,1.2690e+00,2957
4628,1.2677e+00,2961
4629,1.2665e+00,2961
4630,1.2652e+00,2957
4631,1.2639e+00,2957
4632,1.2627e+00,2957
4633,1.2614e+00,2957
4634,1.2601e+00,2961
4635,1.2589e+00,2961
4636,1.2576e+00,2961
4637,1.2564e+00,2961
4638,1.2551e+00,2961
4639,1.2538e+00,2961
4640,1.2526e+00,2961
4641,1.2513e+00,2957
4642,1.2501e+00,2957
4643,1.2488e+00,2957
4644,1.2476e+00,2957
4645,1.2463e+00,2957
4646,1.2451e+00,2957
4647,1.2438e+00,2957
4648,1.2426e+00,2957
4649,1.2414e+00,2957
4650,1.2401e+00,2957
4651,1.2389e+00,2957
4652,1.2376e+00,2957
4653,1.2364e+00,2957
4654,1.2352e+00,2957
4655,1.2339e+00,2957
4656,1.2327e+00,2957
4657,1.2315e+00,2957
4658,1.2302e+00,2957
4659,1.2290e+00,2957
4660,1.2278e+00,2957
4661,1.2265e+00,2957
4662,1.2253e+00,2957
4663,1.2241e+00,2957
4664,1.2229e+00,2957
4665,1.2216e+00,2957
4666,1.2204e+00,2957
4667,1.2192e+00,2957
4668,1.2180e+00,2957
4669,1.2168e+00,2957
4670,1.2156e+00,2957
4671,1.2143e+00,2957
4672,1.2131e+00,2957
4673,1.2119e+00,2957
4674,1.2107e+00,2957
4675,1.2095e+00,2957
4676,1.2083e+00,2957
4677,1.2071e+00,2957
4678,1.2059e+00,2957
4679,1.2047e+00,2957
4680,1.2035e+00,2957
4681,1.2022e+00,2957
4682,1.2010e+00,2957
4683,1.1998e+00,2957
4684,1.1986e+00,2957
4685,1.1974e+00,2957
4686,1.1962e+00,2957
4687,1.1951e+00,2957
4688,1.1939e+00,2957
4689,1.1927e+00,2957
4690,1.1915e+00,2957
4691,1.1903e+00,2957
4692,1.1891e+00,2957
4693,1.1879e+00,2957
4694,1.1867e+00,2957
4695,1.1855e+00,2957
4696,1.1843e+00,2957
4697,1.1832e+00,2957
4698,1.1820e+00,2957
4699,1.1808e+00,2957
4700,1.1796e+00,2957
4701,1.1784e+00,2957
4702,1.1773e+00,2957
4703,1.1761e+00,2957
4704,1.1749e+00,2957
4705,1.1737e+00,2957
4706,1.1725e+00,2957
4707,1.1714e+00,2957
4708,1.1702e+00,2957
4709,1.1690e+00,2962
4710,1.1679e+00,2962
4711,1.1667e+00,2962
4712,1.1655e+00,2962
4713,1.1644e+00,2962
4714,1.1632e+00,2962
4715,1.1620e+00,2962
4716,1.1609e+00,2962
4717,1.1597e+00,2962
4718,1.1586e+00,2962
4719,1.1574e+00,2962
4720,1.1562e+00,2962
4721,1.1551e+00,2962
4722,1.1539e+00,2962
4723,1.1528e+00,2962
4724,1.1516e+00,2962
4725,1.1505e+00,2962
4726,1.1493e+00,2962
4727,1.1482e+00,2962
4728,1.1470e+00,2962
4729,1.1459e+00,2962
4730,1.1447e+00,2962
4731,1.1436e+00,2962
4732,1.1424e+00,2962
4733,1.1413e+00,2962
4734,1.1402e+00,2957
4735,1.1390e+00,2957
4736,1.1379e+00,2957
4737,1.1367e+00,2957
4738,1.1356e+00,2957
4739,1.1345e+00,2957
4740,1.1333e+00,2957
4741,1.1322e+00,2957
4742,1.1311e+00,2957
4743,1.1299e+00,2957
4744,1.1288e+00,2957
4745,1.1277e+00,2957
4746,1.1266e+00,2957
4747,1.1254e+00,2957
4748,1.1243e+00,2957
4749,1.1232e+00,2957
4750,1.1221e+00,2957
4751,1.1209e+00,2957
4752,1.1198e+00,2957
4753,1.1187e+00,2957
4754,1.1176e+00,2957
4755,1.1165e+00,2957
4756,1.1153e+00,2957
4757,1.1142e+00,2957
4758,1.1131e+00,2957
4759,1.1120e+00,2957
4760,1.1109e+00,2957
4761,1.1098e+00,2957
4762,1.1087e+00,2957
4763,1.1076e+00,2957
4764,1.1064e+00,2957
4765,1.1053e+00,2957
4766,1.1042e+00,2957
4767,1.1031e+00,2957
4768,1.1020e+00,2957
4769,1.1009e+00,2957
4770,1.0998e+00,2957
4771,1.0987e+00,2957
4772,1.0976e+00,2957
4773,1.0965e+00,2957
4774,1.0954e+00,2957
4775,1.0943e+00,2960
4776,1.0932e+00,2960
4777,1.0921e+00,2960
4778,1.0911e+00,2960
4779,1.0900e+00,2960
4780,1.0889e+00,2960
4781,1.0878e+00,2960
4782,1.0867e+00,2960
4783,1.0856e+00,2960
4784,1.0845e+00,2960
4785,1.0834e+00,2960
4786,1.0824e+00,2960
4787,1.0813e+00,2960
4788,1.0802e+00,2960
4789,1.0791e+00,2960
4790,1.0780e+00,2960
4791,1.0770e+00,2960
4792,1.0759e+00,2960
4793,1.0748e+00,2960
4794,1.0737e+00,2960
4795,1.0727e+00,2960
4796,1.0716e+00,2957
4797,1.0705e+00,2957
4798,1.0694e+00,2957
4799,1.0684e+00,2957
4800,1.0673e+00,2957
4801,1.0662e+00,2957
4802,1.0652e+00,2957
4803,1.0641e+00,2957
4804,1.0630e+00,2957
4805,1.0620e+00,2957
4806,1.0609e+00,2957
4807,1.0599e+00,2957
4808,1.0588e+00,2957
4809,1.0577e+00,2957
4810,1.0567e+00,2957
4811,1.0556e+00,2957
4812,1.0546e+00,2957
4813,1.0535e+00,2957
4814,1.0525e+00,2957
4815,1.0514e+00,2957
4816,1.0504e+00,2957
4817,1.0493e+00,2957
4818,1.0483e+00,2957
4819,1.0472e+00,2957
4820,1.0462e+00,2957
4821,1.0451e+00,2957
4822,1.0441e+00,2957
4823,1.0430e+00,2957
4824,1.0420e+00,2957
4825,1.0409e+00,2957
4826,1.0399e+00,2957
4827,1.0389e+00,2957
4828,1.0378e+00,2957
4829,1.0368e+00,2957
4830,1.0357e+00,2957
4831,1.0347e+00,2957
4832,1.0337e+00,2957
4833,1.0326e+00,2957
4834,1.0316e+00,2957
4835,1.0306e+00,2957
4836,1.0295e+00,2957
4837,1.0285e+00,2957
4838,1.0275e+00,2957
4839,1.0265e+00,2957
4840,1.0254e+00,2957
4841,1.0244e+00,2957
4842,1.0234e+00,2957
4843,1.0224e+00,2957
4844,1.0213e+00,2957
4845,1.0203e+00,2957
4846,1.0193e+00,2957
4847,1.0183e+00,2957
4848,1.0173e+00,2957
4849,1.0162e+00,2957
4850,1.0152e+00,2957
4851,1.0142e+00,2957
4852,1.0132e+00,2957
4853,1.0122e+00,2957
4854,1.0112e+00,2957
4855,1.0102e+00,2957
4856,1.0091e+00,2957
4857,1.0081e+00,2957
4858,1.0071e+00,2957
4859,1.0061e+00,2957
4860,1.0051e+00,2957
4861,1.0041e+00,2957
4862,1.0031e+00,2957
4863,1.0021e+00,2957
4864,1.0011e+00,2957
4865,1.0001e+00,2957
4866,9.9910e-01,2957
4867,9.9810e-01,2957
4868,9.9710e-01,2957
4869,9.9611e-01,2957
4870,9.9511e-01,2957
4871,9.9411e-01,2957
4872,9.9312e-01,2957
4873,9.9213e-01,2957
4874,9.9114e-01,2957
4875,9.9014e-01,2957
4876,9.8915e-01,2957
4877,9.8816e-01,2957
4878,9.8718e-01,2957
4879,9.8619e-01,2957
4880,9.8520e-01,2957
4881,9.8422e-01,2957
4882,9.8323e-01,2957
4883,9.8225e-01,2957
4884,9.8127e-01,2957
4885,9.8029e-01,2957
4886,9.7931e-01,2957
4887,9.7833e-01,2957
4888,9.7735e-01,2957
4889,9.7637e-01,2957
4890,9.7540e-01,2957
4891,9.7442e-01,2957
4892,9.7345e-01,2957
4893,9.7247e-01,2957
4894,9.7150e-01,2957
4895,9.7053e-01,2957
4896,9.6956e-01,2957
4897,9.6859e-01,2957
4898,9.6762e-01,2957
4899,9.6665e-01,2957
4900,9.6569e-01,2957
4901,9.6472e-01,2957
4902,9.6375e-01,2957
4903,9.6279e-01,2957
4904,9.6183e-01,2957
4905,9.6087e-01,2957
4906,9.5991e-01,2957
4907,9.5895e-01,2957
4908,9.5799e-01,2957
4909,9.5703e-01,2957
4910,9.5607e-01,2957
4911,9.5512e-01,2957
4912,9.5416e-01,2957
4913,9.5321e-01,2957
4914,9.5225e-01,2957
4915,9.5130e-01,2957
4916,9.5035e-01,2957
4917,9.4940e-01,2957
4918,9.4845e-01,2957
4919,9.4750e-01,2957
4920,9.4655e-01,2957
4921,9.4561e-01,2957
4922,9.4466e-01,2957
4923,9.4372e-01,2957
4924,9.4277e-01,2957
4925,9.4183e-01,2957
4926,9.4089e-01,2957
4927,9.3995e-01,2957
4928,9.3901e-01,2957
4929,9.3807e-01,2957
4930,9.3713e-01,2957
4931,9.3619e-01,2957
4932,9.3526e-01,2957
4933,9.3432e-01,2957
4934,9.3339e-01,2957
4935,9.3245e-01,2957
4936,9.3152e-01,2957
4937,9.3059e-01,2957
4938,9.2966e-01,2957
4939,9.2873e-01,2957
4940,9.2780e-01,2957
4941,9.2687e-01,2957
4942,9.2595e-01,2957
4943,9.2502e-01,2957
4944,9.2410e-01,2957
4945,9.2317e-01,2957
4946,9.2225e-01,2957
4947,9.2133e-01,2957
4948,9.2041e-01,2957
4949,9.1948e-01,2957
4950,9.1857e-01,2957
4951,9.1765e-01,2957
4952,9.1673e-01,2957
4953,9.1581e-01,2957
4954,9.1490e-01,2957
4955,9.1398e-01,2957
4956,9.1307e-01,2957
4957,9.1215e-01,2957
4958,9.1124e-01,2957
4959,9.1033e-01,2957
4960,9.0942e-01,2957
4961,9.0851e-01,2957
4962,9.0760e-01,2957
4963,9.0670e-01,2957
4964,9.0579e-01,2957
4965,9.0488e-01,2957
4966,9.0398e-01,2957
4967,9.0307e-01,2957
4968,9.0217e-01,2957
4969,9.0127e-01,2957
4970,9.0037e-01,2957
4971,8.9947e-01,2957
4972,8.9857e-01,2957
4973,8.9767e-01,2957
4974,8.9677e-01,2957
4975,8.9587e-01,2957
4976,8.9498e-01,2957
4977,8.9408e-01,2957
4978,8.9319e-01,2957
4979,8.9230e-01,2957
4980,8.9140e-01,2957
4981,8.9051e-01,2957
4982,8.8962e-01,2957
4983,8.8873e-01,2957
4984,8.8784e-01,2957
4985,8.8696e-01,2957
4986,8.8607e-01,2957
4987,8.8518e-01,2957
4988,8.8430e-01,2957
4989,8.8341e-01,2957
4990,8.8253e-01,2957
4991,8.8165e-01,2957
4992,8.8077e-01,2957
4993,8.7989e-01,2957
4994,8.7901e-01,2957
4995,8.7813e-01,2957
4996,8.7725e-01,2957
4997,8.7637e-01,2957
4998,8.7549e-01,2957
4999,8.7462e-01,2957
5000,8.7374e-01,2957
5001,8.7287e-01,2957
5002,8.7200e-01,2957
5003,8.7113e-01,2957
5004,8.7025e-01,2957
5005,8.6938e-01,2957
5006,8.6852e-01,2957
5007,8.6765e-01,2957
5008,8.6678e-01,2957
5009,8.6591e-01,2957
5010,8.6505e-01,2957
5011,8.6418e-01,2957
5012,8.6332e-01,2957
5013,8.6245e-01,2957
5014,8.6159e-01,2957
5015,8.6073e-01,2957
5016,8.5987e-01,2957
5017,8.5901e-01,2957
5018,8.5815e-01,2957
5019,8.5729e-01,2957
5020,8.5643e-01,2957
5021,8.5558e-01,2957
5022,8.5472e-01,2957
5023,8.5387e-01,2957
5024,8.5301e-01,2957
5025,8.5216e-01,2957
5026,8.5131e-01,2957
5027,8.5046e-01,2957
5028,8.4961e-01,2957
5029,8.4876e-01,2957
5030,8.4791e-01,2957
5031,8.4706e-01,2957
5032,8.4621e-01,2957
5033,8.4537e-01,2957
5034,8.4452e-01,2957
5035,8.4368e-01,2957
5036,8.4283e-01,2957
5037,8.4199e-01,2957
5038,8.4115e-01,2957
5039,8.4031e-01,2957
5040,8.3947e-01,2957
5041,8.3863e-01,2957
5042,8.3779e-01,2957
5043,8.3695e-01,2957
5044,8.3611e-01,2957
5045,8.3528e-01,2957
5046,8.3444e-01,2957
5047,8.3361e-01,2957
5048,8.3278e-01,2957
5049,8.3194e-01,2957
5050,8.3111e-01,2957
5051,8.3028e-01,2957
5052,8.2945e-01,2957
5053,8.2862e-01,2957
5054,8.2779e-01,2957
5055,8.2696e-01,2957
5056,8.2614e-01,2957
5057,8.2531e-01,2957
5058,8.2449e-01,2957
5059,8.2366e-01,2957
5060,8.2284e-01,2957
5061,8.2201e-01,2957
5062,8.2119e-01,2957
5063,8.2037e-01,2957
5064,8.1955e-01,2957
5065,8.1873e-01,2957
5066,8.1791e-01,2957
5067,8.1709e-01,2957
5068,8.1628e-01,2957
5069,8.1546e-01,2957
5070,8.1465e-01,2957
5071,8.1383e-01,2957
5072,8.1302e-01,2957
5073,8.1220e-01,2957
5074,8.1139e-01,2957
5075,8.1058e-01,2957
5076,8.0977e-01,2957
5077,8.0896e-01,2957
5078,8.0815e-01,2957
5079,8.0734e-01,2957
5080,8.0654e-01,2957
5081,8.0573e-01,2957
5082,8.0492e-01,2957
5083,8.0412e-01,2957
5084,8.0331e-01,2957
5085,8.0251e-01,2957
5086,8.0171e-01,2957
5087,8.0091e-01,2957
5088,8.0011e-01,2957
5089,7.9931e-01,2957
5090,7.9851e-01,2957
5091,7.9771e-01,2957
5092,7.9691e-01,2957
5093,7.9611e-01,2957
5094,7.9532e-01,2957
5095,7.9452e-01,2957
5096,7.9373e-01,2957
5097,7.9293e-01,2957
5098,7.9214e-01,2957
5099,7.9135e-01,2957
5100,7.9056e-01,2957
5101,7.8977e-01,2957
5102,7.8898e-01,2957
5103,7.8819e-01,2957
5104,7.8740e-01,2957
5105,7.8661e-01,2957
5106,7.8583e-01,2957
5107,7.8504e-01,2957
5108,7.8425e-01,2957
5109,7.8347e-01,2957
5110,7.8269e-01,2957
5111,7.8190e-01,2957
5112,7.8112e-01,2957
5113,7.8034e-01,2957
5114,7.7956e-01,2957
5115,7.7878e-01,2957
5116,7.7800e-01,2957
5117,7.7722e-01,2957
5118,7.7645e-01,2957
5119,7.7567e-01,2957
5120,7.7490e-01,2957
5121,7.7412e-01,2957
5122,7.7335e-01,2957
5123,7.7257e-01,2957
5124,7.7180e-01,2957
5125,7.7103e-01,2957
5126,7.7026e-01,2957
5127,7.6949e-01,2957
5128,7.6872e-01,2957
5129,7.6795e-01,2957
5130,7.6718e-01,2957
5131,7.6641e-01,2957
5132,7.6565e-01,2957
5133,7.6488e-01,2957
5134,7.6412e-01,2957
5135,7.6335e-01,2957
5136,7.6259e-01,2957
5137,7.6183e-01,2957
5138,7.6107e-01,2957
5139,7.6030e-01,2957
5140,7.5954e-01,2957
5141,7.5878e-01,2957
5142,7.5803e-01,2957
5143,7.5727e-01,2957
5144,7.5651e-01,2957
5145,7.5575e-01,2957
5146,7.5500e-01,2957
5147,7.5424e-01,2957
5148,7.5349e-01,2957
5149,7.5274e-01,2957
5150,7.5198e-01,2957
5151,7.5123e-01,2957
5152,7.5048e-01,2957
5153,7.4973e-01,2957
5154,7.4898e-01,2957
5155,7.4823e-01,2957
5156,7.4748e-01,2957
5157,7.4673e-01,2957
5158,7.4599e-01,2957
5159,7.4524e-01,2957
5160,7.4450e-01,2957
5161,7.4375e-01,2957
5162,7.4301e-01,2957
5163,7.4227e-01,2957
5164,7.4152e-01,2957
5165,7.4078e-01,2957
5166,7.4004e-01,2957
5167,7.3930e-01,2957
5168,7.3856e-01,2957
5169,7.3782e-01,2957
5170,7.3708e-01,2957
5171,7.3635e-01,2957
5172,7.3561e-01,2957
5173,7.3488e-01,2957
5174,7.3414e-01,2957
5175,7.3341e-01,2957
5176,7.3267e-01,2957
5177,7.3194e-01,2957
5178,7.3121e-01,2957
5179,7.3048e-01,2957
5180,7.2975e-01,2957
5181,7.2902e-01,2957
5182,7.2829e-01,2957
5183,7.2756e-01,2957
5184,7.2683e-01,2957
5185,7.2611e-01,2957
5186,7.2538e-01,2957
5187,7.2465e-01,2957
5188,7.2393e-01,2957
5189,7.2321e-01,2957
5190,7.2248e-01,2957
5191,7.2176e-01,2957
5192,7.2104e-01,2957
5193,7.2032e-01,2957
5194,7.1960e-01,2957
5195,7.1888e-01,2957
5196,7.1816e-01,2957
5197,7.1744e-01,2957
5198,7.1672e-01,2957
5199,7.1601e-01,2957
5200,7.1529e-01,2957
5201,7.1457e-01,2957
5202,7.1386e-01,2957
5203,7.1315e-01,2957
5204,7.1243e-01,2957
5205,7.1172e-01,2957
5206,7.1101e-01,2957
5207,7.1030e-01,2957
5208,7.0959e-01,2957
5209,7.0888e-01,2957
5210,7.0817e-01,2957
5211,7.0746e-01,2957
5212,7.0675e-01,2957
5213,7.0605e-01,2957
5214,7.0534e-01,2957
5215,7.0464e-01,2957
5216,7.0393e-01,2957
5217,7.0323e-01,2957
5218,7.0252e-01,2957
5219,7.0182e-01,2957
5220,7.0112e-01,2957
5221,7.0042e-01,2957
5222,6.9972e-01,2957
5223,6.9902e-01,2957
5224,6.9832e-01,2957
5225,6.9762e-01,2957
5226,6.9692e-01,2957
5227,6.9623e-01,2957
5228,6.9553e-01,2957
5229,6.9483e-01,2957
5230,6.9414e-01,2957
5231,6.9345e-01,2957
5232,6.9275e-01,2957
5233,6.9206e-01,2957
5234,6.9137e-01,2957
5235,6.9068e-01,2957
5236,6.8999e-01,2957
5237,6.8930e-01,2957
5238,6.8861e-01,2957
5239,6.8792e-01,2957
5240,6.8723e-01,2957
5241,6.8654e-01,2957
5242,6.8586e-01,2957
5243,6.8517e-01,2957
5244,6.8448e-01,2957
5245,6.8380e-01,2957
5246,6.8312e-01,2957
5247,6.8243e-01,2957
5248,6.8175e-01,2957
5249,6.8107e-01,2957
5250,6.8039e-01,2957
5251,6.7971e-01,2957
5252,6.7903e-01,2957
5253,6.7835e-01,2957
5254,6.7767e-01,2960
5255,6.7699e-01,2960
5256,6.7632e-01,2960
5257,6.7564e-01,2957
5258,6.7496e-01,2957
5259,6.7429e-01,2957
5260,6.7361e-01,2957
5261,6.7294e-01,2957
5262,6.7227e-01,2957
5263,6.7160e-01,2957
5264,6.7092e-01,2957
5265,6.7025e-01,2957
5266,6.6958e-01,2957
5267,6.6891e-01,2957
5268,6.6824e-01,2957
5269,6.6758e-01,2957
5270,6.6691e-01,2957
5271,6.6624e-01,2957
5272,6.6558e-01,2957
5273,6.6491e-01,2957
5274,6.6424e-01,2957
5275,6.6358e-01,2957
5276,6.6292e-01,2957
5277,6.6225e-01,2957
5278,6.6159e-01,2957
5279,6.6093e-01,2957
5280,6.6027e-01,2957
5281,6.5961e-01,2957
5282,6.5895e-01,2957
5283,6.5829e-01,2957
5284,6.5763e-01,2957
5285,6.5697e-01,2957
5286,6.5632e-01,2957
5287,6.5566e-01,2957
5288,6.5501e-01,2957
5289,6.5435e-01,2957
5290,6.5370e-01,2957
5291,6.5304e-01,2957
5292,6.5239e-01,2957
5293,6.5174e-01,2957
5294,6.5109e-01,2957
5295,6.5043e-01,2957
5296,6.4978e-01,2957
5297,6.4913e-01,2957
5298,6.4849e-01,2957
5299,6.4784e-01,2957
5300,6.4719e-01,2957
5301,6.4654e-01,2957
5302,6.4590e-01,2957
5303,6.4525e-01,2957
5304,6.4460e-01,2957
5305,6.4396e-01,2957
5306,6.4332e-01,2957
5307,6.4267e-01,2957
5308,6.4203e-01,2957
5309,6.4139e-01,2957
5310,6.4075e-01,2957
5311,6.4011e-01,2957
5312,6.3947e-01,2957
5313,6.3883e-01,2957
5314,6.3819e-01,2957
5315,6.3755e-01,2957
5316,6.3691e-01,2957
5317,6.3627e-01,2957
5318,6.3564e-01,2957
5319,6.3500e-01,2957
5320,6.3437e-01,2957
5321,6.3373e-01,2957
5322,6.3310e-01,2957
5323,6.3247e-01,2957
5324,6.3183e-01,2957
5325,6.3120e-01,2957
5326,6.3057e-01,2957
5327,6.2994e-01,2957
5328,6.2931e-01,2957
5329,6.2868e-01,2957
5330,6.2805e-01,2957
5331,6.2742e-01,2957
5332,6.2680e-01,2957
5333,6.2617e-01,2957
5334,6.2554e-01,2957
5335,6.2492e-01,2957
5336,6.2429e-01,2957
5337,6.2367e-01,2957
5338,6.2305e-01,2957
5339,6.2242e-01,2957
5340,6.2180e-01,2957
5341,6.2118e-01,2957
5342,6.2056e-01,2957
5343,6.1994e-01,2957
5344,6.1932e-01,2957
5345,6.1870e-01,2957
5346,6.1808e-01,2957
5347,6.1746e-01,2957
5348,6.1684e-01,2957
5349,6.1623e-01,2957
5350,6.1561e-01,2957
5351,6.1499e-01,2957
5352,6.1438e-01,2957
5353,6.1376e-01,2957
5354,6.1315e-01,2957
5355,6.1254e-01,2957
5356,6.1193e-01,2957
5357,6.1131e-01,2957
5358,6.1070e-01,2957
5359,6.1009e-01,2957
5360,6.0948e-01,2957
5361,6.0887e-01,2957
5362,6.0826e-01,2957
5363,6.0765e-01,2957
5364,6.0705e-01,2957
5365,6.0644e-01,2957
5366,6.0583e-01,2957
5367,6.0523e-01,2957
5368,6.0462e-01,2957
5369,6.0402e-01,2957
5370,6.0341e-01,2957
5371,6.0281e-01,2957
5372,6.0221e-01,2957
5373,6.0161e-01,2957
5374,6.0100e-01,2957
5375,6.0040e-01,2957
5376,5.9980e-01,2957
5377,5.9920e-01,2957
5378,5.9860e-01,2957
5379,5.9800e-01,2957
5380,5.9741e-01,2957
5381,5.9681e-01,2957
5382,5.9621e-01,2957
5383,5.9562e-01,2957
5384,5.9502e-01,2957
5385,5.9443e-01,2957
5386,5.9383e-01,2957
5387,5.9324e-01,2957
5388,5.9264e-01,2957
5389,5.9205e-01,2957
5390,5.9146e-01,2957
5391,5.9087e-01,2957
5392,5.9028e-01,2957
5393,5.8969e-01,2957
5394,5.8910e-01,2957
5395,5.8851e-01,2957
5396,5.8792e-01,2957
5397,5.8733e-01,2957
5398,5.8674e-01,2957
5399,5.8616e-01,2957
5400,5.8557e-01,2957
5401,5.8499e-01,2957
5402,5.8440e-01,2957
5403,5.8382e-01,2957
5404,5.8323e-01,2957
5405,5.8265e-01,2957
5406,5.8207e-01,2957
5407,5.8148e-01,2957
5408,5.8090e-01,2957
5409,5.8032e-01,2957
5410,5.7974e-01,2957
5411,5.7916e-01,2957
5412,5.7858e-01,2957
5413,5.7800e-01,2957
5414,5.7743e-01,2957
5415,5.7685e-01,2957
5416,5.7627e-01,2957
5417,5.7570e-01,2957
5418,5.7512e-01,2957
5419,5.7454e-01,2957
5420,5.7397e-01,2957
5421,5.7340e-01,2957
5422,5.7282e-01,2957
5423,5.7225e-01,2957
5424,5.7168e-01,2957
5425,5.7111e-01,2957
5426,5.7054e-01,2957
5427,5.6996e-01,2957
5428,5.6939e-01,2957
5429,5.6883e-01,2957
5430,5.6826e-01,2957
5431,5.6769e-01,2957
5432,5.6712e-01,2957
5433,5.6655e-01,2957
5434,5.6599e-01,2957
5435,5.6542e-01,2957
5436,5.6486e-01,2957
5437,5.6429e-01,2957
5438,5.6373e-01,2957
5439,5.6316e-01,2957
5440,5.6260e-01,2957
5441,5.6204e-01,2957
5442,5.6147e-01,2957
5443,5.6091e-01,2957
5444,5.6035e-01,2957
5445,5.5979e-01,2957
5446,5.5923e-01,2957
5447,5.5867e-01,2957
5448,5.5811e-01,2957
5449,5.5756e-01,2957
5450,5.5700e-01,2957
5451,5.5644e-01,2957
5452,5.5589e-01,2957
5453,5.5533e-01,2957
5454,5.5477e-01,2957
5455,5.5422e-01,2957
5456,5.5367e-01,2957
5457,5.5311e-01,2957
5458,5.5256e-01,2957
5459,5.5201e-01,2957
5460,5.5145e-01,2957
5461,5.5090e-01,2957
5462,5.5035e-01,2957
5463,5.4980e-01,2957
5464,5.4925e-01,2957
5465,5.4870e-01,2957
5466,5.4815e-01,2957
5467,5.4761e-01,2957
5468,5.4706e-01,2957
5469,5.4651e-01,2957
5470,5.4596e-01,2957
5471,5.4542e-01,2957
5472,5.4487e-01,2957
5473,5.4433e-01,2957
5474,5.4378e-01,2957
5475,5.4324e-01,2957
5476,5.4270e-01,2957
5477,5.4215e-01,2957
5478,5.4161e-01,2957
5479,5.4107e-01,2957
5480,5.4053e-01,2957
5481,5.3999e-01,2957
5482,5.3945e-01,2957
5483,5.3891e-01,2957
5484,5.3837e-01,2957
5485,5.3783e-01,2957
5486,5.3729e-01,2957
5487,5.3676e-01,2957
5488,5.3622e-01,2957
5489,5.3568e-01,2957
5490,5.3515e-01,2957
5491,5.3461e-01,2957
5492,5.3408e-01,2957
5493,5.3354e-01,2957
5494,5.3301e-01,2957
5495,5.3248e-01,2957
5496,5.3194e-01,2957
5497,5.3141e-01,2957
5498,5.3088e-01,2957
5499,5.3035e-01,2957
5500,5.2982e-01,2957
5501,5.2929e-01,2957
5502,5.2876e-01,2957
5503,5.2823e-01,2957
5504,5.2770e-01,2957
5505,5.2718e-01,2957
5506,5.2665e-01,2957
5507,5.2612e-01,2957
5508,5.2560e-01,2957
5509,5.2507e-01,2957
5510,5.2455e-01,2957
5511,5.2402e-01,2957
5512,5.2350e-01,2957
5513,5.2297e-01,2957
5514,5.2245e-01,2957
5515,5.2193e-01,2957
5516,5.2141e-01,2957
5517,5.2089e-01,2957
5518,5.2036e-01,2957
5519,5.1984e-01,2957
5520,5.1932e-01,2957
5521,5.1880e-01,2957
5522,5.1829e-01,2957
5523,5.1777e-01,2957
5524,5.1725e-01,2957
5525,5.1673e-01,2957
5526,5.1622e-01,2957
5527,5.1570e-01,2957
5528,5.1518e-01,2957
5529,5.1467e-01,2957
5530,5.1415e-01,2957
5531,5.1364e-01,2957
5532,5.1313e-01,2957
5533,5.1261e-01,2957
5534,5.1210e-01,2957
5535,5.1159e-01,2957
5536,5.1108e-01,2957
5537,5.1057e-01,2957
5538,5.1006e-01,2957
5539,5.0955e-01,2957
5540,5.0904e-01,2957
5541,5.0853e-01,2957
5542,5.0802e-01,2957
5543,5.0751e-01,2957
5544,5.0700e-01,2957
5545,5.0650e-01,2957
5546,5.0599e-01,2957
5547,5.0548e-01,2957
5548,5.0498e-01,2957
5549,5.0447e-01,2957
5550,5.0397e-01,2957
5551,5.0346e-01,2957
5552,5.0296e-01,2957
5553,5.0246e-01,2957
5554,5.0196e-01,2957
5555,5.0145e-01,2957
5556,5.0095e-01,2957
5557,5.0045e-01,2957
5558,4.9995e-01,2957
5559,4.9945e-01,2957
5560,4.9895e-01,2957
5561,4.9845e-01,2957
5562,4.9795e-01,2957
5563,4.9746e-01,2957
5564,4.9696e-01,2957
5565,4.9646e-01,2957
5566,4.9596e-01,2957
5567,4.9547e-01,2957
5568,4.9497e-01,2957
5569,4.9448e-01,2957
5570,4.9398e-01,2957
5571,4.9349e-01,2957
5572,4.9300e-01,2957
5573,4.9250e-01,2957
5574,4.9201e-01,2957
5575,4.9152e-01,2957
5576,4.9103e-01,2957
5577,4.9054e-01,2957
5578,4.9005e-01,2957
5579,4.8956e-01,2957
5580,4.8907e-01,2957
5581,4.8858e-01,2957
5582,4.8809e-01,2957
5583,4.8760e-01,2957
5584,4.8711e-01,2957
5585,4.8663e-01,2957
5586,4.8614e-01,2957
5587,4.8565e-01,2957
5588,4.8517e-01,2957
5589,4.8468e-01,2957
5590,4.8420e-01,2957
5591,4.8371e-01,2957
5592,4.8323e-01,2957
5593,4.8275e-01,2957
5594,4.8226e-01,2957
5595,4.8178e-01,2957
5596,4.8130e-01,2957
5597,4.8082e-01,2957
5598,4.8034e-01,2957
5599,4.7986e-01,2957
5600,4.7938e-01,2957
5601,4.7890e-01,2957
5602,4.7842e-01,2957
5603,4.7794e-01,2957
5604,4.7746e-01,2957
5605,4.7699e-01,2957
5606,4.7651e-01,2957
5607,4.7603e-01,2957
5608,4.7556e-01,2957
5609,4.7508e-01,2957
5610,4.7460e-01,2957
5611,4.7413e-01,2957
5612,4.7366e-01,2957
5613,4.7318e-01,2957
5614,4.7271e-01,2957
5615,4.7224e-01,2957
5616,4.7176e-01,2957
5617,4.7129e-01,2957
5618,4.7082e-01,2957
5619,4.7035e-01,2957
5620,4.6988e-01,2957
5621,4.6941e-01,2957
5622,4.6894e-01,2957
5623,4.6847e-01,2957
5624,4.6800e-01,2957
5625,4.6754e-01,2957
5626,4.6707e-01,2957
5627,4.6660e-01,2957
5628,4.6613e-01,2957
5629,4.6567e-01,2957
5630,4.6520e-01,2957
5631,4.6474e-01,2957
5632,4.6427e-01,2957
5633,4.6381e-01,2957
5634,4.6334e-01,2957
5635,4.6288e-01,2957
5636,4.6242e-01,2957
5637,4.6196e-01,2957
5638,4.6149e-01,2957
5639,4.6103e-01,2957
5640,4.6057e-01,2957
5641,4.6011e-01,2957
5642,4.5965e-01,2957
5643,4.5919e-01,2957
5644,4.5873e-01,2957
5645,4.5827e-01,2957
5646,4.5781e-01,2957
5647,4.5736e-01,2957
5648,4.5690e-01,2957
5649,4.5644e-01,2957
5650,4.5599e-01,2957
5651,4.5553e-01,2957
5652,4.5507e-01,2957
5653,4.5462e-01,2957
5654,4.5417e-01,2957
5655,4.5371e-01,2957
5656,4.5326e-01,2957
5657,4.5280e-01,2957
5658,4.5235e-01,2957
5659,4.5190e-01,2957
5660,4.5145e-01,2957
5661,4.5100e-01,2957
5662,4.5054e-01,2957
5663,4.5009e-01,2957
5664,4.4964e-01,2957
5665,4.4919e-01,2957
5666,4.4875e-01,2957
5667,4.4830e-01,2957
5668,4.4785e-01,2957
5669,4.4740e-01,2957
5670,4.4695e-01,2957
5671,4.4651e-01,2957
5672,4.4606e-01,2957
5673,4.4561e-01,2957
5674,4.4517e-01,2957
5675,4.4472e-01,2957
5676,4.4428e-01,2957
5677,4.4383e-01,2957
5678,4.4339e-01,2957
5679,4.4295e-01,2957
5680,4.4250e-01,2957
5681,4.4206e-01,2957
5682,4.4162e-01,2957
5683,4.4118e-01,2957
5684,4.4074e-01,2957
5685,4.4030e-01,2957
5686,4.3985e-01,2957
5687,4.3942e-01,2957
5688,4.3898e-01,2957
5689,4.3854e-01,2957
5690,4.3810e-01,2957
5691,4.3766e-01,2957
5692,4.3722e-01,2957
5693,4.3679e-01,2957
5694,4.3635e-01,2957
5695,4.3591e-01,2957
5696,4.3548e-01,2957
5697,4.3504e-01,2957
5698,4.3461e-01,2957
5699,4.3417e-01,2957
5700,4.3374e-01,2957
5701,4.3330e-01,2957
5702,4.3287e-01,2957
5703,4.3244e-01,2957
5704,4.3200e-01,2957
5705,4.3157e-01,2957
5706,4.3114e-01,2957
5707,4.3071e-01,2957
5708,4.3028e-01,2957
5709,4.2985e-01,2957
5710,4.2942e-01,2957
5711,4.2899e-01,2957
5712,4.2856e-01,2957
5713,4.2813e-01,2957
5714,4.2770e-01,2957
5715,4.2728e-01,2957
5716,4.2685e-01,2957
5717,4.2642e-01,2957
5718,4.2600e-01,2957
5719,4.2557e-01,2957
5720,4.2514e-01,2957
5721,4.2472e-01,2957
5722,4.2429e-01,2957
5723,4.2387e-01,2957
5724,4.2345e-01,2957
5725,4.2302e-01,2957
5726,4.2260e-01,2957
5727,4.2218e-01,2957
5728,4.2175e-01,2957
5729,4.2133e-01,2957
5730,4.2091e-01,2957
5731,4.2049e-01,2957
5732,4.2007e-01,2957
5733,4.1965e-01,2957
5734,4.1923e-01,2957
5735,4.1881e-01,2957
5736,4.1839e-01,2957
5737,4.1797e-01,2957
5738,4.1756e-01,2957
5739,4.1714e-01,2957
5740,4.1672e-01,2957
5741,4.1630e-01,2957
5742,4.1589e-01,2957
5743,4.1547e-01,2957
5744,4.1506e-01,2957
5745,4.1464e-01,2957
5746,4.1423e-01,2957
5747,4.1381e-01,2957
5748,4.1340e-01,2957
5749,4.1299e-01,2957
5750,4.1257e-01,2957
5751,4.1216e-01,2957
5752,4.1175e-01,2957
5753,4.1134e-01,2957
5754,4.1093e-01,2957
5755,4.1051e-01,2957
5756,4.1010e-01,2957
5757,4.0969e-01,2957
5758,4.0928e-01,2957
5759,4.0887e-01,2957
5760,4.0847e-01,2957
5761,4.0806e-01,2957
5762,4.0765e-01,2957
5763,4.0724e-01,2957
5764,4.0683e-01,2957
5765,4.0643e-01,2957
5766,4.0602e-01,2957
5767,4.0561e-01,2957
5768,4.0521e-01,2957
5769,4.0480e-01,2957
5770,4.0440e-01,2957
5771,4.0399e-01,2957
5772,4.0359e-01,2957
5773,4.0319e-01,2957
5774,4.0278e-01,2957
5775,4.0238e-01,2957
5776,4.0198e-01,2957
5777,4.0158e-01,2957
5778,4.0118e-01,2957
5779,4.0077e-01,2957
5780,4.0037e-01,2957
5781,3.9997e-01,2957
5782,3.9957e-01,2957
5783,3.9917e-01,2957
5784,3.9877e-01,2957
5785,3.9838e-01,2957
5786,3.9798e-01,2957
5787,3.9758e-01,2957
5788,3.9718e-01,2957
5789,3.9678e-01,2957
5790,3.9639e-01,2957
5791,3.9599e-01,2957
5792,3.9560e-01,2957
5793,3.9520e-01,2957
5794,3.9480e-01,2957
5795,3.9441e-01,2957
5796,3.9402e-01,2957
5797,3.9362e-01,2957
5798,3.9323e-01,2957
5799,3.9283e-01,2957
5800,3.9244e-01,2957
5801,3.9205e-01,2957
5802,3.9166e-01,2957
5803,3.9127e-01,2957
5804,3.9087e-01,2957
5805,3.9048e-01,2957
5806,3.9009e-01,2957
5807,3.8970e-01,2957
5808,3.8931e-01,2957
5809,3.8892e-01,2957
5810,3.8853e-01,2957
5811,3.8815e-01,2957
5812,3.8776e-01,2957
5813,3.8737e-01,2957
5814,3.8698e-01,2957
5815,3.8660e-01,2957
5816,3.8621e-01,2957
5817,3.8582e-01,2957
5818,3.8544e-01,2957
5819,3.8505e-01,2957
5820,3.8467e-01,2957
5821,3.8428e-01,2957
5822,3.8390e-01,2957
5823,3.8351e-01,2957
5824,3.8313e-01,2957
5825,3.8275e-01,2957
5826,3.8236e-01,2957
5827,3.8198e-01,2957
5828,3.8160e-01,2957
5829,3.8122e-01,2957
5830,3.8084e-01,2957
5831,3.8046e-01,2957
5832,3.8008e-01,2957
5833,3.7970e-01,2957
5834,3.7932e-01,2957
5835,3.7894e-01,2957
5836,3.7856e-01,2957
5837,3.7818e-01,2957
5838,3.7780e-01,2957
5839,3.7742e-01,2957
5840,3.7705e-01,2957
5841,3.7667e-01,2957
5842,3.7629e-01,2957
5843,3.7592e-01,2957
5844,3.7554e-01,2957
5845,3.7516e-01,2957
5846,3.7479e-01,2957
5847,3.7441e-01,2957
5848,3.7404e-01,2957
5849,3.7367e-01,2957
5850,3.7329e-01,2957
5851,3.7292e-01,2957
5852,3.7255e-01,2957
5853,3.7217e-01,2957
5854,3.7180e-01,2957
5855,3.7143e-01,2957
5856,3.7106e-01,2957
5857,3.7069e-01,2957
5858,3.7032e-01,2957
5859,3.6995e-01,2957
5860,3.6958e-01,2957
5861,3.6921e-01,2957
5862,3.6884e-01,2957
5863,3.6847e-01,2957
5864,3.6810e-01,2957
5865,3.6773e-01,2957
5866,3.6736e-01,2957
5867,3.6700e-01,2957
5868,3.6663e-01,2957
5869,3.6626e-01,2957
5870,3.6590e-01,2957
5871,3.6553e-01,2957
5872,3.6517e-01,2957
5873,3.6480e-01,2957
5874,3.6444e-01,2957
5875,3.6407e-01,2957
5876,3.6371e-01,2957
5877,3.6334e-01,2957
5878,3.6298e-01,2957
5879,3.6262e-01,2957
5880,3.6225e-01,2957
5881,3.6189e-01,2957
5882,3.6153e-01,2957
5883,3.6117e-01,2957
5884,3.6081e-01,2957
5885,3.6045e-01,2957
5886,3.6009e-01,2957
5887,3.5973e-01,2957
5888,3.5937e-01,2957
5889,3.5901e-01,2957
5890,3.5865e-01,2957
5891,3.5829e-01,2957
5892,3.5793e-01,2957
5893,3.5757e-01,2957
5894,3.5722e-01,2957
5895,3.5686e-01,2957
5896,3.5650e-01,2957
5897,3.5615e-01,2957
5898,3.5579e-01,2957
5899,3.5543e-01,2957
5900,3.5508e-01,2957
5901,3.5472e-01,2957
5902,3.5437e-01,2957
5903,3.5401e-01,2957
5904,3.5366e-01,2957
5905,3.5331e-01,2957
5906,3.5295e-01,2957
5907,3.5260e-01,2957
5908,3.5225e-01,2957
5909,3.5190e-01,2957
5910,3.5154e-01,2957
5911,3.5119e-01,2957
5912,3.5084e-01,2957
5913,3.5049e-01,2957
5914,3.5014e-01,2957
5915,3.4979e-01,2957
5916,3.4944e-01,2957
5917,3.4909e-01,2957
5918,3.4874e-01,2957
5919,3.4839e-01,2957
5920,3.4804e-01,2957
5921,3.4770e-01,2957
5922,3.4735e-01,2957
5923,3.4700e-01,2957
5924,3.4665e-01,2957
5925,3.4631e-01,2957
5926,3.4596e-01,2957
5927,3.4561e-01,2957
5928,3.4527e-01,2957
5929,3.4492e-01,2957
5930,3.4458e-01,2957
5931,3.4423e-01,2957
5932,3.4389e-01,2957
5933,3.4355e-01,2957
5934,3.4320e-01,2957
5935,3.4286e-01,2957
5936,3.4252e-01,2957
5937,3.4217e-01,2957
5938,3.4183e-01,2957
5939,3.4149e-01,2957
5940,3.4115e-01,2957
5941,3.4081e-01,2957
5942,3.4047e-01,2957
5943,3.4013e-01,2957
5944,3.3979e-01,2957
5945,3.3945e-01,2957
5946,3.3911e-01,2957
5947,3.3877e-01,2957
5948,3.3843e-01,2957
5949,3.3809e-01,2957
5950,3.3775e-01,2957
5951,3.3741e-01,2957
5952,3.3708e-01,2957
5953,3.3674e-01,2957
5954,3.3640e-01,2957
5955,3.3607e-01,2957
5956,3.3573e-01,2957
5957,3.3540e-01,2957
5958,3.3506e-01,2957
5959,3.3472e-01,2957
5960,3.3439e-01,2957
5961,3.3406e-01,2957
5962,3.3372e-01,2957
5963,3.3339e-01,2957
5964,3.3305e-01,2957
5965,3.3272e-01,2957
5966,3.3239e-01,2957
5967,3.3206e-01,2957
5968,3.3172e-01,2957
5969,3.3139e-01,2957
5970,3.3106e-01,2957
5971,3.3073e-01,2957
5972,3.3040e-01,2957
5973,3.3007e-01,2957
5974,3.2974e-01,2957
5975,3.2941e-01,2957
5976,3.2908e-01,2957
5977,3.2875e-01,2957
5978,3.2842e-01,2957
5979,3.2809e-01,2957
5980,3.2777e-01,2957
5981,3.2744e-01,2957
5982,3.2711e-01,2957
5983,3.2678e-01,2957
5984,3.2646e-01,2957
5985,3.2613e-01,2957
5986,3.2580e-01,2957
5987,3.2548e-01,2957
5988,3.2515e-01,2957
5989,3.2483e-01,2957
5990,3.2450e-01,2957
5991,3.2418e-01,2957
5992,3.2385e-01,2957
5993,3.2353e-01,2957
5994,3.2321e-01,2957
5995,3.2288e-01,2957
5996,3.2256e-01,2957
5997,3.2224e-01,2957
5998,3.2192e-01,2957
5999,3.2159e-01,2957
6000,3.2127e-01,2957
6001,3.2095e-01,2957
6002,3.2063e-01,2957
6003,3.2031e-01,2957
6004,3.1999e-01,2957
6005,3.1967e-01,2957
6006,3.1935e-01,2957
6007,3.1903e-01,2957
6008,3.1871e-01,2957
6009,3.1839e-01,2957
6010,3.1807e-01,2957
6011,3.1776e-01,2957
6012,3.1744e-01,2957
6013,3.1712e-01,2957
6014,3.1680e-01,2957
6015,3.1649e-01,2957
6016,3.1617e-01,2957
6017,3.1585e-01,2957
6018,3.1554e-01,2957
6019,3.1522e-01,2957
6020,3.1491e-01,2957
6021,3.1459e-01,2957
6022,3.1428e-01,2957
6023,3.1396e-01,2957
6024,3.1365e-01,2957
6025,3.1334e-01,2957
6026,3.1302e-01,2957
6027,3.1271e-01,2957
6028,3.1240e-01,2957
6029,3.1208e-01,2957
6030,3.1177e-01,2957
6031,3.1146e-01,2957
6032,3.1115e-01,2957
6033,3.1084e-01,2957
6034,3.1053e-01,2957
6035,3.1022e-01,2957
6036,3.0991e-01,2957
6037,3.0960e-01,2957
6038,3.0929e-01,2957
6039,3.0898e-01,2957
6040,3.0867e-01,2957
6041,3.0836e-01,2957
6042,3.0805e-01,2957
6043,3.0774e-01,2957
6044,3.0744e-01,2957
6045,3.0713e-01,2957
6046,3.0682e-01,2957
6047,3.0651e-01,2957
6048,3.0621e-01,2957
6049,3.0590e-01,2957
6050,3.0560e-01,2957
6051,3.0529e-01,2957
6052,3.0498e-01,2957
6053,3.0468e-01,2957
6054,3.0438e-01,2957
6055,3.0407e-01,2957
6056,3.0377e-01,2957
6057,3.0346e-01,2957
6058,3.0316e-01,2957
6059,3.0286e-01,2957
6060,3.0255e-01,2957
6061,3.0225e-01,2957
6062,3.0195e-01,2957
6063,3.0165e-01,2957
6064,3.0134e-01,2957
6065,3.0104e-01,2957
6066,3.0074e-01,2957
6067,3.0044e-01,2957
6068,3.0014e-01,2957
6069,2.9984e-01,2957
6070,2.9954e-01,2957
6071,2.9924e-01,2957
6072,2.9894e-01,2957
6073,2.9864e-01,2957
6074,2.9835e-01,2957
6075,2.9805e-01,2957
6076,2.9775e-01,2957
6077,2.9745e-01,2957
6078,2.9715e-01,2957
6079,2.9686e-01,2957
6080,2.9656e-01,2957
6081,2.9626e-01,2957
6082,2.9597e-01,2957
6083,2.9567e-01,2957
6084,2.9537e-01,2957
6085,2.9508e-01,2957
6086,2.9478e-01,2957
6087,2.9449e-01,2957
6088,2.9420e-01,2957
6089,2.9390e-01,2957
6090,2.9361e-01,2957
6091,2.9331e-01,2957
6092,2.9302e-01,2957
6093,2.9273e-01,2957
6094,2.9243e-01,2957
6095,2.9214e-01,2957
6096,2.9185e-01,2957
6097,2.9156e-01,2957
6098,2.9127e-01,2957
6099,2.9098e-01,2957
6100,2.9068e-01,2957
6101,2.9039e-01,2957
6102,2.9010e-01,2957
6103,2.8981e-01,2957
6104,2.8952e-01,2957
6105,2.8923e-01,2957
6106,2.8894e-01,2957
6107,2.8866e-01,2957
6108,2.8837e-01,2957
6109,2.8808e-01,2957
6110,2.8779e-01,2957
6111,2.8750e-01,2957
6112,2.8722e-01,2957
6113,2.8693e-01,2957
6114,2.8664e-01,2957
6115,2.8635e-01,2957
6116,2.8607e-01,2957
6117,2.8578e-01,2957
6118,2.8550e-01,2957
6119,2.8521e-01,2957
6120,2.8493e-01,2957
6121,2.8464e-01,2957
6122,2.8436e-01,2957
6123,2.8407e-01,2957
6124,2.8379e-01,2957
6125,2.8350e-01,2957
6126,2.8322e-01,2957
6127,2.8294e-01,2957
6128,2.8265e-01,2957
6129,2.8237e-01,2957
6130,2.8209e-01,2957
6131,2.8181e-01,2957
6132,2.8153e-01,2957
6133,2.8124e-01,2957
6134,2.8096e-01,2957
6135,2.8068e-01,2957
6136,2.8040e-01,2957
6137,2.8012e-01,2957
6138,2.7984e-01,2957
6139,2.7956e-01,2957
6140,2.7928e-01,2957
6141,2.7900e-01,2957
6142,2.7872e-01,2957
6143,2.7844e-01,2957
6144,2.7817e-01,2957
6145,2.7789e-01,2957
6146,2.7761e-01,2957
6147,2.7733e-01,2957
6148,2.7705e-01,2957
6149,2.7678e-01,2957
6150,2.7650e-01,2957
6151,2.7622e-01,2957
6152,2.7595e-01,2957
6153,2.7567e-01,2957
6154,2.7540e-01,2957
6155,2.7512e-01,2957
6156,2.7485e-01,2957
6157,2.7457e-01,2957
6158,2.7430e-01,2957
6159,2.7402e-01,2957
6160,2.7375e-01,2957
6161,2.7347e-01,2957
6162,2.7320e-01,2957
6163,2.7293e-01,2957
6164,2.7265e-01,2957
6165,2.7238e-01,2957
6166,2.7211e-01,2957
6167,2.7184e-01,2957
6168,2.7157e-01,2957
6169,2.7129e-01,2957
6170,2.7102e-01,2957
6171,2.7075e-01,2957
6172,2.7048e-01,2957
6173,2.7021e-01,2957
6174,2.6994e-01,2957
6175,2.6967e-01,2957
6176,2.6940e-01,2957
6177,2.6913e-01,2957
6178,2.6886e-01,2957
6179,2.6859e-01,2957
6180,2.6832e-01,2957
6181,2.6806e-01,2957
6182,2.6779e-01,2957
6183,2.6752e-01,2957
6184,2.6725e-01,2957
6185,2.6699e-01,2957
6186,2.6672e-01,2957
6187,2.6645e-01,2957
6188,2.6619e-01,2957
6189,2.6592e-01,2957
6190,2.6565e-01,2957
6191,2.6539e-01,2957
6192,2.6512e-01,2957
6193,2.6486e-01,2957
6194,2.6459e-01,2957
6195,2.6433e-01,2957
6196,2.6406e-01,2957
6197,2.6380e-01,2957
6198,2.6354e-01,2957
6199,2.6327e-01,2957
6200,2.6301e-01,2957
6201,2.6275e-01,2957
6202,2.6248e-01,2957
6203,2.6222e-01,2957
6204,2.6196e-01,2957
6205,2.6170e-01,2957
6206,2.6143e-01,2957
6207,2.6117e-01,2957
6208,2.6091e-01,2957
6209,2.6065e-01,2957
6210,2.6039e-01,2957
6211,2.6013e-01,2957
6212,2.5987e-01,2957
6213,2.5961e-01,2957
6214,2.5935e-01,2957
6215,2.5909e-01,2957
6216,2.5883e-01,2957
6217,2.5857e-01,2957
6218,2.5831e-01,2957
6219,2.5806e-01,2957
6220,2.5780e-01,2957
6221,2.5754e-01,2957
6222,2.5728e-01,2957
6223,2.5703e-01,2957
6224,2.5677e-01,2957
6225,2.5651e-01,2957
6226,2.5626e-01,2957
6227,2.5600e-01,2957
6228,2.5574e-01,2957
6229,2.5549e-01,2957
6230,2.5523e-01,2957
6231,2.5498e-01,2957
6232,2.5472e-01,2957
6233,2.5447e-01,2957
6234,2.5421e-01,2957
6235,2.5396e-01,2957
6236,2.5370e-01,2957
6237,2.5345e-01,2957
6238,2.5320e-01,2957
6239,2.5294e-01,2957
6240,2.5269e-01,2957
6241,2.5244e-01,2957
6242,2.5219e-01,2957
6243,2.5193e-01,2957
6244,2.5168e-01,2957
6245,2.5143e-01,2957
6246,2.5118e-01,2957
6247,2.5093e-01,2957
6248,2.5068e-01,2957
6249,2.5043e-01,2957
6250,2.5018e-01,2957
6251,2.4993e-01,2957
6252,2.4968e-01,2957
6253,2.4943e-01,2957
6254,2.4918e-01,2957
6255,2.4893e-01,2957
6256,2.4868e-01,2957
6257,2.4843e-01,2957
6258,2.4818e-01,2957
6259,2.4793e-01,2957
6260,2.4768e-01,2957
6261,2.4744e-01,2957
6262,2.4719e-01,2957
6263,2.4694e-01,2957
6264,2.4670e-01,2957
6265,2.4645e-01,2957
6266,2.4620e-01,2957
6267,2.4596e-01,2957
6268,2.4571e-01,2957
6269,2.4546e-01,2957
6270,2.4522e-01,2957
6271,2.4497e-01,2957
6272,2.4473e-01,2957
6273,2.4448e-01,2957
6274,2.4424e-01,2957
6275,2.4400e-01,2957
6276,2.4375e-01,2957
6277,2.4351e-01,2957
6278,2.4326e-01,2957
6279,2.4302e-01,2957
6280,2.4278e-01,2957
6281,2.4254e-01,2957
6282,2.4229e-01,2957
6283,2.4205e-01,2957
6284,2.4181e-01,2957
6285,2.4157e-01,2957
6286,2.4133e-01,2957
6287,2.4108e-01,2957
6288,2.4084e-01,2957
6289,2.4060e-01,2957
6290,2.4036e-01,2957
6291,2.4012e-01,2957
6292,2.3988e-01,2957
6293,2.3964e-01,2957
6294,2.3940e-01,2957
6295,2.3916e-01,2957
6296,2.3892e-01,2957
6297,2.3868e-01,2957
6298,2.3844e-01,2957
6299,2.3821e-01,2957
6300,2.3797e-01,2957
6301,2.3773e-01,2957
6302,2.3749e-01,2957
6303,2.3726e-01,2957
6304,2.3702e-01,2957
6305,2.3678e-01,2957
6306,2.3654e-01,2957
6307,2.3631e-01,2957
6308,2.3607e-01,2957
6309,2.3584e-01,2957
6310,2.3560e-01,2957
6311,2.3536e-01,2957
6312,2.3513e-01,2957
6313,2.3489e-01,2957
6314,2.3466e-01,2957
6315,2.3442e-01,2957
6316,2.3419e-01,2957
6317,2.3396e-01,2957
6318,2.3372e-01,2957
6319,2.3349e-01,2957
6320,2.3325e-01,2957
6321,2.3302e-01,2957
6322,2.3279e-01,2957
6323,2.3255e-01,2957
6324,2.3232e-01,2957
6325,2.3209e-01,2957
6326,2.3186e-01,2957
6327,2.3163e-01,2957
6328,2.3139e-01,2957
6329,2.3116e-01,2957
6330,2.3093e-01,2957
6331,2.3070e-01,2957
6332,2.3047e-01,2957
6333,2.3024e-01,2957
6334,2.3001e-01,2957
6335,2.2978e-01,2957
6336,2.2955e-01,2957
6337,2.2932e-01,2957
6338,2.2909e-01,2957
6339,2.2886e-01,2957
6340,2.2863e-01,2957
6341,2.2840e-01,2957
6342,2.2818e-01,2957
6343,2.2795e-01,2957
6344,2.2772e-01,2957
6345,2.2749e-01,2957
6346,2.2726e-01,2957
6347,2.2704e-01,2957
6348,2.2681e-01,2957
6349,2.2658e-01,2957
6350,2.2636e-01,2957
6351,2.2613e-01,2957
6352,2.2590e-01,2957
6353,2.2568e-01,2957
6354,2.2545e-01,2957
6355,2.2523e-01,2957
6356,2.2500e-01,2957
6357,2.2478e-01,2957
6358,2.2455e-01,2957
6359,2.2433e-01,2957
6360,2.2410e-01,2957
6361,2.2388e-01,2957
6362,2.2366e-01,2957
6363,2.2343e-01,2957
6364,2.2321e-01,2957
6365,2.2299e-01,2957
6366,2.2276e-01,2957
6367,2.2254e-01,2957
6368,2.2232e-01,2957
6369,2.2209e-01,2957
6370,2.2187e-01,2957
6371,2.2165e-01,2957
6372,2.2143e-01,2957
6373,2.2121e-01,2957
6374,2.2099e-01,2957
6375,2.2077e-01,2957
6376,2.2054e-01,2957
6377,2.2032e-01,2957
6378,2.2010e-01,2957
6379,2.1988e-01,2957
6380,2.1966e-01,2957
6381,2.1944e-01,2957
6382,2.1922e-01,2957
6383,2.1901e-01,2957
6384,2.1879e-01,2957
6385,2.1857e-01,2957
6386,2.1835e-01,2957
6387,2.1813e-01,2957
6388,2.1791e-01,2957
6389,2.1769e-01,2957
6390,2.1748e-01,2957
6391,2.1726e-01,2957
6392,2.1704e-01,2957
6393,2.1683e-01,2957
6394,2.1661e-01,2957
6395,2.1639e-01,2957
6396,2.1618e-01,2957
6397,2.1596e-01,2957
6398,2.1574e-01,2957
6399,2.1553e-01,2957
6400,2.1531e-01,2957
6401,2.1510e-01,2957
6402,2.1488e-01,2957
6403,2.1467e-01,2957
6404,2.1445e-01,2957
6405,2.1424e-01,2957
6406,2.1402e-01,2957
6407,2.1381e-01,2957
6408,2.1360e-01,2957
6409,2.1338e-01,2957
6410,2.1317e-01,2957
6411,2.1296e-01,2957
6412,2.1274e-01,2957
6413,2.1253e-01,2957
6414,2.1232e-01,2957
6415,2.1210e-01,2957
6416,2.1189e-01,2957
6417,2.1168e-01,2957
6418,2.1147e-01,2957
6419,2.1126e-01,2957
6420,2.1105e-01,2957
6421,2.1084e-01,2957
6422,2.1062e-01,2957
6423,2.1041e-01,2957
6424,2.1020e-01,2957
6425,2.0999e-01,2957
6426,2.0978e-01,2957
6427,2.0957e-01,2957
6428,2.0936e-01,2957
6429,2.0915e-01,2957
6430,2.0895e-01,2957
6431,2.0874e-01,2957
6432,2.0853e-01,2957
6433,2.0832e-01,2957
6434,2.0811e-01,2957
6435,2.0790e-01,2957
6436,2.0769e-01,2957
6437,2.0749e-01,2957
6438,2.0728e-01,2957
6439,2.0707e-01,2957
6440,2.0687e-01,2957
6441,2.0666e-01,2957
6442,2.0645e-01,2957
6443,2.0625e-01,2957
6444,2.0604e-01,2957
6445,2.0583e-01,2957
6446,2.0563e-01,2957
6447,2.0542e-01,2957
6448,2.0522e-01,2957
6449,2.0501e-01,2957
6450,2.0481e-01,2957
6451,2.0460e-01,2957
6452,2.0440e-01,2957
6453,2.0419e-01,2957
6454,2.0399e-01,2957
6455,2.0378e-01,2957
6456,2.0358e-01,2957
6457,2.0338e-01,2957
6458,2.0317e-01,2957
6459,2.0297e-01,2957
6460,2.0277e-01,2957
6461,2.0256e-01,2957
6462,2.0236e-01,2957
6463,2.0216e-01,2957
6464,2.0196e-01,2957
6465,2.0176e-01,2957
6466,2.0155e-01,2957
6467,2.0135e-01,2957
6468,2.0115e-01,2957
6469,2.0095e-01,2957
6470,2.0075e-01,2957
6471,2.0055e-01,2957
6472,2.0035e-01,2957
6473,2.0015e-01,2957
6474,1.9995e-01,2957
6475,1.9975e-01,2957
6476,1.9955e-01,2957
6477,1.9935e-01,2957
6478,1.9915e-01,2957
6479,1.9895e-01,2957
6480,1.9875e-01,2957
6481,1.9855e-01,2957
6482,1.9835e-01,2957
6483,1.9815e-01,2957
6484,1.9796e-01,2957
6485,1.9776e-01,2957
6486,1.9756e-01,2957
6487,1.9736e-01,2957
6488,1.9717e-01,2957
6489,1.9697e-01,2957
6490,1.9677e-01,2957
6491,1.9657e-01,2957
6492,1.9638e-01,2957
6493,1.9618e-01,2957
6494,1.9599e-01,2957
6495,1.9579e-01,2957
6496,1.9559e-01,2957
6497,1.9540e-01,2957
6498,1.9520e-01,2957
6499,1.9501e-01,2957
6500,1.9481e-01,2957
6501,1.9462e-01,2957
6502,1.9442e-01,2957
6503,1.9423e-01,2957
6504,1.9403e-01,2957
6505,1.9384e-01,2957
6506,1.9365e-01,2957
6507,1.9345e-01,2957
6508,1.9326e-01,2957
6509,1.9307e-01,2957
6510,1.9287e-01,2957
6511,1.9268e-01,2957
6512,1.9249e-01,2957
6513,1.9230e-01,2957
6514,1.9210e-01,2957
6515,1.9191e-01,2957
6516,1.9172e-01,2957
6517,1.9153e-01,2957
6518,1.9134e-01,2957
6519,1.9114e-01,2957
6520,1.9095e-01,2957
6521,1.9076e-01,2957
6522,1.9057e-01,2957
6523,1.9038e-01,2957
6524,1.9019e-01,2957
6525,1.9000e-01,2957
6526,1.8981e-01,2957
6527,1.8962e-01,2957
6528,1.8943e-01,2957
6529,1.8924e-01,2957
6530,1.8905e-01,2957
6531,1.8886e-01,2957
6532,1.8867e-01,2957
6533,1.8849e-01,2957
6534,1.8830e-01,2957
6535,1.8811e-01,2957
6536,1.8792e-01,2957
6537,1.8773e-01,2957
6538,1.8754e-01,2957
6539,1.8736e-01,2957
6540,1.8717e-01,2957
6541,1.8698e-01,2957
6542,1.8680e-01,2957
6543,1.8661e-01,2957
6544,1.8642e-01,2957
6545,1.8624e-01,2957
6546,1.8605e-01,2957
6547,1.8586e-01,2957
6548,1.8568e-01,2957
6549,1.8549e-01,2957
6550,1.8531e-01,2957
6551,1.8512e-01,2957
6552,1.8494e-01,2957
6553,1.8475e-01,2957
6554,1.8457e-01,2957
6555,1.8438e-01,2957
6556,1.8420e-01,2957
6557,1.8401e-01,2957
6558,1.8383e-01,2957
6559,1.8365e-01,2957
6560,1.8346e-01,2957
6561,1.8328e-01,2957
6562,1.8310e-01,2957
6563,1.8291e-01,2957
6564,1.8273e-01,2957
6565,1.8255e-01,2957
6566,1.8236e-01,2957
6567,1.8218e-01,2957
6568,1.8200e-01,2957
6569,1.8182e-01,2957
6570,1.8164e-01,2957
6571,1.8145e-01,2957
6572,1.8127e-01,2957
6573,1.8109e-01,2957
6574,1.8091e-01,2957
6575,1.8073e-01,2957
6576,1.8055e-01,2957
6577,1.8037e-01,2957
6578,1.8019e-01,2957
6579,1.8001e-01,2957
6580,1.7983e-01,2957
6581,1.7965e-01,2957
6582,1.7947e-01,2957
6583,1.7929e-01,2957
6584,1.7911e-01,2957
6585,1.7893e-01,2957
6586,1.7875e-01,2957
6587,1.7857e-01,2957
6588,1.7839e-01,2957
6589,1.7822e-01,2957
6590,1.7804e-01,2957
6591,1.7786e-01,2957
6592,1.7768e-01,2957
6593,1.7750e-01,2957
6594,1.7733e-01,2957
6595,1.7715e-01,2957
6596,1.7697e-01,2957
6597,1.7679e-01,2957
6598,1.7662e-01,2957
6599,1.7644e-01,2957
6600,1.7626e-01,2957
6601,1.7609e-01,2957
6602,1.7591e-01,2957
6603,1.7574e-01,2957
6604,1.7556e-01,2957
6605,1.7539e-01,2957
6606,1.7521e-01,2957
6607,1.7503e-01,2957
6608,1.7486e-01,2957
6609,1.7468e-01,2957
6610,1.7451e-01,2957
6611,1.7434e-01,2957
6612,1.7416e-01,2957
6613,1.7399e-01,2957
6614,1.7381e-01,2957
6615,1.7364e-01,2957
6616,1.7347e-01,2957
6617,1.7329e-01,2957
6618,1.7312e-01,2957
6619,1.7295e-01,2957
6620,1.7277e-01,2957
6621,1.7260e-01,2957
6622,1.7243e-01,2957
6623,1.7226e-01,2957
6624,1.7208e-01,2957
6625,1.7191e-01,2957
6626,1.7174e-01,2957
6627,1.7157e-01,2957
6628,1.7140e-01,2957
6629,1.7122e-01,2957
6630,1.7105e-01,2957
6631,1.7088e-01,2957
6632,1.7071e-01,2957
6633,1.7054e-01,2957
6634,1.7037e-01,2957
6635,1.7020e-01,2957
6636,1.7003e-01,2957
6637,1.6986e-01,2957
6638,1.6969e-01,2957
6639,1.6952e-01,2957
6640,1.6935e-01,2957
6641,1.6918e-01,2957
6642,1.6901e-01,2957
6643,1.6884e-01,2957
6644,1.6867e-01,2957
6645,1.6850e-01,2957
6646,1.6834e-01,2957
6647,1.6817e-01,2957
6648,1.6800e-01,2957
6649,1.6783e-01,2957
6650,1.6766e-01,2957
6651,1.6750e-01,2957
6652,1.6733e-01,2957
6653,1.6716e-01,2957
6654,1.6699e-01,2957
6655,1.6683e-01,2957
6656,1.6666e-01,2957
6657,1.6649e-01,2957
6658,1.6633e-01,2957
6659,1.6616e-01,2957
6660,1.6599e-01,2957
6661,1.6583e-01,2957
6662,1.6566e-01,2957
6663,1.6550e-01,2957
6664,1.6533e-01,2957
6665,1.6517e-01,2957
6666,1.6500e-01,2957
6667,1.6484e-01,2957
6668,1.6467e-01,2957
6669,1.6451e-01,2957
6670,1.6434e-01,2957
6671,1.6418e-01,2957
6672,1.6401e-01,2957
6673,1.6385e-01,2957
6674,1.6369e-01,2957
6675,1.6352e-01,2957
6676,1.6336e-01,2957
6677,1.6320e-01,2957
6678,1.6303e-01,2957
6679,1.6287e-01,2957
6680,1.6271e-01,2957
6681,1.6254e-01,2957
6682,1.6238e-01,2957
6683,1.6222e-01,2957
6684,1.6206e-01,2957
6685,1.6189e-01,2957
6686,1.6173e-01,2957
6687,1.6157e-01,2957
6688,1.6141e-01,2957
6689,1.6125e-01,2957
6690,1.6109e-01,2957
6691,1.6093e-01,2957
6692,1.6076e-01,2957
6693,1.6060e-01,2957
6694,1.6044e-01,2957
6695,1.6028e-01,2957
6696,1.6012e-01,2957
6697,1.5996e-01,2957
6698,1.5980e-01,2957
6699,1.5964e-01,2957
6700,1.5948e-01,2957
6701,1.5932e-01,2957
6702,1.5916e-01,2957
6703,1.5901e-01,2957
6704,1.5885e-01,2957
6705,1.5869e-01,2957
6706,1.5853e-01,2957
6707,1.5837e-01,2957
6708,1.5821e-01,2957
6709,1.5805e-01,2957
6710,1.5790e-01,2957
6711,1.5774e-01,2957
6712,1.5758e-01,2957
6713,1.5742e-01,2957
6714,1.5726e-01,2957
6715,1.5711e-01,2957
6716,1.5695e-01,2957
6717,1.5679e-01,2957
6718,1.5664e-01,2957
6719,1.5648e-01,2957
6720,1.5632e-01,2957
6721,1.5617e-01,2957
6722,1.5601e-01,2957
6723,1.5585e-01,2957
6724,1.5570e-01,2957
6725,1.5554e-01,2957
6726,1.5539e-01,2957
6727,1.5523e-01,2957
6728,1.5508e-01,2957
6729,1.5492e-01,2957
6730,1.5477e-01,2957
6731,1.5461e-01,2957
6732,1.5446e-01,2957
6733,1.5430e-01,2957
6734,1.5415e-01,2957
6735,1.5399e-01,2957
6736,1.5384e-01,2957
6737,1.5369e-01,2957
6738,1.5353e-01,2957
6739,1.5338e-01,2957
6740,1.5323e-01,2957
6741,1.5307e-01,2957
6742,1.5292e-01,2957
6743,1.5277e-01,2957
6744,1.5261e-01,2957
6745,1.5246e-01,2957
6746,1.5231e-01,2957
6747,1.5216e-01,2957
6748,1.5201e-01,2957
6749,1.5185e-01,2957
6750,1.5170e-01,2957
6751,1.5155e-01,2957
6752,1.5140e-01,2957
6753,1.5125e-01,2957
6754,1.5110e-01,2957
6755,1.5094e-01,2957
6756,1.5079e-01,2957
6757,1.5064e-01,2957
6758,1.5049e-01,2957
6759,1.5034e-01,2957
6760,1.5019e-01,2957
6761,1.5004e-01,2957
6762,1.4989e-01,2957
6763,1.4974e-01,2957
6764,1.4959e-01,2957
6765,1.4944e-01,2957
6766,1.4929e-01,2957
6767,1.4914e-01,2957
6768,1.4899e-01,2957
6769,1.4884e-01,2957
6770,1.4870e-01,2957
6771,1.4855e-01,2957
6772,1.4840e-01,2957
6773,1.4825e-01,2957
6774,1.4810e-01,2957
6775,1.4795e-01,2957
6776,1.4781e-01,2957
6777,1.4766e-01,2957
6778,1.4751e-01,2957
6779,1.4736e-01,2957
6780,1.4722e-01,2957
6781,1.4707e-01,2957
6782,1.4692e-01,2957
6783,1.4677e-01,2957
6784,1.4663e-01,2957
6785,1.4648e-01,2957
6786,1.4633e-01,2957
6787,1.4619e-01,2957
6788,1.4604e-01,2957
6789,1.4590e-01,2957
6790,1.4575e-01,2957
6791,1.4560e-01,2957
6792,1.4546e-01,2957
6793,1.4531e-01,2957
6794,1.4517e-01,2957
6795,1.4502e-01,2957
6796,1.4488e-01,2957
6797,1.4473e-01,2957
6798,1.4459e-01,2957
6799,1.4444e-01,2957
6800,1.4430e-01,2957
6801,1.4415e-01,2957
6802,1.4401e-01,2957
6803,1.4387e-01,2957
6804,1.4372e-01,2957
6805,1.4358e-01,2957
6806,1.4344e-01,2957
6807,1.4329e-01,2957
6808,1.4315e-01,2957
6809,1.4301e-01,2957
6810,1.4286e-01,2957
6811,1.4272e-01,2957
6812,1.4258e-01,2957
6813,1.4243e-01,2957
6814,1.4229e-01,2957
6815,1.4215e-01,2957
6816,1.4201e-01,2957
6817,1.4187e-01,2957
6818,1.4172e-01,2957
6819,1.4158e-01,2957
6820,1.4144e-01,2957
6821,1.4130e-01,2957
6822,1.4116e-01,2957
6823,1.4102e-01,2957
6824,1.4088e-01,2957
6825,1.4073e-01,2957
6826,1.4059e-01,2957
6827,1.4045e-01,2957
6828,1.4031e-01,2957
6829,1.4017e-01,2957
6830,1.4003e-01,2957
6831,1.3989e-01,2957
6832,1.3975e-01,2957
6833,1.3961e-01,2957
6834,1.3947e-01,2957
6835,1.3933e-01,2957
6836,1.3919e-01,2957
6837,1.3905e-01,2957
6838,1.3892e-01,2957
6839,1.3878e-01,2957
6840,1.3864e-01,2957
6841,1.3850e-01,2957
6842,1.3836e-01,2957
6843,1.3822e-01,2957
6844,1.3808e-01,2957
6845,1.3795e-01,2957
6846,1.3781e-01,2957
6847,1.3767e-01,2957
6848,1.3753e-01,2957
6849,1.3740e-01,2957
6850,1.3726e-01,2957
6851,1.3712e-01,2957
6852,1.3698e-01,2957
6853,1.3685e-01,2957
6854,1.3671e-01,2957
6855,1.3657e-01,2957
6856,1.3644e-01,2957
6857,1.3630e-01,2957
6858,1.3616e-01,2957
6859,1.3603e-01,2957
6860,1.3589e-01,2957
6861,1.3576e-01,2957
6862,1.3562e-01,2957
6863,1.3548e-01,2957
6864,1.3535e-01,2957
6865,1.3521e-01,2957
6866,1.3508e-01,2957
6867,1.3494e-01,2957
6868,1.3481e-01,2957
6869,1.3467e-01,2957
6870,1.3454e-01,2957
6871,1.3440e-01,2957
6872,1.3427e-01,2957
6873,1.3414e-01,2957
6874,1.3400e-01,2957
6875,1.3387e-01,2957
6876,1.3373e-01,2957
6877,1.3360e-01,2957
6878,1.3347e-01,2957
6879,1.3333e-01,2957
6880,1.3320e-01,2957
6881,1.3307e-01,2957
6882,1.3293e-01,2957
6883,1.3280e-01,2957
6884,1.3267e-01,2957
6885,1.3253e-01,2957
6886,1.3240e-01,2957
6887,1.3227e-01,2957
6888,1.3214e-01,2957
6889,1.3201e-01,2957
6890,1.3187e-01,2957
6891,1.3174e-01,2957
6892,1.3161e-01,2957
6893,1.3148e-01,2957
6894,1.3135e-01,2957
6895,1.3122e-01,2957
6896,1.3108e-01,2957
6897,1.3095e-01,2957
6898,1.3082e-01,2957
6899,1.3069e-01,2957
6900,1.3056e-01,2957
6901,1.3043e-01,2957
6902,1.3030e-01,2957
6903,1.3017e-01,2957
6904,1.3004e-01,2957
6905,1.2991e-01,2957
6906,1.2978e-01,2957
6907,1.2965e-01,2957
6908,1.2952e-01,2957
6909,1.2939e-01,2957
6910,1.2926e-01,2957
6911,1.2913e-01,2957
6912,1.2900e-01,2957
6913,1.2887e-01,2957
6914,1.2874e-01,2957
6915,1.2862e-01,2957
6916,1.2849e-01,2957
6917,1.2836e-01,2957
6918,1.2823e-01,2957
6919,1.2810e-01,2957
6920,1.2797e-01,2957
6921,1.2785e-01,2957
6922,1.2772e-01,2957
6923,1.2759e-01,2957
6924,1.2746e-01,2957
6925,1.2734e-01,2957
6926,1.2721e-01,2957
6927,1.2708e-01,2957
6928,1.2695e-01,2957
6929,1.2683e-01,2957
6930,1.2670e-01,2957
6931,1.2657e-01,2957
6932,1.2645e-01,2957
6933,1.2632e-01,2957
6934,1.2619e-01,2957
6935,1.2607e-01,2957
6936,1.2594e-01,2957
6937,1.2582e-01,2957
6938,1.2569e-01,2957
6939,1.2556e-01,2957
6940,1.2544e-01,2957
6941,1.2531e-01,2957
6942,1.2519e-01,2957
6943,1.2506e-01,2957
6944,1.2494e-01,2957
6945,1.2481e-01,2957
6946,1.2469e-01,2957
6947,1.2456e-01,2957
6948,1.2444e-01,2957
6949,1.2431e-01,2957
6950,1.2419e-01,2957
6951,1.2407e-01,2957
6952,1.2394e-01,2957
6953,1.2382e-01,2957
6954,1.2369e-01,2957
6955,1.2357e-01,2957
6956,1.2345e-01,2957
6957,1.2332e-01,2957
6958,1.2320e-01,2957
6959,1.2308e-01,2957
6960,1.2295e-01,2957
6961,1.2283e-01,2957
6962,1.2271e-01,2957
6963,1.2259e-01,2957
6964,1.2246e-01,2957
6965,1.2234e-01,2957
6966,1.2222e-01,2957
6967,1.2210e-01,2957
6968,1.2197e-01,2957
6969,1.2185e-01,2957
6970,1.2173e-01,2957
6971,1.2161e-01,2957
6972,1.2149e-01,2957
6973,1.2136e-01,2957
6974,1.2124e-01,2957
6975,1.2112e-01,2957
6976,1.2100e-01,2957
6977,1.2088e-01,2957
6978,1.2076e-01,2957
6979,1.2064e-01,2957
6980,1.2052e-01,2957
6981,1.2040e-01,2957
6982,1.2028e-01,2957
6983,1.2016e-01,2957
6984,1.2004e-01,2957
6985,1.1992e-01,2957
6986,1.1980e-01,2957
6987,1.1968e-01,2957
6988,1.1956e-01,2957
6989,1.1944e-01,2957
6990,1.1932e-01,2957
6991,1.1920e-01,2957
6992,1.1908e-01,2957
6993,1.1896e-01,2957
6994,1.1884e-01,2957
6995,1.1872e-01,2957
6996,1.1860e-01,2957
6997,1.1849e-01,2957
6998,1.1837e-01,2957
6999,1.1825e-01,2957
7000,1.1813e-01,2957
7001,1.1801e-01,2957
7002,1.1789e-01,2957
7003,1.1778e-01,2957
7004,1.1766e-01,2957
7005,1.1754e-01,2957
7006,1.1742e-01,2957
7007,1.1731e-01,2957
7008,1.1719e-01,2957
7009,1.1707e-01,2957
7010,1.1695e-01,2957
7011,1.1684e-01,2957
7012,1.1672e-01,2957
7013,1.1660e-01,2957
7014,1.1649e-01,2957
7015,1.1637e-01,2957
7016,1.1625e-01,2957
7017,1.1614e-01,2957
7018,1.1602e-01,2957
7019,1.1591e-01,2957
7020,1.1579e-01,2957
7021,1.1567e-01,2957
7022,1.1556e-01,2957
7023,1.1544e-01,2957
7024,1.1533e-01,2957
7025,1.1521e-01,2957
7026,1.1510e-01,2957
7027,1.1498e-01,2957
7028,1.1487e-01,2957
7029,1.1475e-01,2957
7030,1.1464e-01,2957
7031,1.1452e-01,2957
7032,1.1441e-01,2957
7033,1.1429e-01,2957
7034,1.1418e-01,2957
7035,1.1407e-01,2957
7036,1.1395e-01,2957
7037,1.1384e-01,2957
7038,1.1372e-01,2957
7039,1.1361e-01,2957
7040,1.1350e-01,2957
7041,1.1338e-01,2957
7042,1.1327e-01,2957
7043,1.1316e-01,2957
7044,1.1304e-01,2957
7045,1.1293e-01,2957
7046,1.1282e-01,2957
7047,1.1270e-01,2957
7048,1.1259e-01,2957
7049,1.1248e-01,2957
7050,1.1237e-01,2957
7051,1.1225e-01,2957
7052,1.1214e-01,2957
7053,1.1203e-01,2957
7054,1.1192e-01,2957
7055,1.1181e-01,2957
7056,1.1169e-01,2957
7057,1.1158e-01,2957
7058,1.1147e-01,2957
7059,1.1136e-01,2957
7060,1.1125e-01,2957
7061,1.1114e-01,2957
7062,1.1103e-01,2957
7063,1.1091e-01,2957
7064,1.1080e-01,2957
7065,1.1069e-01,2957
7066,1.1058e-01,2957
7067,1.1047e-01,2957
7068,1.1036e-01,2957
7069,1.1025e-01,2957
7070,1.1014e-01,2957
7071,1.1003e-01,2957
7072,1.0992e-01,2957
7073,1.0981e-01,2957
7074,1.0970e-01,2957
7075,1.0959e-01,2957
7076,1.0948e-01,2957
7077,1.0937e-01,2957
7078,1.0926e-01,2957
7079,1.0915e-01,2957
7080,1.0904e-01,2957
7081,1.0893e-01,2957
7082,1.0883e-01,2957
7083,1.0872e-01,2957
7084,1.0861e-01,2957
7085,1.0850e-01,2957
7086,1.0839e-01,2957
7087,1.0828e-01,2957
7088,1.0817e-01,2957
7089,1.0807e-01,2957
7090,1.0796e-01,2957
7091,1.0785e-01,2957
7092,1.0774e-01,2957
7093,1.0763e-01,2957
7094,1.0753e-01,2957
7095,1.0742e-01,2957
7096,1.0731e-01,2957
7097,1.0720e-01,2957
7098,1.0710e-01,2957
7099,1.0699e-01,2957
7100,1.0688e-01,2957
7101,1.0678e-01,2957
7102,1.0667e-01,2957
7103,1.0656e-01,2957
7104,1.0646e-01,2957
7105,1.0635e-01,2957
7106,1.0624e-01,2957
7107,1.0614e-01,2957
7108,1.0603e-01,2957
7109,1.0593e-01,2957
7110,1.0582e-01,2957
7111,1.0571e-01,2957
7112,1.0561e-01,2957
7113,1.0550e-01,2957
7114,1.0540e-01,2957
7115,1.0529e-01,2957
7116,1.0519e-01,2957
7117,1.0508e-01,2957
7118,1.0498e-01,2957
7119,1.0487e-01,2957
7120,1.0477e-01,2957
7121,1.0466e-01,2957
7122,1.0456e-01,2957
7123,1.0445e-01,2957
7124,1.0435e-01,2957
7125,1.0424e-01,2957
7126,1.0414e-01,2957
7127,1.0403e-01,2957
7128,1.0393e-01,2957
7129,1.0383e-01,2957
7130,1.0372e-01,2957
7131,1.0362e-01,2957
7132,1.0352e-01,2957
7133,1.0341e-01,2957
7134,1.0331e-01,2957
7135,1.0321e-01,2957
7136,1.0310e-01,2957
7137,1.0300e-01,2957
7138,1.0290e-01,2957
7139,1.0279e-01,2957
7140,1.0269e-01,2957
7141,1.0259e-01,2957
7142,1.0248e-01,2957
7143,1.0238e-01,2957
7144,1.0228e-01,2957
7145,1.0218e-01,2957
7146,1.0208e-01,2957
7147,1.0197e-01,2957
7148,1.0187e-01,2957
7149,1.0177e-01,2957
7150,1.0167e-01,2957
7151,1.0157e-01,2957
7152,1.0146e-01,2957
7153,1.0136e-01,2957
7154,1.0126e-01,2957
7155,1.0116e-01,2957
7156,1.0106e-01,2957
7157,1.0096e-01,2957
7158,1.0086e-01,2957
7159,1.0076e-01,2957
7160,1.0066e-01,2957
7161,1.0056e-01,2957
7162,1.0045e-01,2957
7163,1.0035e-01,2957
7164,1.0025e-01,2957
7165,1.0015e-01,2957
7166,1.0005e-01,2957
7167,9.9953e-02,2957
7168,9.9853e-02,2957
7169,9.9754e-02,2957
7170,9.9654e-02,2957
7171,9.9554e-02,2957
7172,9.9455e-02,2957
7173,9.9355e-02,2957
7174,9.9256e-02,2957
7175,9.9157e-02,2957
7176,9.9057e-02,2957
7177,9.8958e-02,2957
7178,9.8859e-02,2957
7179,9.8761e-02,2957
7180,9.8662e-02,2957
7181,9.8563e-02,2957
7182,9.8465e-02,2957
7183,9.8366e-02,2957
7184,9.8268e-02,2957
7185,9.8169e-02,2957
7186,9.8071e-02,2957
7187,9.7973e-02,2957
7188,9.7875e-02,2957
7189,9.7777e-02,2957
7190,9.7680e-02,2957
7191,9.7582e-02,2957
7192,9.7484e-02,2957
7193,9.7387e-02,2957
7194,9.7289e-02,2957
7195,9.7192e-02,2957
7196,9.7095e-02,2957
7197,9.6998e-02,2957
7198,9.6901e-02,2957
7199,9.6804e-02,2957
7200,9.6707e-02,2957
7201,9.6610e-02,2957
7202,9.6514e-02,2957
7203,9.6417e-02,2957
7204,9.6321e-02,2957
7205,9.6225e-02,2957
7206,9.6128e-02,2957
7207,9.6032e-02,2957
7208,9.5936e-02,2957
7209,9.5840e-02,2957
7210,9.5744e-02,2957
7211,9.5649e-02,2957
7212,9.5553e-02,2957
7213,9.5457e-02,2957
7214,9.5362e-02,2957
7215,9.5267e-02,2957
7216,9.5171e-02,2957
7217,9.5076e-02,2957
7218,9.4981e-02,2957
7219,9.4886e-02,2957
7220,9.4791e-02,2957
7221,9.4696e-02,2957
7222,9.4602e-02,2957
7223,9.4507e-02,2957
7224,9.4413e-02,2957
7225,9.4318e-02,2957
7226,9.4224e-02,2957
7227,9.4130e-02,2957
7228,9.4036e-02,2957
7229,9.3942e-02,2957
7230,9.3848e-02,2957
7231,9.3754e-02,2957
7232,9.3660e-02,2957
7233,9.3566e-02,2957
7234,9.3473e-02,2957
7235,9.3379e-02,2957
7236,9.3286e-02,2957
7237,9.3193e-02,2957
7238,9.3099e-02,2957
7239,9.3006e-02,2957
7240,9.2913e-02,2957
7241,9.2820e-02,2957
7242,9.2728e-02,2957
7243,9.2635e-02,2957
7244,9.2542e-02,2957
7245,9.2450e-02,2957
7246,9.2357e-02,2957
7247,9.2265e-02,2957
7248,9.2173e-02,2957
7249,9.2080e-02,2957
7250,9.1988e-02,2957
7251,9.1896e-02,2957
7252,9.1804e-02,2957
7253,9.1713e-02,2957
7254,9.1621e-02,2957
7255,9.1529e-02,2957
7256,9.1438e-02,2957
7257,9.1346e-02,2957
7258,9.1255e-02,2957
7259,9.1164e-02,2957
7260,9.1073e-02,2957
7261,9.0982e-02,2957
7262,9.0891e-02,2957
7263,9.0800e-02,2957
7264,9.0709e-02,2957
7265,9.0618e-02,2957
7266,9.0528e-02,2957
7267,9.0437e-02,2957
7268,9.0347e-02,2957
7269,9.0256e-02,2957
7270,9.0166e-02,2957
7271,9.0076e-02,2957
7272,8.9986e-02,2957
7273,8.9896e-02,2957
7274,8.9806e-02,2957
7275,8.9716e-02,2957
7276,8.9626e-02,2957
7277,8.9537e-02,2957
7278,8.9447e-02,2957
7279,8.9358e-02,2957
7280,8.9268e-02,2957
7281,8.9179e-02,2957
7282,8.9090e-02,2957
7283,8.9001e-02,2957
7284,8.8912e-02,2957
7285,8.8823e-02,2957
7286,8.8734e-02,2957
7287,8.8645e-02,2957
7288,8.8557e-02,2957
7289,8.8468e-02,2957
7290,8.8380e-02,2957
7291,8.8291e-02,2957
7292,8.8203e-02,2957
7293,8.8115e-02,2957
7294,8.8027e-02,2957
7295,8.7939e-02,2957
7296,8.7851e-02,2957
7297,8.7763e-02,2957
7298,8.7675e-02,2957
7299,8.7587e-02,2957
7300,8.7500e-02,2957
7301,8.7412e-02,2957
7302,8.7325e-02,2957
7303,8.7238e-02,2957
7304,8.7150e-02,2957
7305,8.7063e-02,2957
7306,8.6976e-02,2957
7307,8.6889e-02,2957
7308,8.6802e-02,2957
7309,8.6716e-02,2957
7310,8.6629e-02,2957
7311,8.6542e-02,2957
7312,8.6456e-02,2957
7313,8.6369e-02,2957
7314,8.6283e-02,2957
7315,8.6197e-02,2957
7316,8.6110e-02,2957
7317,8.6024e-02,2957
7318,8.5938e-02,2957
7319,8.5852e-02,2957
7320,8.5766e-02,2957
7321,8.5681e-02,2957
7322,8.5595e-02,2957
7323,8.5509e-02,2957
7324,8.5424e-02,2957
7325,8.5338e-02,2957
7326,8.5253e-02,2957
7327,8.5168e-02,2957
7328,8.5083e-02,2957
7329,8.4998e-02,2957
7330,8.4913e-02,2957
7331,8.4828e-02,2957
7332,8.4743e-02,2957
7333,8.4658e-02,2957
7334,8.4573e-02,2957
7335,8.4489e-02,2957
7336,8.4404e-02,2957
7337,8.4320e-02,2957
7338,8.4236e-02,2957
7339,8.4151e-02,2957
7340,8.4067e-02,2957
7341,8.3983e-02,2957
7342,8.3899e-02,2957
7343,8.3815e-02,2957
7344,8.3732e-02,2957
7345,8.3648e-02,2957
7346,8.3564e-02,2957
7347,8.3481e-02,2957
7348,8.3397e-02,2957
7349,8.3314e-02,2957
7350,8.3230e-02,2957
7351,8.3147e-02,2957
7352,8.3064e-02,2957
7353,8.2981e-02,2957
7354,8.2898e-02,2957
7355,8.2815e-02,2957
7356,8.2732e-02,2957
7357,8.2650e-02,2957
7358,8.2567e-02,2957
7359,8.2484e-02,2957
7360,8.2402e-02,2957
7361,8.2319e-02,2957
7362,8.2237e-02,2957
7363,8.2155e-02,2957
7364,8.2073e-02,2957
7365,8.1991e-02,2957
7366,8.1909e-02,2957
7367,8.1827e-02,2957
7368,8.1745e-02,2957
7369,8.1663e-02,2957
7370,8.1581e-02,2957
7371,8.1500e-02,2957
7372,8.1418e-02,2957
7373,8.1337e-02,2957
7374,8.1256e-02,2957
7375,8.1174e-02,2957
7376,8.1093e-02,2957
7377,8.1012e-02,2957
7378,8.0931e-02,2957
7379,8.0850e-02,2957
7380,8.0769e-02,2957
7381,8.0689e-02,2957
7382,8.0608e-02,2957
7383,8.0527e-02,2957
7384,8.0447e-02,2957
7385,8.0366e-02,2957
7386,8.0286e-02,2957
7387,8.0206e-02,2957
7388,8.0125e-02,2957
7389,8.0045e-02,2957
7390,7.9965e-02,2957
7391,7.9885e-02,2957
7392,7.9805e-02,2957
7393,7.9726e-02,2957
7394,7.9646e-02,2957
7395,7.9566e-02,2957
7396,7.9487e-02,2957
7397,7.9407e-02,2957
7398,7.9328e-02,2957
7399,7.9248e-02,2957
7400,7.9169e-02,2957
7401,7.9090e-02,2957
7402,7.9011e-02,2957
7403,7.8932e-02,2957
7404,7.8853e-02,2957
7405,7.8774e-02,2957
7406,7.8695e-02,2957
7407,7.8617e-02,2957
7408,7.8538e-02,2957
7409,7.8460e-02,2957
7410,7.8381e-02,2957
7411,7.8303e-02,2957
7412,7.8224e-02,2957
7413,7.8146e-02,2957
7414,7.8068e-02,2957
7415,7.7990e-02,2957
7416,7.7912e-02,2957
7417,7.7834e-02,2957
7418,7.7756e-02,2957
7419,7.7678e-02,2957
7420,7.7601e-02,2957
7421,7.7523e-02,2957
7422,7.7446e-02,2957
7423,7.7368e-02,2957
7424,7.7291e-02,2957
7425,7.7214e-02,2957
7426,7.7136e-02,2957
7427,7.7059e-02,2957
7428,7.6982e-02,2957
7429,7.6905e-02,2957
7430,7.6828e-02,2957
7431,7.6751e-02,2957
7432,7.6675e-02,2957
7433,7.6598e-02,2957
7434,7.6521e-02,2957
7435,7.6445e-02,2957
7436,7.6368e-02,2957
7437,7.6292e-02,2957
7438,7.6216e-02,2957
7439,7.6140e-02,2957
7440,7.6063e-02,2957
7441,7.5987e-02,2957
7442,7.5911e-02,2957
7443,7.5835e-02,2957
7444,7.5760e-02,2957
7445,7.5684e-02,2957
7446,7.5608e-02,2957
7447,7.5533e-02,2957
7448,7.5457e-02,2957
7449,7.5382e-02,2957
7450,7.5306e-02,2957
7451,7.5231e-02,2957
7452,7.5156e-02,2957
7453,7.5080e-02,2957
7454,7.5005e-02,2957
7455,7.4930e-02,2957
7456,7.4855e-02,2957
7457,7.4781e-02,2957
7458,7.4706e-02,2957
7459,7.4631e-02,2957
7460,7.4557e-02,2957
7461,7.4482e-02,2957
7462,7.4407e-02,2957
7463,7.4333e-02,2957
7464,7.4259e-02,2957
7465,7.4184e-02,2957
7466,7.4110e-02,2957
7467,7.4036e-02,2957
7468,7.3962e-02,2957
7469,7.3888e-02,2957
7470,7.3814e-02,2957
7471,7.3740e-02,2957
7472,7.3667e-02,2957
7473,7.3593e-02,2957
7474,7.3519e-02,2957
7475,7.3446e-02,2957
7476,7.3373e-02,2957
7477,7.3299e-02,2957
7478,7.3226e-02,2957
7479,7.3153e-02,2957
7480,7.3079e-02,2957
7481,7.3006e-02,2957
7482,7.2933e-02,2957
7483,7.2860e-02,2957
7484,7.2788e-02,2957
7485,7.2715e-02,2957
7486,7.2642e-02,2957
7487,7.2569e-02,2957
7488,7.2497e-02,2957
7489,7.2424e-02,2957
7490,7.2352e-02,2957
7491,7.2280e-02,2957
7492,7.2207e-02,2957
7493,7.2135e-02,2957
7494,7.2063e-02,2957
7495,7.1991e-02,2957
7496,7.1919e-02,2957
7497,7.1847e-02,2957
7498,7.1775e-02,2957
7499,7.1703e-02,2957
7500,7.1632e-02,2957
7501,7.1560e-02,2957
7502,7.1488e-02,2957
7503,7.1417e-02,2957
7504,7.1346e-02,2957
7505,7.1274e-02,2957
7506,7.1203e-02,2957
7507,7.1132e-02,2957
7508,7.1061e-02,2957
7509,7.0990e-02,2957
7510,7.0919e-02,2957
7511,7.0848e-02,2957
7512,7.0777e-02,2957
7513,7.0706e-02,2957
7514,7.0635e-02,2957
7515,7.0565e-02,2957
7516,7.0494e-02,2957
7517,7.0424e-02,2957
7518,7.0353e-02,2957
7519,7.0283e-02,2957
7520,7.0213e-02,2957
7521,7.0142e-02,2957
7522,7.0072e-02,2957
7523,7.0002e-02,2957
7524,6.9932e-02,2957
7525,6.9862e-02,2957
7526,6.9792e-02,2957
7527,6.9723e-02,2957
7528,6.9653e-02,2957
7529,6.9583e-02,2957
7530,6.9514e-02,2957
7531,6.9444e-02,2957
7532,6.9375e-02,2957
7533,6.9305e-02,2957
7534,6.9236e-02,2957
7535,6.9167e-02,2957
7536,6.9098e-02,2957
7537,6.9028e-02,2957
7538,6.8959e-02,2957
7539,6.8890e-02,2957
7540,6.8822e-02,2957
7541,6.8753e-02,2957
7542,6.8684e-02,2957
7543,6.8615e-02,2957
7544,6.8547e-02,2957
7545,6.8478e-02,2957
7546,6.8410e-02,2957
7547,6.8341e-02,2957
7548,6.8273e-02,2957
7549,6.8205e-02,2957
7550,6.8136e-02,2957
7551,6.8068e-02,2957
7552,6.8000e-02,2957
7553,6.7932e-02,2957
7554,6.7864e-02,2957
7555,6.7796e-02,2957
7556,6.7729e-02,2957
7557,6.7661e-02,2957
7558,6.7593e-02,2957
7559,6.7526e-02,2957
7560,6.7458e-02,2957
7561,6.7391e-02,2957
7562,6.7323e-02,2957
7563,6.7256e-02,2957
7564,6.7189e-02,2957
7565,6.7122e-02,2957
7566,6.7054e-02,2957
7567,6.6987e-02,2957
7568,6.6920e-02,2957
7569,6.6853e-02,2957
7570,6.6787e-02,2957
7571,6.6720e-02,2957
7572,6.6653e-02,2957
7573,6.6586e-02,2957
7574,6.6520e-02,2957
7575,6.6453e-02,2957
7576,6.6387e-02,2957
7577,6.6320e-02,2957
7578,6.6254e-02,2957
7579,6.6188e-02,2957
7580,6.6122e-02,2957
7581,6.6056e-02,2957
7582,6.5990e-02,2957
7583,6.5924e-02,2957
7584,6.5858e-02,2957
7585,6.5792e-02,2957
7586,6.5726e-02,2957
7587,6.5660e-02,2957
7588,6.5595e-02,2957
7589,6.5529e-02,2957
7590,6.5463e-02,2957
7591,6.5398e-02,2957
7592,6.5333e-02,2957
7593,6.5267e-02,2957
7594,6.5202e-02,2957
7595,6.5137e-02,2957
7596,6.5072e-02,2957
7597,6.5007e-02,2957
7598,6.4942e-02,2957
7599,6.4877e-02,2957
7600,6.4812e-02,2957
7601,6.4747e-02,2957
7602,6.4682e-02,2957
7603,6.4618e-02,2957
7604,6.4553e-02,2957
7605,6.4488e-02,2957
7606,6.4424e-02,2957
7607,6.4359e-02,2957
7608,6.4295e-02,2957
7609,6.4231e-02,2957
7610,6.4167e-02,2957
7611,6.4102e-02,2957
7612,6.4038e-02,2957
7613,6.3974e-02,2957
7614,6.3910e-02,2957
7615,6.3846e-02,2957
7616,6.3783e-02,2957
7617,6.3719e-02,2957
7618,6.3655e-02,2957
7619,6.3591e-02,2957
7620,6.3528e-02,2957
7621,6.3464e-02,2957
7622,6.3401e-02,2957
7623,6.3337e-02,2957
7624,6.3274e-02,2957
7625,6.3211e-02,2957
7626,6.3148e-02,2957
7627,6.3084e-02,2957
7628,6.3021e-02,2957
7629,6.2958e-02,2957
7630,6.2895e-02,2957
7631,6.2832e-02,2957
7632,6.2770e-02,2957
7633,6.2707e-02,2957
7634,6.2644e-02,2957
7635,6.2581e-02,2957
7636,6.2519e-02,2957
7637,6.2456e-02,2957
7638,6.2394e-02,2957
7639,6.2332e-02,2957
7640,6.2269e-02,2957
7641,6.2207e-02,2957
7642,6.2145e-02,2957
7643,6.2083e-02,2957
7644,6.2021e-02,2957
7645,6.1958e-02,2957
7646,6.1897e-02,2957
7647,6.1835e-02,2957
7648,6.1773e-02,2957
7649,6.1711e-02,2957
7650,6.1649e-02,2957
7651,6.1588e-02,2957
7652,6.1526e-02,2957
7653,6.1465e-02,2957
7654,6.1403e-02,2957
7655,6.1342e-02,2957
7656,6.1280e-02,2957
7657,6.1219e-02,2957
7658,6.1158e-02,2957
7659,6.1097e-02,2957
7660,6.1036e-02,2957
7661,6.0975e-02,2957
7662,6.0914e-02,2957
7663,6.0853e-02,2957
7664,6.0792e-02,2957
7665,6.0731e-02,2957
7666,6.0670e-02,2957
7667,6.0610e-02,2957
7668,6.0549e-02,2957
7669,6.0488e-02,2957
7670,6.0428e-02,2957
7671,6.0368e-02,2957
7672,6.0307e-02,2957
7673,6.0247e-02,2957
7674,6.0187e-02,2957
7675,6.0126e-02,2957
7676,6.0066e-02,2957
7677,6.0006e-02,2957
7678,5.9946e-02,2957
7679,5.9886e-02,2957
7680,5.9826e-02,2957
7681,5.9767e-02,2957
7682,5.9707e-02,2957
7683,5.9647e-02,2957
7684,5.9587e-02,2957
7685,5.9528e-02,2957
7686,5.9468e-02,2957
7687,5.9409e-02,2957
7688,5.9349e-02,2957
7689,5.9290e-02,2957
7690,5.9231e-02,2957
7691,5.9172e-02,2957
7692,5.9112e-02,2957
7693,5.9053e-02,2957
7694,5.8994e-02,2957
7695,5.8935e-02,2957
7696,5.8876e-02,2957
7697,5.8817e-02,2957
7698,5.8759e-02,2957
7699,5.8700e-02,2957
7700,5.8641e-02,2957
7701,5.8583e-02,2957
7702,5.8524e-02,2957
7703,5.8465e-02,2957
7704,5.8407e-02,2957
7705,5.8349e-02,2957
7706,5.8290e-02,2957
7707,5.8232e-02,2957
7708,5.8174e-02,2957
7709,5.8116e-02,2957
7710,5.8057e-02,2957
7711,5.7999e-02,2957
7712,5.7941e-02,2957
7713,5.7883e-02,2957
7714,5.7826e-02,2957
7715,5.7768e-02,2957
7716,5.7710e-02,2957
7717,5.7652e-02,2957
7718,5.7595e-02,2957
7719,5.7537e-02,2957
7720,5.7479e-02,2957
7721,5.7422e-02,2957
7722,5.7365e-02,2957
7723,5.7307e-02,2957
7724,5.7250e-02,2957
7725,5.7193e-02,2957
7726,5.7135e-02,2957
7727,5.7078e-02,2957
7728,5.7021e-02,2957
7729,5.6964e-02,2957
7730,5.6907e-02,2957
7731,5.6850e-02,2957
7732,5.6793e-02,2957
7733,5.6737e-02,2957
7734,5.6680e-02,2957
7735,5.6623e-02,2957
7736,5.6567e-02,2957
7737,5.6510e-02,2957
7738,5.6454e-02,2957
7739,5.6397e-02,2957
7740,5.6341e-02,2957
7741,5.6284e-02,2957
7742,5.6228e-02,2957
7743,5.6172e-02,2957
7744,5.6116e-02,2957
7745,5.6060e-02,2957
7746,5.6003e-02,2957
7747,5.5947e-02,2957
7748,5.5892e-02,2957
7749,5.5836e-02,2957
7750,5.5780e-02,2957
7751,5.5724e-02,2957
7752,5.5668e-02,2957
7753,5.5613e-02,2957
7754,5.5557e-02,2957
7755,5.5501e-02,2957
7756,5.5446e-02,2957
7757,5.5391e-02,2957
7758,5.5335e-02,2957
7759,5.5280e-02,2957
7760,5.5225e-02,2957
7761,5.5169e-02,2957
7762,5.5114e-02,2957
7763,5.5059e-02,2957
7764,5.5004e-02,2957
7765,5.4949e-02,2957
7766,5.4894e-02,2957
7767,5.4839e-02,2957
7768,5.4784e-02,2957
7769,5.4729e-02,2957
7770,5.4675e-02,2957
7771,5.4620e-02,2957
7772,5.4565e-02,2957
7773,5.4511e-02,2957
7774,5.4456e-02,2957
7775,5.4402e-02,2957
7776,5.4348e-02,2957
7777,5.4293e-02,2957
7778,5.4239e-02,2957
7779,5.4185e-02,2957
7780,5.4130e-02,2957
7781,5.4076e-02,2957
7782,5.4022e-02,2957
7783,5.3968e-02,2957
7784,5.3914e-02,2957
7785,5.3860e-02,2957
7786,5.3806e-02,2957
7787,5.3753e-02,2957
7788,5.3699e-02,2957
7789,5.3645e-02,2957
7790,5.3592e-02,2957
7791,5.3538e-02,2957
7792,5.3484e-02,2957
7793,5.3431e-02,2957
7794,5.3378e-02,2957
7795,5.3324e-02,2957
7796,5.3271e-02,2957
7797,5.3218e-02,2957
7798,5.3164e-02,2957
7799,5.3111e-02,2957
7800,5.3058e-02,2957
7801,5.3005e-02,2957
7802,5.2952e-02,2957
7803,5.2899e-02,2957
7804,5.2846e-02,2957
7805,5.2793e-02,2957
7806,5.2741e-02,2957
7807,5.2688e-02,2957
7808,5.2635e-02,2957
7809,5.2582e-02,2957
7810,5.2530e-02,2957
7811,5.2477e-02,2957
7812,5.2425e-02,2957
7813,5.2372e-02,2957
7814,5.2320e-02,2957
7815,5.2268e-02,2957
7816,5.2215e-02,2957
7817,5.2163e-02,2957
7818,5.2111e-02,2957
7819,5.2059e-02,2957
7820,5.2007e-02,2957
7821,5.1955e-02,2957
7822,5.1903e-02,2957
7823,5.1851e-02,2957
7824,5.1799e-02,2957
7825,5.1747e-02,2957
7826,5.1696e-02,2957
7827,5.1644e-02,2957
7828,5.1592e-02,2957
7829,5.1541e-02,2957
7830,5.1489e-02,2957
7831,5.1438e-02,2957
7832,5.1386e-02,2957
7833,5.1335e-02,2957
7834,5.1284e-02,2957
7835,5.1232e-02,2957
7836,5.1181e-02,2957
7837,5.1130e-02,2957
7838,5.1079e-02,2957
7839,5.1028e-02,2957
7840,5.0977e-02,2957
7841,5.0926e-02,2957
7842,5.0875e-02,2957
7843,5.0824e-02,2957
7844,5.0773e-02,2957
7845,5.0722e-02,2957
7846,5.0672e-02,2957
7847,5.0621e-02,2957
7848,5.0570e-02,2957
7849,5.0520e-02,2957
7850,5.0469e-02,2957
7851,5.0419e-02,2957
7852,5.0368e-02,2957
7853,5.0318e-02,2957
7854,5.0268e-02,2957
7855,5.0217e-02,2957
7856,5.0167e-02,2957
7857,5.0117e-02,2957
7858,5.0067e-02,2957
7859,5.0017e-02,2957
7860,4.9967e-02,2957
7861,4.9917e-02,2957
7862,4.9867e-02,2957
7863,4.9817e-02,2957
7864,4.9767e-02,2957
7865,4.9717e-02,2957
7866,4.9668e-02,2957
7867,4.9618e-02,2957
7868,4.9568e-02,2957
7869,4.9519e-02,2957
7870,4.9469e-02,2957
7871,4.9420e-02,2957
7872,4.9370e-02,2957
7873,4.9321e-02,2957
7874,4.9272e-02,2957
7875,4.9222e-02,2957
7876,4.9173e-02,2957
7877,4.9124e-02,2957
7878,4.9075e-02,2957
7879,4.9026e-02,2957
7880,4.8977e-02,2957
7881,4.8928e-02,2957
7882,4.8879e-02,2957
7883,4.8830e-02,2957
7884,4.8781e-02,2957
7885,4.8732e-02,2957
7886,4.8684e-02,2957
7887,4.8635e-02,2957
7888,4.8586e-02,2957
7889,4.8538e-02,2957
7890,4.8489e-02,2957
7891,4.8441e-02,2957
7892,4.8392e-02,2957
7893,4.8344e-02,2957
7894,4.8296e-02,2957
7895,4.8247e-02,2957
7896,4.8199e-02,2957
7897,4.8151e-02,2957
7898,4.8103e-02,2957
7899,4.8055e-02,2957
7900,4.8007e-02,2957
7901,4.7959e-02,2957
7902,4.7911e-02,2957
7903,4.7863e-02,2957
7904,4.7815e-02,2957
7905,4.7767e-02,2957
7906,4.7719e-02,2957
7907,4.7671e-02,2957
7908,4.7624e-02,2957
7909,4.7576e-02,2957
7910,4.7529e-02,2957
7911,4.7481e-02,2957
7912,4.7434e-02,2957
7913,4.7386e-02,2957
7914,4.7339e-02,2957
7915,4.7291e-02,2957
7916,4.7244e-02,2957
7917,4.7197e-02,2957
7918,4.7150e-02,2957
7919,4.7103e-02,2957
7920,4.7055e-02,2957
7921,4.7008e-02,2957
7922,4.6961e-02,2957
7923,4.6914e-02,2957
7924,4.6868e-02,2957
7925,4.6821e-02,2957
7926,4.6774e-02,2957
7927,4.6727e-02,2957
7928,4.6680e-02,2957
7929,4.6634e-02,2957
7930,4.6587e-02,2957
7931,4.6540e-02,2957
7932,4.6494e-02,2957
7933,4.6447e-02,2957
7934,4.6401e-02,2957
7935,4.6355e-02,2957
7936,4.6308e-02,2957
7937,4.6262e-02,2957
7938,4.6216e-02,2957
7939,4.6169e-02,2957
7940,4.6123e-02,2957
7941,4.6077e-02,2957
7942,4.6031e-02,2957
7943,4.5985e-02,2957
7944,4.5939e-02,2957
7945,4.5893e-02,2957
7946,4.5847e-02,2957
7947,4.5801e-02,2957
7948,4.5756e-02,2957
7949,4.5710e-02,2957
7950,4.5664e-02,2957
7951,4.5618e-02,2957
7952,4.5573e-02,2957
7953,4.5527e-02,2957
7954,4.5482e-02,2957
7955,4.5436e-02,2957
7956,4.5391e-02,2957
7957,4.5345e-02,2957
7958,4.5300e-02,2957
7959,4.5255e-02,2957
7960,4.5209e-02,2957
7961,4.5164e-02,2957
7962,4.5119e-02,2957
7963,4.5074e-02,2957
7964,4.5029e-02,2957
7965,4.4984e-02,2957
7966,4.4939e-02,2957
7967,4.4894e-02,2957
7968,4.4849e-02,2957
7969,4.4804e-02,2957
7970,4.4759e-02,2957
7971,4.4715e-02,2957
7972,4.4670e-02,2957
7973,4.4625e-02,2957
7974,4.4581e-02,2957
7975,4.4536e-02,2957
7976,4.4492e-02,2957
7977,4.4447e-02,2957
7978,4.4403e-02,2957
7979,4.4358e-02,2957
7980,4.4314e-02,2957
7981,4.4270e-02,2957
7982,4.4225e-02,2957
7983,4.4181e-02,2957
7984,4.4137e-02,2957
7985,4.4093e-02,2957
7986,4.4049e-02,2957
7987,4.4005e-02,2957
7988,4.3961e-02,2957
7989,4.3917e-02,2957
7990,4.3873e-02,2957
7991,4.3829e-02,2957
7992,4.3785e-02,2957
7993,4.3741e-02,2957
7994,4.3697e-02,2957
7995,4.3654e-02,2957
7996,4.3610e-02,2957
7997,4.3567e-02,2957
7998,4.3523e-02,2957
7999,4.3479e-02,2957
8000,4.3436e-02,2957
8001,4.3392e-02,2957
8002,4.3349e-02,2957
8003,4.3306e-02,2957
8004,4.3262e-02,2957
8005,4.3219e-02,2957
8006,4.3176e-02,2957
8007,4.3133e-02,2957
8008,4.3090e-02,2957
8009,4.3047e-02,2957
8010,4.3004e-02,2957
8011,4.2961e-02,2957
8012,4.2918e-02,2957
8013,4.2875e-02,2957
8014,4.2832e-02,2957
8015,4.2789e-02,2957
8016,4.2746e-02,2957
8017,4.2703e-02,2957
8018,4.2661e-02,2957
8019,4.2618e-02,2957
8020,4.2575e-02,2957
8021,4.2533e-02,2957
8022,4.2490e-02,2957
8023,4.2448e-02,2957
8024,4.2405e-02,2957
8025,4.2363e-02,2957
8026,4.2321e-02,2957
8027,4.2278e-02,2957
8028,4.2236e-02,2957
8029,4.2194e-02,2957
8030,4.2152e-02,2957
8031,4.2109e-02,2957
8032,4.2067e-02,2957
8033,4.2025e-02,2957
8034,4.1983e-02,2957
8035,4.1941e-02,2957
8036,4.1899e-02,2957
8037,4.1857e-02,2957
8038,4.1816e-02,2957
8039,4.1774e-02,2957
8040,4.1732e-02,2957
8041,4.1690e-02,2957
8042,4.1649e-02,2957
8043,4.1607e-02,2957
8044,4.1565e-02,2957
8045,4.1524e-02,2957
8046,4.1482e-02,2957
8047,4.1441e-02,2957
8048,4.1399e-02,2957
8049,4.1358e-02,2957
8050,4.1317e-02,2957
8051,4.1275e-02,2957
8052,4.1234e-02,2957
8053,4.1193e-02,2957
8054,4.1151e-02,2957
8055,4.1110e-02,2957
8056,4.1069e-02,2957
8057,4.1028e-02,2957
8058,4.0987e-02,2957
8059,4.0946e-02,2957
8060,4.0905e-02,2957
8061,4.0864e-02,2957
8062,4.0823e-02,2957
8063,4.0783e-02,2957
8064,4.0742e-02,2957
8065,4.0701e-02,2957
8066,4.0660e-02,2957
8067,4.0620e-02,2957
8068,4.0579e-02,2957
8069,4.0539e-02,2957
8070,4.0498e-02,2957
8071,4.0457e-02,2957
8072,4.0417e-02,2957
8073,4.0377e-02,2957
8074,4.0336e-02,2957
8075,4.0296e-02,2957
8076,4.0256e-02,2957
8077,4.0215e-02,2957
8078,4.0175e-02,2957
8079,4.0135e-02,2957
8080,4.0095e-02,2957
8081,4.0055e-02,2957
8082,4.0015e-02,2957
8083,3.9975e-02,2957
8084,3.9935e-02,2957
8085,3.9895e-02,2957
8086,3.9855e-02,2957
8087,3.9815e-02,2957
8088,3.9775e-02,2957
8089,3.9735e-02,2957
8090,3.9696e-02,2957
8091,3.9656e-02,2957
8092,3.9616e-02,2957
8093,3.9577e-02,2957
8094,3.9537e-02,2957
8095,3.9498e-02,2957
8096,3.9458e-02,2957
8097,3.9419e-02,2957
8098,3.9379e-02,2957
8099,3.9340e-02,2957
8100,3.9300e-02,2957
8101,3.9261e-02,2957
8102,3.9222e-02,2957
8103,3.9183e-02,2957
8104,3.9144e-02,2957
8105,3.9104e-02,2957
8106,3.9065e-02,2957
8107,3.9026e-02,2957
8108,3.8987e-02,2957
8109,3.8948e-02,2957
8110,3.8909e-02,2957
8111,3.8870e-02,2957
8112,3.8831e-02,2957
8113,3.8793e-02,2957
8114,3.8754e-02,2957
8115,3.8715e-02,2957
8116,3.8676e-02,2957
8117,3.8638e-02,2957
8118,3.8599e-02,2957
8119,3.8560e-02,2957
8120,3.8522e-02,2957
8121,3.8483e-02,2957
8122,3.8445e-02,2957
8123,3.8406e-02,2957
8124,3.8368e-02,2957
8125,3.8330e-02,2957
8126,3.8291e-02,2957
8127,3.8253e-02,2957
8128,3.8215e-02,2957
8129,3.8177e-02,2957
8130,3.8138e-02,2957
8131,3.8100e-02,2957
8132,3.8062e-02,2957
8133,3.8024e-02,2957
8134,3.7986e-02,2957
8135,3.7948e-02,2957
8136,3.7910e-02,2957
8137,3.7872e-02,2957
8138,3.7834e-02,2957
8139,3.7797e-02,2957
8140,3.7759e-02,2957
8141,3.7721e-02,2957
8142,3.7683e-02,2957
8143,3.7646e-02,2957
8144,3.7608e-02,2957
8145,3.7570e-02,2957
8146,3.7533e-02,2957
8147,3.7495e-02,2957
8148,3.7458e-02,2957
8149,3.7420e-02,2957
8150,3.7383e-02,2957
8151,3.7345e-02,2957
8152,3.7308e-02,2957
8153,3.7271e-02,2957
8154,3.7234e-02,2957
8155,3.7196e-02,2957
8156,3.7159e-02,2957
8157,3.7122e-02,2957
8158,3.7085e-02,2957
8159,3.7048e-02,2957
8160,3.7011e-02,2957
8161,3.6974e-02,2957
8162,3.6937e-02,2957
8163,3.6900e-02,2957
8164,3.6863e-02,2957
8165,3.6826e-02,2957
8166,3.6789e-02,2957
8167,3.6752e-02,2957
8168,3.6716e-02,2957
8169,3.6679e-02,2957
8170,3.6642e-02,2957
8171,3.6606e-02,2957
8172,3.6569e-02,2957
8173,3.6532e-02,2957
8174,3.6496e-02,2957
8175,3.6459e-02,2957
8176,3.6423e-02,2957
8177,3.6387e-02,2957
8178,3.6350e-02,2957
8179,3.6314e-02,2957
8180,3.6277e-02,2957
8181,3.6241e-02,2957
8182,3.6205e-02,2957
8183,3.6169e-02,2957
8184,3.6133e-02,2957
8185,3.6096e-02,2957
8186,3.6060e-02,2957
8187,3.6024e-02,2957
8188,3.5988e-02,2957
8189,3.5952e-02,2957
8190,3.5916e-02,2957
8191,3.5880e-02,2957
8192,3.5845e-02,2957
8193,3.5809e-02,2957
8194,3.5773e-02,2957
8195,3.5737e-02,2957
8196,3.5701e-02,2957
8197,3.5666e-02,2957
8198,3.5630e-02,2957
8199,3.5594e-02,2957
8200,3.5559e-02,2957
8201,3.5523e-02,2957
8202,3.5488e-02,2957
8203,3.5452e-02,2957
8204,3.5417e-02,2957
8205,3.5381e-02,2957
8206,3.5346e-02,2957
8207,3.5311e-02,2957
8208,3.5275e-02,2957
8209,3.5240e-02,2957
8210,3.5205e-02,2957
8211,3.5170e-02,2957
8212,3.5134e-02,2957
8213,3.5099e-02,2957
8214,3.5064e-02,2957
8215,3.5029e-02,2957
8216,3.4994e-02,2957
8217,3.4959e-02,2957
8218,3.4924e-02,2957
8219,3.4889e-02,2957
8220,3.4854e-02,2957
8221,3.4819e-02,2957
8222,3.4785e-02,2957
8223,3.4750e-02,2957
8224,3.4715e-02,2957
8225,3.4680e-02,2957
8226,3.4646e-02,2957
8227,3.4611e-02,2957
8228,3.4576e-02,2957
8229,3.4542e-02,2957
8230,3.4507e-02,2957
8231,3.4473e-02,2957
8232,3.4438e-02,2957
8233,3.4404e-02,2957
8234,3.4370e-02,2957
8235,3.4335e-02,2957
8236,3.4301e-02,2957
8237,3.4267e-02,2957
8238,3.4232e-02,2957
8239,3.4198e-02,2957
8240,3.4164e-02,2957
8241,3.4130e-02,2957
8242,3.4096e-02,2957
8243,3.4061e-02,2957
8244,3.4027e-02,2957
8245,3.3993e-02,2957
8246,3.3959e-02,2957
8247,3.3925e-02,2957
8248,3.3891e-02,2957
8249,3.3858e-02,2957
8250,3.3824e-02,2957
8251,3.3790e-02,2957
8252,3.3756e-02,2957
8253,3.3722e-02,2957
8254,3.3689e-02,2957
8255,3.3655e-02,2957
8256,3.3621e-02,2957
8257,3.3588e-02,2957
8258,3.3554e-02,2957
8259,3.3521e-02,2957
8260,3.3487e-02,2957
8261,3.3454e-02,2957
8262,3.3420e-02,2957
8263,3.3387e-02,2957
8264,3.3353e-02,2957
8265,3.3320e-02,2957
8266,3.3287e-02,2957
8267,3.3253e-02,2957
8268,3.3220e-02,2957
8269,3.3187e-02,2957
8270,3.3154e-02,2957
8271,3.3120e-02,2957
8272,3.3087e-02,2957
8273,3.3054e-02,2957
8274,3.3021e-02,2957
8275,3.2988e-02,2957
8276,3.2955e-02,2957
8277,3.2922e-02,2957
8278,3.2889e-02,2957
8279,3.2856e-02,2957
8280,3.2824e-02,2957
8281,3.2791e-02,2957
8282,3.2758e-02,2957
8283,3.2725e-02,2957
8284,3.2692e-02,2957
8285,3.2660e-02,2957
8286,3.2627e-02,2957
8287,3.2594e-02,2957
8288,3.2562e-02,2957
8289,3.2529e-02,2957
8290,3.2497e-02,2957
8291,3.2464e-02,2957
8292,3.2432e-02,2957
8293,3.2399e-02,2957
8294,3.2367e-02,2957
8295,3.2335e-02,2957
8296,3.2302e-02,2957
8297,3.2270e-02,2957
8298,3.2238e-02,2957
8299,3.2206e-02,2957
