Iteration,Temperature,CurrentCost d198
0,1.4100e+02,34092
1,1.4086e+02,40773
2,1.4072e+02,39279
3,1.4058e+02,42641
4,1.4044e+02,40959
5,1.4030e+02,44379
6,1.4016e+02,45987
7,1.4002e+02,45013
8,1.3988e+02,42601
9,1.3974e+02,42411
10,1.3960e+02,45989
11,1.3946e+02,42396
12,1.3932e+02,44448
13,1.3918e+02,43618
14,1.3904e+02,44308
15,1.3890e+02,45394
16,1.3876e+02,45425
17,1.3862e+02,47021
18,1.3848e+02,47627
19,1.3834e+02,43680
20,1.3821e+02,42276
21,1.3807e+02,42974
22,1.3793e+02,43713
23,1.3779e+02,43082
24,1.3765e+02,40448
25,1.3752e+02,40360
26,1.3738e+02,39676
27,1.3724e+02,42758
28,1.3710e+02,44025
29,1.3697e+02,43915
30,1.3683e+02,43708
31,1.3669e+02,41428
32,1.3656e+02,41620
33,1.3642e+02,42172
34,1.3628e+02,44484
35,1.3615e+02,42880
36,1.3601e+02,40353
37,1.3588e+02,41113
38,1.3574e+02,41427
39,1.3560e+02,39812
40,1.3547e+02,41540
41,1.3533e+02,40177
42,1.3520e+02,38336
43,1.3506e+02,40981
44,1.3493e+02,39708
45,1.3479e+02,41839
46,1.3466e+02,42915
47,1.3452e+02,41312
48,1.3439e+02,41398
49,1.3425e+02,43338
50,1.3412e+02,40565
51,1.3399e+02,43057
52,1.3385e+02,42762
53,1.3372e+02,45750
54,1.3358e+02,41465
55,1.3345e+02,42772
56,1.3332e+02,42604
57,1.3318e+02,40011
58,1.3305e+02,44426
59,1.3292e+02,44428
60,1.3278e+02,40997
61,1.3265e+02,42475
62,1.3252e+02,38051
63,1.3239e+02,40386
64,1.3225e+02,43690
65,1.3212e+02,41851
66,1.3199e+02,38466
67,1.3186e+02,43008
68,1.3173e+02,41818
69,1.3159e+02,44066
70,1.3146e+02,42648
71,1.3133e+02,41772
72,1.3120e+02,39764
73,1.3107e+02,41552
74,1.3094e+02,39142
75,1.3081e+02,40464
76,1.3068e+02,43116
77,1.3055e+02,41305
78,1.3041e+02,41730
79,1.3028e+02,40750
80,1.3015e+02,41786
81,1.3002e+02,42226
82,1.2989e+02,43814
83,1.2976e+02,43164
84,1.2963e+02,40951
85,1.2950e+02,41422
86,1.2938e+02,38556
87,1.2925e+02,42654
88,1.2912e+02,40288
89,1.2899e+02,39710
90,1.2886e+02,40475
91,1.2873e+02,38026
92,1.2860e+02,39088
93,1.2847e+02,39506
94,1.2834e+02,39194
95,1.2822e+02,39148
96,1.2809e+02,37113
97,1.2796e+02,38903
98,1.2783e+02,38633
99,1.2770e+02,42157
100,1.2758e+02,40792
101,1.2745e+02,39227
102,1.2732e+02,40595
103,1.2719e+02,43397
104,1.2707e+02,38812
105,1.2694e+02,39523
106,1.2681e+02,41461
107,1.2669e+02,42671
108,1.2656e+02,41982
109,1.2643e+02,44282
110,1.2631e+02,42922
111,1.2618e+02,42047
112,1.2605e+02,43182
113,1.2593e+02,40622
114,1.2580e+02,40853
115,1.2568e+02,42571
116,1.2555e+02,41967
117,1.2542e+02,41162
118,1.2530e+02,41054
119,1.2517e+02,43200
120,1.2505e+02,42158
121,1.2492e+02,38553
122,1.2480e+02,41774
123,1.2467e+02,39177
124,1.2455e+02,38079
125,1.2442e+02,39532
126,1.2430e+02,39564
127,1.2418e+02,39901
128,1.2405e+02,41551
129,1.2393e+02,39059
130,1.2380e+02,39305
131,1.2368e+02,39934
132,1.2356e+02,40005
133,1.2343e+02,36842
134,1.2331e+02,40642
135,1.2319e+02,39665
136,1.2306e+02,37015
137,1.2294e+02,38308
138,1.2282e+02,37467
139,1.2269e+02,38778
140,1.2257e+02,35974
141,1.2245e+02,37869
142,1.2233e+02,40512
143,1.2220e+02,38381
144,1.2208e+02,37208
145,1.2196e+02,40423
146,1.2184e+02,38939
147,1.2172e+02,41102
148,1.2159e+02,38861
149,1.2147e+02,40677
150,1.2135e+02,38375
151,1.2123e+02,40708
152,1.2111e+02,39926
153,1.2099e+02,39770
154,1.2087e+02,40041
155,1.2075e+02,39073
156,1.2062e+02,37772
157,1.2050e+02,40583
158,1.2038e+02,38740
159,1.2026e+02,39293
160,1.2014e+02,41135
161,1.2002e+02,39908
162,1.1990e+02,40431
163,1.1978e+02,39898
164,1.1966e+02,38605
165,1.1954e+02,41422
166,1.1942e+02,42482
167,1.1930e+02,37015
168,1.1918e+02,37699
169,1.1907e+02,38649
170,1.1895e+02,39649
171,1.1883e+02,41698
172,1.1871e+02,38813
173,1.1859e+02,37992
174,1.1847e+02,37901
175,1.1835e+02,40870
176,1.1823e+02,41523
177,1.1812e+02,39365
178,1.1800e+02,37567
179,1.1788e+02,38802
180,1.1776e+02,38255
181,1.1764e+02,39523
182,1.1753e+02,40314
183,1.1741e+02,38937
184,1.1729e+02,39637
185,1.1717e+02,39462
186,1.1706e+02,38668
187,1.1694e+02,36305
188,1.1682e+02,39686
189,1.1671e+02,40923
190,1.1659e+02,37850
191,1.1647e+02,37476
192,1.1636e+02,36178
193,1.1624e+02,38940
194,1.1612e+02,41365
195,1.1601e+02,41905
196,1.1589e+02,40277
197,1.1578e+02,39040
198,1.1566e+02,38404
199,1.1555e+02,36009
200,1.1543e+02,39623
201,1.1531e+02,37183
202,1.1520e+02,39162
203,1.1508e+02,39610
204,1.1497e+02,38041
205,1.1485e+02,38041
206,1.1474e+02,38177
207,1.1462e+02,37677
208,1.1451e+02,39412
209,1.1439e+02,35680
210,1.1428e+02,37631
211,1.1417e+02,37897
212,1.1405e+02,38243
213,1.1394e+02,38549
214,1.1382e+02,36479
215,1.1371e+02,38278
216,1.1360e+02,38109
217,1.1348e+02,36930
218,1.1337e+02,35749
219,1.1326e+02,37563
220,1.1314e+02,37471
221,1.1303e+02,38329
222,1.1292e+02,39648
223,1.1280e+02,39012
224,1.1269e+02,39886
225,1.1258e+02,37894
226,1.1247e+02,36467
227,1.1235e+02,37983
228,1.1224e+02,37346
229,1.1213e+02,36626
230,1.1202e+02,40440
231,1.1190e+02,39491
232,1.1179e+02,40424
233,1.1168e+02,35452
234,1.1157e+02,39440
235,1.1146e+02,39721
236,1.1135e+02,37005
237,1.1123e+02,38170
238,1.1112e+02,39566
239,1.1101e+02,37108
240,1.1090e+02,35359
241,1.1079e+02,37684
242,1.1068e+02,39226
243,1.1057e+02,36665
244,1.1046e+02,39837
245,1.1035e+02,38850
246,1.1024e+02,36959
247,1.1013e+02,38594
248,1.1002e+02,36273
249,1.0991e+02,37055
250,1.0980e+02,37296
251,1.0969e+02,34840
252,1.0958e+02,36631
253,1.0947e+02,36519
254,1.0936e+02,36227
255,1.0925e+02,37206
256,1.0914e+02,37942
257,1.0903e+02,36584
258,1.0892e+02,35925
259,1.0881e+02,37488
260,1.0870e+02,37592
261,1.0860e+02,37126
262,1.0849e+02,36425
263,1.0838e+02,36249
264,1.0827e+02,37689
265,1.0816e+02,37425
266,1.0805e+02,38488
267,1.0795e+02,38485
268,1.0784e+02,41396
269,1.0773e+02,40076
270,1.0762e+02,40846
271,1.0751e+02,37697
272,1.0741e+02,37625
273,1.0730e+02,35983
274,1.0719e+02,37365
275,1.0708e+02,37897
276,1.0698e+02,37928
277,1.0687e+02,39774
278,1.0676e+02,39703
279,1.0666e+02,37631
280,1.0655e+02,38988
281,1.0644e+02,35104
282,1.0634e+02,35296
283,1.0623e+02,35952
284,1.0613e+02,38036
285,1.0602e+02,37248
286,1.0591e+02,39220
287,1.0581e+02,37809
288,1.0570e+02,38042
289,1.0560e+02,37055
290,1.0549e+02,38715
291,1.0538e+02,37383
292,1.0528e+02,39527
293,1.0517e+02,36255
294,1.0507e+02,38725
295,1.0496e+02,38350
296,1.0486e+02,36691
297,1.0475e+02,36704
298,1.0465e+02,37584
299,1.0454e+02,36851
300,1.0444e+02,35631
301,1.0434e+02,36193
302,1.0423e+02,38442
303,1.0413e+02,40168
304,1.0402e+02,35471
305,1.0392e+02,35151
306,1.0381e+02,38232
307,1.0371e+02,36533
308,1.0361e+02,37049
309,1.0350e+02,35893
310,1.0340e+02,34844
311,1.0330e+02,35724
312,1.0319e+02,36345
313,1.0309e+02,39013
314,1.0299e+02,36028
315,1.0288e+02,35230
316,1.0278e+02,36993
317,1.0268e+02,38547
318,1.0258e+02,34658
319,1.0247e+02,35685
320,1.0237e+02,35183
321,1.0227e+02,36950
322,1.0217e+02,35645
323,1.0206e+02,37283
324,1.0196e+02,36218
325,1.0186e+02,36682
326,1.0176e+02,37594
327,1.0166e+02,37261
328,1.0155e+02,36143
329,1.0145e+02,35409
330,1.0135e+02,37181
331,1.0125e+02,36421
332,1.0115e+02,33939
333,1.0105e+02,34707
334,1.0095e+02,34547
335,1.0085e+02,35004
336,1.0074e+02,37865
337,1.0064e+02,37737
338,1.0054e+02,36870
339,1.0044e+02,33466
340,1.0034e+02,34296
341,1.0024e+02,35046
342,1.0014e+02,36005
343,1.0004e+02,35523
344,9.9942e+01,35619
345,9.9842e+01,35674
346,9.9742e+01,34652
347,9.9642e+01,35425
348,9.9543e+01,35953
349,9.9443e+01,34328
350,9.9344e+01,36441
351,9.9244e+01,35031
352,9.9145e+01,33827
353,9.9046e+01,36426
354,9.8947e+01,33785
355,9.8848e+01,34086
356,9.8749e+01,35162
357,9.8650e+01,33000
358,9.8552e+01,33935
359,9.8453e+01,35399
360,9.8355e+01,38601
361,9.8256e+01,38029
362,9.8158e+01,37014
363,9.8060e+01,35465
364,9.7962e+01,36952
365,9.7864e+01,38476
366,9.7766e+01,37067
367,9.7668e+01,37303
368,9.7571e+01,34369
369,9.7473e+01,34316
370,9.7376e+01,36434
371,9.7278e+01,37904
372,9.7181e+01,36919
373,9.7084e+01,37160
374,9.6987e+01,37166
375,9.6890e+01,35037
376,9.6793e+01,34810
377,9.6696e+01,33808
378,9.6599e+01,35041
379,9.6503e+01,35393
380,9.6406e+01,36397
381,9.6310e+01,34632
382,9.6213e+01,34723
383,9.6117e+01,37040
384,9.6021e+01,35581
385,9.5925e+01,34721
386,9.5829e+01,37203
387,9.5733e+01,37098
388,9.5638e+01,34512
389,9.5542e+01,36652
390,9.5446e+01,35405
391,9.5351e+01,36127
392,9.5256e+01,35203
393,9.5160e+01,34701
394,9.5065e+01,33595
395,9.4970e+01,33591
396,9.4875e+01,35355
397,9.4780e+01,36135
398,9.4685e+01,36356
399,9.4591e+01,31860
400,9.4496e+01,33850
401,9.4402e+01,34468
402,9.4307e+01,34686
403,9.4213e+01,35960
404,9.4119e+01,35514
405,9.4025e+01,33848
406,9.3931e+01,32896
407,9.3837e+01,34795
408,9.3743e+01,37285
409,9.3649e+01,35190
410,9.3555e+01,32950
411,9.3462e+01,33891
412,9.3368e+01,32601
413,9.3275e+01,36480
414,9.3182e+01,34607
415,9.3089e+01,33614
416,9.2996e+01,34898
417,9.2903e+01,35155
418,9.2810e+01,35179
419,9.2717e+01,34293
420,9.2624e+01,34667
421,9.2532e+01,32817
422,9.2439e+01,35263
423,9.2347e+01,34041
424,9.2254e+01,35456
425,9.2162e+01,33966
426,9.2070e+01,33792
427,9.1978e+01,34199
428,9.1886e+01,31634
429,9.1794e+01,35249
430,9.1702e+01,33908
431,9.1610e+01,34237
432,9.1519e+01,33913
433,9.1427e+01,36796
434,9.1336e+01,38402
435,9.1244e+01,34023
436,9.1153e+01,35252
437,9.1062e+01,34684
438,9.0971e+01,34113
439,9.0880e+01,33106
440,9.0789e+01,34108
441,9.0698e+01,37022
442,9.0608e+01,34147
443,9.0517e+01,32971
444,9.0427e+01,36002
445,9.0336e+01,35262
446,9.0246e+01,34595
447,9.0156e+01,35549
448,9.0065e+01,33013
449,8.9975e+01,35848
450,8.9885e+01,32576
451,8.9795e+01,31999
452,8.9706e+01,32318
453,8.9616e+01,32072
454,8.9526e+01,32465
455,8.9437e+01,32974
456,8.9347e+01,33368
457,8.9258e+01,33651
458,8.9169e+01,32865
459,8.9080e+01,34267
460,8.8991e+01,33086
461,8.8902e+01,34205
462,8.8813e+01,34568
463,8.8724e+01,32009
464,8.8635e+01,30608
465,8.8546e+01,31692
466,8.8458e+01,32355
467,8.8369e+01,32617
468,8.8281e+01,31809
469,8.8193e+01,32952
470,8.8105e+01,33673
471,8.8016e+01,35361
472,8.7928e+01,34774
473,8.7841e+01,34274
474,8.7753e+01,34232
475,8.7665e+01,34114
476,8.7577e+01,32122
477,8.7490e+01,31882
478,8.7402e+01,33805
479,8.7315e+01,35700
480,8.7228e+01,32815
481,8.7140e+01,33940
482,8.7053e+01,33939
483,8.6966e+01,33593
484,8.6879e+01,31690
485,8.6792e+01,30790
486,8.6705e+01,33144
487,8.6619e+01,34145
488,8.6532e+01,32366
489,8.6446e+01,32718
490,8.6359e+01,33356
491,8.6273e+01,32282
492,8.6187e+01,31626
493,8.6100e+01,32474
494,8.6014e+01,35546
495,8.5928e+01,34556
496,8.5842e+01,33304
497,8.5756e+01,32753
498,8.5671e+01,33293
499,8.5585e+01,31558
500,8.5499e+01,33603
501,8.5414e+01,31781
502,8.5329e+01,31665
503,8.5243e+01,31814
504,8.5158e+01,33223
505,8.5073e+01,32392
506,8.4988e+01,32502
507,8.4903e+01,35344
508,8.4818e+01,35702
509,8.4733e+01,33446
510,8.4648e+01,32109
511,8.4564e+01,31251
512,8.4479e+01,32353
513,8.4395e+01,30088
514,8.4310e+01,32262
515,8.4226e+01,31635
516,8.4142e+01,30674
517,8.4058e+01,31710
518,8.3973e+01,32407
519,8.3889e+01,33840
520,8.3806e+01,33288
521,8.3722e+01,34074
522,8.3638e+01,32541
523,8.3554e+01,32106
524,8.3471e+01,31257
525,8.3387e+01,31345
526,8.3304e+01,31407
527,8.3221e+01,32398
528,8.3137e+01,33034
529,8.3054e+01,32372
530,8.2971e+01,32496
531,8.2888e+01,32783
532,8.2805e+01,31498
533,8.2723e+01,32553
534,8.2640e+01,32953
535,8.2557e+01,31961
536,8.2475e+01,32998
537,8.2392e+01,35126
538,8.2310e+01,34816
539,8.2228e+01,33661
540,8.2145e+01,32920
541,8.2063e+01,32705
542,8.1981e+01,32324
543,8.1899e+01,32706
544,8.1817e+01,31286
545,8.1735e+01,31710
546,8.1654e+01,30054
547,8.1572e+01,32628
548,8.1490e+01,33484
549,8.1409e+01,32464
550,8.1328e+01,33448
551,8.1246e+01,32773
552,8.1165e+01,34263
553,8.1084e+01,32369
554,8.1003e+01,31063
555,8.0922e+01,31517
556,8.0841e+01,30194
557,8.0760e+01,30814
558,8.0679e+01,32150
559,8.0599e+01,32874
560,8.0518e+01,30844
561,8.0437e+01,30941
562,8.0357e+01,33533
563,8.0277e+01,31940
564,8.0196e+01,30901
565,8.0116e+01,31288
566,8.0036e+01,31124
567,7.9956e+01,32726
568,7.9876e+01,31251
569,7.9796e+01,31027
570,7.9716e+01,30774
571,7.9637e+01,30398
572,7.9557e+01,32267
573,7.9477e+01,29940
574,7.9398e+01,31120
575,7.9319e+01,30893
576,7.9239e+01,31291
577,7.9160e+01,31738
578,7.9081e+01,32162
579,7.9002e+01,33247
580,7.8923e+01,32446
581,7.8844e+01,31385
582,7.8765e+01,32364
583,7.8686e+01,30606
584,7.8608e+01,29311
585,7.8529e+01,29736
586,7.8450e+01,30748
587,7.8372e+01,30688
588,7.8294e+01,31269
589,7.8215e+01,31042
590,7.8137e+01,29946
591,7.8059e+01,30968
592,7.7981e+01,31202
593,7.7903e+01,29742
594,7.7825e+01,29197
595,7.7747e+01,30654
596,7.7669e+01,30436
597,7.7592e+01,31237
598,7.7514e+01,31967
599,7.7437e+01,29826
600,7.7359e+01,30713
601,7.7282e+01,30977
602,7.7205e+01,30822
603,7.7127e+01,30073
604,7.7050e+01,32600
605,7.6973e+01,33972
606,7.6896e+01,33661
607,7.6819e+01,32286
608,7.6743e+01,34368
609,7.6666e+01,31801
610,7.6589e+01,31586
611,7.6513e+01,30416
612,7.6436e+01,29828
613,7.6360e+01,29383
614,7.6283e+01,30899
615,7.6207e+01,28882
616,7.6131e+01,30394
617,7.6055e+01,30215
618,7.5979e+01,29096
619,7.5903e+01,30671
620,7.5827e+01,30619
621,7.5751e+01,29081
622,7.5675e+01,30074
623,7.5599e+01,31646
624,7.5524e+01,32526
625,7.5448e+01,32250
626,7.5373e+01,34060
627,7.5297e+01,31374
628,7.5222e+01,31937
629,7.5147e+01,29561
630,7.5072e+01,34051
631,7.4997e+01,29545
632,7.4922e+01,32635
633,7.4847e+01,31531
634,7.4772e+01,31833
635,7.4697e+01,30478
636,7.4622e+01,30481
637,7.4548e+01,30782
638,7.4473e+01,31617
639,7.4399e+01,30870
640,7.4324e+01,30643
641,7.4250e+01,30472
642,7.4176e+01,30628
643,7.4102e+01,31014
644,7.4028e+01,31004
645,7.3954e+01,30606
646,7.3880e+01,31945
647,7.3806e+01,31224
648,7.3732e+01,29578
649,7.3658e+01,30924
650,7.3585e+01,31542
651,7.3511e+01,30553
652,7.3437e+01,31116
653,7.3364e+01,31068
654,7.3291e+01,31259
655,7.3217e+01,32294
656,7.3144e+01,31132
657,7.3071e+01,30152
658,7.2998e+01,30498
659,7.2925e+01,30058
660,7.2852e+01,31233
661,7.2779e+01,30636
662,7.2706e+01,30471
663,7.2634e+01,29959
664,7.2561e+01,32486
665,7.2488e+01,30302
666,7.2416e+01,31326
667,7.2344e+01,29416
668,7.2271e+01,29663
669,7.2199e+01,30526
670,7.2127e+01,29884
671,7.2055e+01,29227
672,7.1983e+01,31140
673,7.1911e+01,29849
674,7.1839e+01,28708
675,7.1767e+01,28859
676,7.1695e+01,31642
677,7.1623e+01,29557
678,7.1552e+01,30733
679,7.1480e+01,29798
680,7.1409e+01,31086
681,7.1337e+01,29796
682,7.1266e+01,30222
683,7.1195e+01,28321
684,7.1123e+01,27415
685,7.1052e+01,29654
686,7.0981e+01,28960
687,7.0910e+01,28076
688,7.0839e+01,29125
689,7.0769e+01,28441
690,7.0698e+01,29708
691,7.0627e+01,30824
692,7.0556e+01,30590
693,7.0486e+01,29387
694,7.0415e+01,30442
695,7.0345e+01,31166
696,7.0275e+01,30410
697,7.0204e+01,30226
698,7.0134e+01,30355
699,7.0064e+01,30252
700,6.9994e+01,29954
701,6.9924e+01,29729
702,6.9854e+01,29017
703,6.9784e+01,29872
704,6.9714e+01,29039
705,6.9645e+01,28521
706,6.9575e+01,28918
707,6.9506e+01,27966
708,6.9436e+01,29227
709,6.9367e+01,28167
710,6.9297e+01,28977
711,6.9228e+01,29934
712,6.9159e+01,28927
713,6.9090e+01,28876
714,6.9020e+01,28440
715,6.8951e+01,28219
716,6.8882e+01,28208
717,6.8814e+01,28918
718,6.8745e+01,28687
719,6.8676e+01,28975
720,6.8607e+01,28020
721,6.8539e+01,30087
722,6.8470e+01,29596
723,6.8402e+01,28772
724,6.8333e+01,29778
725,6.8265e+01,30147
726,6.8197e+01,29110
727,6.8129e+01,27720
728,6.8060e+01,27186
729,6.7992e+01,28148
730,6.7924e+01,28546
731,6.7856e+01,28943
732,6.7789e+01,30126
733,6.7721e+01,30111
734,6.7653e+01,31282
735,6.7585e+01,28932
736,6.7518e+01,29048
737,6.7450e+01,29924
738,6.7383e+01,28355
739,6.7315e+01,28461
740,6.7248e+01,29225
741,6.7181e+01,28041
742,6.7114e+01,29525
743,6.7047e+01,28415
744,6.6980e+01,29783
745,6.6913e+01,29494
746,6.6846e+01,28162
747,6.6779e+01,27886
748,6.6712e+01,28922
749,6.6645e+01,27773
750,6.6579e+01,28478
751,6.6512e+01,29084
752,6.6446e+01,29554
753,6.6379e+01,29099
754,6.6313e+01,27647
755,6.6246e+01,26905
756,6.6180e+01,27058
757,6.6114e+01,29468
758,6.6048e+01,26605
759,6.5982e+01,28071
760,6.5916e+01,27916
761,6.5850e+01,27426
762,6.5784e+01,27214
763,6.5718e+01,27881
764,6.5653e+01,27132
765,6.5587e+01,27705
766,6.5521e+01,25780
767,6.5456e+01,27326
768,6.5390e+01,28317
769,6.5325e+01,27441
770,6.5260e+01,27578
771,6.5194e+01,30454
772,6.5129e+01,29751
773,6.5064e+01,27914
774,6.4999e+01,27458
775,6.4934e+01,28173
776,6.4869e+01,27642
777,6.4804e+01,27079
778,6.4739e+01,26582
779,6.4675e+01,27581
780,6.4610e+01,27158
781,6.4545e+01,28377
782,6.4481e+01,27853
783,6.4416e+01,28384
784,6.4352e+01,28230
785,6.4288e+01,29394
786,6.4223e+01,29524
787,6.4159e+01,29217
788,6.4095e+01,28566
789,6.4031e+01,28753
790,6.3967e+01,28550
791,6.3903e+01,28387
792,6.3839e+01,29490
793,6.3775e+01,29422
794,6.3711e+01,29875
795,6.3648e+01,28907
796,6.3584e+01,28036
797,6.3520e+01,27767
798,6.3457e+01,29560
799,6.3393e+01,27943
800,6.3330e+01,28263
801,6.3267e+01,28221
802,6.3203e+01,27709
803,6.3140e+01,27845
804,6.3077e+01,27894
805,6.3014e+01,28360
806,6.2951e+01,27875
807,6.2888e+01,28726
808,6.2825e+01,27581
809,6.2762e+01,29062
810,6.2700e+01,30087
811,6.2637e+01,28904
812,6.2574e+01,28667
813,6.2512e+01,28233
814,6.2449e+01,28590
815,6.2387e+01,27175
816,6.2324e+01,27897
817,6.2262e+01,28721
818,6.2200e+01,27752
819,6.2138e+01,28075
820,6.2075e+01,27537
821,6.2013e+01,27526
822,6.1951e+01,27842
823,6.1889e+01,28415
824,6.1827e+01,27326
825,6.1766e+01,23766
826,6.1704e+01,26502
827,6.1642e+01,26912
828,6.1581e+01,25908
829,6.1519e+01,26993
830,6.1457e+01,26667
831,6.1396e+01,26910
832,6.1335e+01,26918
833,6.1273e+01,26768
834,6.1212e+01,26579
835,6.1151e+01,28764
836,6.1090e+01,27885
837,6.1029e+01,27787
838,6.0967e+01,27398
839,6.0907e+01,27927
840,6.0846e+01,27861
841,6.0785e+01,27401
842,6.0724e+01,27722
843,6.0663e+01,26883
844,6.0603e+01,28527
845,6.0542e+01,26781
846,6.0481e+01,26543
847,6.0421e+01,26648
848,6.0361e+01,26832
849,6.0300e+01,26647
850,6.0240e+01,27566
851,6.0180e+01,27999
852,6.0119e+01,29075
853,6.0059e+01,27820
854,5.9999e+01,27272
855,5.9939e+01,27888
856,5.9879e+01,25991
857,5.9819e+01,26773
858,5.9760e+01,25284
859,5.9700e+01,26730
860,5.9640e+01,27381
861,5.9581e+01,26755
862,5.9521e+01,26068
863,5.9461e+01,25943
864,5.9402e+01,26736
865,5.9343e+01,26749
866,5.9283e+01,26475
867,5.9224e+01,25761
868,5.9165e+01,25747
869,5.9106e+01,26208
870,5.9046e+01,26136
871,5.8987e+01,26488
872,5.8928e+01,26744
873,5.8869e+01,26842
874,5.8811e+01,27006
875,5.8752e+01,27442
876,5.8693e+01,26896
877,5.8634e+01,25547
878,5.8576e+01,26377
879,5.8517e+01,26102
880,5.8459e+01,25216
881,5.8400e+01,26001
882,5.8342e+01,25834
883,5.8283e+01,25327
884,5.8225e+01,26882
885,5.8167e+01,27423
886,5.8109e+01,28093
887,5.8051e+01,28103
888,5.7993e+01,29043
889,5.7935e+01,28298
890,5.7877e+01,27478
891,5.7819e+01,26637
892,5.7761e+01,25858
893,5.7703e+01,26120
894,5.7646e+01,27064
895,5.7588e+01,27591
896,5.7530e+01,26995
897,5.7473e+01,26355
898,5.7415e+01,26433
899,5.7358e+01,25944
900,5.7301e+01,26192
901,5.7243e+01,26508
902,5.7186e+01,26025
903,5.7129e+01,26368
904,5.7072e+01,26711
905,5.7015e+01,27353
906,5.6958e+01,26765
907,5.6901e+01,25885
908,5.6844e+01,25730
909,5.6787e+01,27023
910,5.6730e+01,26897
911,5.6673e+01,26699
912,5.6617e+01,26287
913,5.6560e+01,27082
914,5.6504e+01,26299
915,5.6447e+01,26545
916,5.6391e+01,27088
917,5.6334e+01,25355
918,5.6278e+01,26300
919,5.6222e+01,25766
920,5.6165e+01,26076
921,5.6109e+01,25795
922,5.6053e+01,26248
923,5.5997e+01,26591
924,5.5941e+01,25585
925,5.5885e+01,25888
926,5.5829e+01,26144
927,5.5773e+01,26742
928,5.5718e+01,26772
929,5.5662e+01,25743
930,5.5606e+01,27124
931,5.5551e+01,25535
932,5.5495e+01,26151
933,5.5440e+01,27551
934,5.5384e+01,27030
935,5.5329e+01,26465
936,5.5273e+01,27239
937,5.5218e+01,27030
938,5.5163e+01,27896
939,5.5108e+01,27936
940,5.5053e+01,26137
941,5.4998e+01,26930
942,5.4943e+01,27153
943,5.4888e+01,26773
944,5.4833e+01,25514
945,5.4778e+01,26231
946,5.4723e+01,27067
947,5.4668e+01,25866
948,5.4614e+01,26081
949,5.4559e+01,26758
950,5.4505e+01,26676
951,5.4450e+01,26210
952,5.4396e+01,27535
953,5.4341e+01,25966
954,5.4287e+01,25664
955,5.4233e+01,24985
956,5.4178e+01,25621
957,5.4124e+01,24587
958,5.4070e+01,26007
959,5.4016e+01,25353
960,5.3962e+01,25885
961,5.3908e+01,24878
962,5.3854e+01,26172
963,5.3800e+01,26371
964,5.3746e+01,24997
965,5.3693e+01,27194
966,5.3639e+01,26481
967,5.3585e+01,25883
968,5.3532e+01,25611
969,5.3478e+01,24573
970,5.3425e+01,25326
971,5.3371e+01,25432
972,5.3318e+01,26710
973,5.3265e+01,25975
974,5.3211e+01,25309
975,5.3158e+01,25634
976,5.3105e+01,26116
977,5.3052e+01,25829
978,5.2999e+01,25767
979,5.2946e+01,25488
980,5.2893e+01,24855
981,5.2840e+01,24922
982,5.2787e+01,25050
983,5.2734e+01,24882
984,5.2682e+01,24642
985,5.2629e+01,23683
986,5.2576e+01,24493
987,5.2524e+01,24159
988,5.2471e+01,24151
989,5.2419e+01,24494
990,5.2366e+01,24706
991,5.2314e+01,24404
992,5.2262e+01,24853
993,5.2209e+01,25379
994,5.2157e+01,24709
995,5.2105e+01,25093
996,5.2053e+01,25117
997,5.2001e+01,24335
998,5.1949e+01,24414
999,5.1897e+01,25223
1000,5.1845e+01,24919
1001,5.1793e+01,24362
1002,5.1741e+01,24876
1003,5.1690e+01,24827
1004,5.1638e+01,25973
1005,5.1586e+01,25476
1006,5.1535e+01,25108
1007,5.1483e+01,24260
1008,5.1432e+01,25335
1009,5.1380e+01,25847
1010,5.1329e+01,24685
1011,5.1278e+01,24778
1012,5.1226e+01,25182
1013,5.1175e+01,24480
1014,5.1124e+01,23498
1015,5.1073e+01,23811
1016,5.1022e+01,25147
1017,5.0971e+01,25615
1018,5.0920e+01,25505
1019,5.0869e+01,24862
1020,5.0818e+01,25170
1021,5.0767e+01,25488
1022,5.0716e+01,24845
1023,5.0666e+01,25670
1024,5.0615e+01,25444
1025,5.0564e+01,24726
1026,5.0514e+01,24970
1027,5.0463e+01,24636
1028,5.0413e+01,25357
1029,5.0362e+01,25535
1030,5.0312e+01,24511
1031,5.0262e+01,24651
1032,5.0211e+01,24844
1033,5.0161e+01,25879
1034,5.0111e+01,24050
1035,5.0061e+01,24887
1036,5.0011e+01,24877
1037,4.9961e+01,24083
1038,4.9911e+01,23991
1039,4.9861e+01,24399
1040,4.9811e+01,24893
1041,4.9761e+01,25100
1042,4.9712e+01,25174
1043,4.9662e+01,25545
1044,4.9612e+01,25021
1045,4.9563e+01,24981
1046,4.9513e+01,24157
1047,4.9464e+01,25436
1048,4.9414e+01,24712
1049,4.9365e+01,24666
1050,4.9315e+01,24666
1051,4.9266e+01,25197
1052,4.9217e+01,25189
1053,4.9168e+01,25479
1054,4.9118e+01,25518
1055,4.9069e+01,25519
1056,4.9020e+01,24359
1057,4.8971e+01,24662
1058,4.8922e+01,24571
1059,4.8873e+01,24651
1060,4.8824e+01,23752
1061,4.8776e+01,23628
1062,4.8727e+01,23947
1063,4.8678e+01,24916
1064,4.8629e+01,24573
1065,4.8581e+01,25220
1066,4.8532e+01,25161
1067,4.8484e+01,24441
1068,4.8435e+01,25780
1069,4.8387e+01,24932
1070,4.8338e+01,24223
1071,4.8290e+01,24671
1072,4.8242e+01,25358
1073,4.8193e+01,24282
1074,4.8145e+01,24724
1075,4.8097e+01,24578
1076,4.8049e+01,23727
1077,4.8001e+01,24581
1078,4.7953e+01,24083
1079,4.7905e+01,24379
1080,4.7857e+01,25278
1081,4.7809e+01,24902
1082,4.7761e+01,24018
1083,4.7714e+01,24814
1084,4.7666e+01,24955
1085,4.7618e+01,25246
1086,4.7571e+01,25824
1087,4.7523e+01,25057
1088,4.7476e+01,24203
1089,4.7428e+01,24909
1090,4.7381e+01,25330
1091,4.7333e+01,25170
1092,4.7286e+01,25237
1093,4.7239e+01,24190
1094,4.7191e+01,25167
1095,4.7144e+01,24367
1096,4.7097e+01,24479
1097,4.7050e+01,25369
1098,4.7003e+01,24279
1099,4.6956e+01,25007
1100,4.6909e+01,25722
1101,4.6862e+01,26002
1102,4.6815e+01,24859
1103,4.6768e+01,24680
1104,4.6722e+01,25173
1105,4.6675e+01,25876
1106,4.6628e+01,25169
1107,4.6582e+01,23816
1108,4.6535e+01,24022
1109,4.6489e+01,23720
1110,4.6442e+01,23623
1111,4.6396e+01,23602
1112,4.6349e+01,25098
1113,4.6303e+01,24424
1114,4.6257e+01,23773
1115,4.6210e+01,24368
1116,4.6164e+01,24560
1117,4.6118e+01,24408
1118,4.6072e+01,24716
1119,4.6026e+01,24983
1120,4.5980e+01,24702
1121,4.5934e+01,23831
1122,4.5888e+01,24176
1123,4.5842e+01,23988
1124,4.5796e+01,24736
1125,4.5750e+01,24221
1126,4.5704e+01,24487
1127,4.5659e+01,23571
1128,4.5613e+01,24214
1129,4.5568e+01,24500
1130,4.5522e+01,23660
1131,4.5476e+01,23513
1132,4.5431e+01,24476
1133,4.5386e+01,23750
1134,4.5340e+01,24200
1135,4.5295e+01,24557
1136,4.5249e+01,24251
1137,4.5204e+01,24648
1138,4.5159e+01,23943
1139,4.5114e+01,24281
1140,4.5069e+01,25166
1141,4.5024e+01,24530
1142,4.4979e+01,24918
1143,4.4934e+01,24236
1144,4.4889e+01,24573
1145,4.4844e+01,23870
1146,4.4799e+01,24711
1147,4.4754e+01,24251
1148,4.4709e+01,23587
1149,4.4665e+01,23672
1150,4.4620e+01,24230
1151,4.4575e+01,23666
1152,4.4531e+01,25029
1153,4.4486e+01,24684
1154,4.4442e+01,24680
1155,4.4397e+01,24349
1156,4.4353e+01,23992
1157,4.4309e+01,24594
1158,4.4264e+01,24554
1159,4.4220e+01,23976
1160,4.4176e+01,23823
1161,4.4132e+01,24133
1162,4.4088e+01,25035
1163,4.4044e+01,24102
1164,4.3999e+01,24425
1165,4.3955e+01,24652
1166,4.3912e+01,23678
1167,4.3868e+01,24114
1168,4.3824e+01,23770
1169,4.3780e+01,22936
1170,4.3736e+01,22901
1171,4.3692e+01,22940
1172,4.3649e+01,24053
1173,4.3605e+01,24429
1174,4.3561e+01,23778
1175,4.3518e+01,23524
1176,4.3474e+01,23315
1177,4.3431e+01,24003
1178,4.3387e+01,23384
1179,4.3344e+01,23166
1180,4.3301e+01,23847
1181,4.3257e+01,23617
1182,4.3214e+01,23872
1183,4.3171e+01,22988
1184,4.3128e+01,22883
1185,4.3085e+01,23238
1186,4.3042e+01,23357
1187,4.2999e+01,22557
1188,4.2956e+01,22313
1189,4.2913e+01,22538
1190,4.2870e+01,22430
1191,4.2827e+01,22492
1192,4.2784e+01,24065
1193,4.2741e+01,24297
1194,4.2698e+01,24237
1195,4.2656e+01,22803
1196,4.2613e+01,23299
1197,4.2570e+01,23226
1198,4.2528e+01,23224
1199,4.2485e+01,23018
1200,4.2443e+01,23414
1201,4.2400e+01,22925
1202,4.2358e+01,22453
1203,4.2316e+01,23072
1204,4.2273e+01,23287
1205,4.2231e+01,23207
1206,4.2189e+01,23675
1207,4.2147e+01,22984
1208,4.2105e+01,22942
1209,4.2062e+01,23251
1210,4.2020e+01,22697
1211,4.1978e+01,22484
1212,4.1936e+01,23089
1213,4.1894e+01,23074
1214,4.1853e+01,23633
1215,4.1811e+01,22909
1216,4.1769e+01,21887
1217,4.1727e+01,22665
1218,4.1685e+01,22923
1219,4.1644e+01,22811
1220,4.1602e+01,23232
1221,4.1560e+01,23086
1222,4.1519e+01,23761
1223,4.1477e+01,23600
1224,4.1436e+01,22960
1225,4.1394e+01,22603
1226,4.1353e+01,22519
1227,4.1312e+01,23301
1228,4.1270e+01,23301
1229,4.1229e+01,22305
1230,4.1188e+01,22291
1231,4.1147e+01,21490
1232,4.1106e+01,21250
1233,4.1064e+01,21033
1234,4.1023e+01,21074
1235,4.0982e+01,21121
1236,4.0941e+01,20987
1237,4.0900e+01,21557
1238,4.0860e+01,21629
1239,4.0819e+01,21793
1240,4.0778e+01,22092
1241,4.0737e+01,21483
1242,4.0696e+01,21895
1243,4.0656e+01,22942
1244,4.0615e+01,22790
1245,4.0574e+01,22664
1246,4.0534e+01,23059
1247,4.0493e+01,22537
1248,4.0453e+01,22266
1249,4.0412e+01,22913
1250,4.0372e+01,22698
1251,4.0332e+01,22319
1252,4.0291e+01,22558
1253,4.0251e+01,21634
1254,4.0211e+01,22171
1255,4.0170e+01,21796
1256,4.0130e+01,21910
1257,4.0090e+01,22234
1258,4.0050e+01,21656
1259,4.0010e+01,21937
1260,3.9970e+01,22430
1261,3.9930e+01,22293
1262,3.9890e+01,23019
1263,3.9850e+01,23366
1264,3.9810e+01,23060
1265,3.9771e+01,23402
1266,3.9731e+01,22759
1267,3.9691e+01,22427
1268,3.9651e+01,22292
1269,3.9612e+01,22712
1270,3.9572e+01,23149
1271,3.9533e+01,23848
1272,3.9493e+01,23481
1273,3.9454e+01,23096
1274,3.9414e+01,23226
1275,3.9375e+01,22737
1276,3.9335e+01,22781
1277,3.9296e+01,22332
1278,3.9257e+01,22199
1279,3.9217e+01,21854
1280,3.9178e+01,21927
1281,3.9139e+01,22365
1282,3.9100e+01,22423
1283,3.9061e+01,23190
1284,3.9022e+01,22823
1285,3.8983e+01,22289
1286,3.8944e+01,22044
1287,3.8905e+01,22184
1288,3.8866e+01,22072
1289,3.8827e+01,22444
1290,3.8788e+01,22348
1291,3.8749e+01,22654
1292,3.8711e+01,22303
1293,3.8672e+01,22769
1294,3.8633e+01,23101
1295,3.8595e+01,22222
1296,3.8556e+01,22522
1297,3.8517e+01,22533
1298,3.8479e+01,22319
1299,3.8440e+01,22042
1300,3.8402e+01,22352
1301,3.8364e+01,21460
1302,3.8325e+01,22067
1303,3.8287e+01,21359
1304,3.8249e+01,21699
1305,3.8210e+01,22619
1306,3.8172e+01,22706
1307,3.8134e+01,22316
1308,3.8096e+01,21881
1309,3.8058e+01,22070
1310,3.8020e+01,21265
1311,3.7982e+01,21257
1312,3.7944e+01,21313
1313,3.7906e+01,21487
1314,3.7868e+01,21440
1315,3.7830e+01,21259
1316,3.7792e+01,21740
1317,3.7754e+01,21945
1318,3.7717e+01,22488
1319,3.7679e+01,23412
1320,3.7641e+01,23147
1321,3.7604e+01,22241
1322,3.7566e+01,22387
1323,3.7528e+01,22504
1324,3.7491e+01,22571
1325,3.7453e+01,22264
1326,3.7416e+01,22091
1327,3.7379e+01,22644
1328,3.7341e+01,21655
1329,3.7304e+01,21802
1330,3.7266e+01,22358
1331,3.7229e+01,21683
1332,3.7192e+01,21406
1333,3.7155e+01,21436
1334,3.7118e+01,21283
1335,3.7081e+01,21272
1336,3.7043e+01,21142
1337,3.7006e+01,22100
1338,3.6969e+01,22148
1339,3.6932e+01,22435
1340,3.6895e+01,22946
1341,3.6859e+01,22281
1342,3.6822e+01,21998
1343,3.6785e+01,21564
1344,3.6748e+01,21674
1345,3.6711e+01,21590
1346,3.6675e+01,22195
1347,3.6638e+01,22220
1348,3.6601e+01,21718
1349,3.6565e+01,21963
1350,3.6528e+01,21513
1351,3.6492e+01,22362
1352,3.6455e+01,21739
1353,3.6419e+01,21769
1354,3.6382e+01,21557
1355,3.6346e+01,22451
1356,3.6310e+01,21770
1357,3.6273e+01,21625
1358,3.6237e+01,21999
1359,3.6201e+01,21781
1360,3.6165e+01,21509
1361,3.6128e+01,21522
1362,3.6092e+01,21577
1363,3.6056e+01,21808
1364,3.6020e+01,21532
1365,3.5984e+01,21554
1366,3.5948e+01,21597
1367,3.5912e+01,20844
1368,3.5876e+01,21156
1369,3.5840e+01,21825
1370,3.5805e+01,21056
1371,3.5769e+01,21319
1372,3.5733e+01,21448
1373,3.5697e+01,20887
1374,3.5662e+01,21056
1375,3.5626e+01,20747
1376,3.5590e+01,20783
1377,3.5555e+01,21326
1378,3.5519e+01,21112
1379,3.5484e+01,21212
1380,3.5448e+01,21338
1381,3.5413e+01,21609
1382,3.5377e+01,21492
1383,3.5342e+01,21405
1384,3.5307e+01,21211
1385,3.5271e+01,22202
1386,3.5236e+01,22002
1387,3.5201e+01,22150
1388,3.5165e+01,22588
1389,3.5130e+01,22465
1390,3.5095e+01,22539
1391,3.5060e+01,22434
1392,3.5025e+01,21641
1393,3.4990e+01,22628
1394,3.4955e+01,21602
1395,3.4920e+01,20877
1396,3.4885e+01,20829
1397,3.4850e+01,21078
1398,3.4815e+01,21296
1399,3.4781e+01,21463
1400,3.4746e+01,21404
1401,3.4711e+01,21157
1402,3.4676e+01,21904
1403,3.4642e+01,21677
1404,3.4607e+01,21991
1405,3.4572e+01,21946
1406,3.4538e+01,21425
1407,3.4503e+01,21287
1408,3.4469e+01,21469
1409,3.4434e+01,20969
1410,3.4400e+01,20662
1411,3.4366e+01,20736
1412,3.4331e+01,20482
1413,3.4297e+01,20723
1414,3.4263e+01,20467
1415,3.4228e+01,20105
1416,3.4194e+01,20568
1417,3.4160e+01,21073
1418,3.4126e+01,21281
1419,3.4092e+01,21366
1420,3.4057e+01,21657
1421,3.4023e+01,21397
1422,3.3989e+01,21278
1423,3.3955e+01,21556
1424,3.3921e+01,21047
1425,3.3888e+01,21286
1426,3.3854e+01,21442
1427,3.3820e+01,21008
1428,3.3786e+01,21068
1429,3.3752e+01,21270
1430,3.3718e+01,20884
1431,3.3685e+01,21465
1432,3.3651e+01,21205
1433,3.3617e+01,20835
1434,3.3584e+01,21090
1435,3.3550e+01,20710
1436,3.3517e+01,20347
1437,3.3483e+01,20655
1438,3.3450e+01,20412
1439,3.3416e+01,21028
1440,3.3383e+01,20939
1441,3.3349e+01,20704
1442,3.3316e+01,20331
1443,3.3283e+01,20629
1444,3.3249e+01,20824
1445,3.3216e+01,20691
1446,3.3183e+01,21038
1447,3.3150e+01,21367
1448,3.3117e+01,21294
1449,3.3084e+01,21365
1450,3.3050e+01,21147
1451,3.3017e+01,20540
1452,3.2984e+01,20707
1453,3.2951e+01,20453
1454,3.2918e+01,20239
1455,3.2886e+01,20312
1456,3.2853e+01,20587
1457,3.2820e+01,21335
1458,3.2787e+01,21495
1459,3.2754e+01,21218
1460,3.2721e+01,21152
1461,3.2689e+01,21882
1462,3.2656e+01,22751
1463,3.2623e+01,22127
1464,3.2591e+01,21695
1465,3.2558e+01,21764
1466,3.2526e+01,21545
1467,3.2493e+01,21095
1468,3.2461e+01,21341
1469,3.2428e+01,21143
1470,3.2396e+01,20723
1471,3.2363e+01,20955
1472,3.2331e+01,20052
1473,3.2299e+01,20251
1474,3.2266e+01,20449
1475,3.2234e+01,19911
1476,3.2202e+01,20058
1477,3.2170e+01,20206
1478,3.2137e+01,20565
1479,3.2105e+01,20023
1480,3.2073e+01,19697
1481,3.2041e+01,19957
1482,3.2009e+01,19869
1483,3.1977e+01,19996
1484,3.1945e+01,19581
1485,3.1913e+01,20156
1486,3.1881e+01,19834
1487,3.1849e+01,19965
1488,3.1817e+01,20070
1489,3.1786e+01,20081
1490,3.1754e+01,19956
1491,3.1722e+01,20080
1492,3.1690e+01,20261
1493,3.1659e+01,20088
1494,3.1627e+01,19845
1495,3.1595e+01,19427
1496,3.1564e+01,19710
1497,3.1532e+01,20107
1498,3.1501e+01,19616
1499,3.1469e+01,19577
1500,3.1438e+01,19856
1501,3.1406e+01,19348
1502,3.1375e+01,19044
1503,3.1344e+01,19327
1504,3.1312e+01,19491
1505,3.1281e+01,19784
1506,3.1250e+01,19669
1507,3.1218e+01,19589
1508,3.1187e+01,19701
1509,3.1156e+01,20124
1510,3.1125e+01,19909
1511,3.1094e+01,20093
1512,3.1063e+01,19958
1513,3.1032e+01,19852
1514,3.1000e+01,19657
1515,3.0969e+01,20063
1516,3.0939e+01,20076
1517,3.0908e+01,20234
1518,3.0877e+01,20243
1519,3.0846e+01,20248
1520,3.0815e+01,20979
1521,3.0784e+01,20168
1522,3.0753e+01,20958
1523,3.0723e+01,20522
1524,3.0692e+01,21090
1525,3.0661e+01,21152
1526,3.0631e+01,20922
1527,3.0600e+01,20676
1528,3.0569e+01,20574
1529,3.0539e+01,20842
1530,3.0508e+01,20978
1531,3.0478e+01,20534
1532,3.0447e+01,20303
1533,3.0417e+01,19922
1534,3.0386e+01,20095
1535,3.0356e+01,20101
1536,3.0326e+01,19913
1537,3.0295e+01,20054
1538,3.0265e+01,20528
1539,3.0235e+01,21158
1540,3.0204e+01,20654
1541,3.0174e+01,20656
1542,3.0144e+01,20522
1543,3.0114e+01,20121
1544,3.0084e+01,19477
1545,3.0054e+01,19513
1546,3.0024e+01,19255
1547,2.9994e+01,19660
1548,2.9964e+01,19697
1549,2.9934e+01,20020
1550,2.9904e+01,20848
1551,2.9874e+01,19909
1552,2.9844e+01,19767
1553,2.9814e+01,19691
1554,2.9784e+01,20086
1555,2.9755e+01,20477
1556,2.9725e+01,20467
1557,2.9695e+01,20556
1558,2.9665e+01,20554
1559,2.9636e+01,20485
1560,2.9606e+01,19994
1561,2.9576e+01,20268
1562,2.9547e+01,20019
1563,2.9517e+01,19903
1564,2.9488e+01,19479
1565,2.9458e+01,19998
1566,2.9429e+01,20186
1567,2.9399e+01,20164
1568,2.9370e+01,20013
1569,2.9341e+01,20433
1570,2.9311e+01,20184
1571,2.9282e+01,20309
1572,2.9253e+01,20303
1573,2.9223e+01,20241
1574,2.9194e+01,19952
1575,2.9165e+01,20091
1576,2.9136e+01,20378
1577,2.9107e+01,20400
1578,2.9078e+01,20708
1579,2.9049e+01,20335
1580,2.9020e+01,19607
1581,2.8991e+01,19156
1582,2.8962e+01,19663
1583,2.8933e+01,19607
1584,2.8904e+01,19745
1585,2.8875e+01,20035
1586,2.8846e+01,20172
1587,2.8817e+01,19988
1588,2.8788e+01,19500
1589,2.8759e+01,19693
1590,2.8731e+01,20334
1591,2.8702e+01,19985
1592,2.8673e+01,19527
1593,2.8645e+01,20021
1594,2.8616e+01,20097
1595,2.8587e+01,20151
1596,2.8559e+01,20058
1597,2.8530e+01,19870
1598,2.8502e+01,19861
1599,2.8473e+01,19977
1600,2.8445e+01,19912
1601,2.8416e+01,19846
1602,2.8388e+01,19878
1603,2.8359e+01,20275
1604,2.8331e+01,19888
1605,2.8303e+01,19987
1606,2.8274e+01,19583
1607,2.8246e+01,19644
1608,2.8218e+01,20029
1609,2.8190e+01,20403
1610,2.8161e+01,19750
1611,2.8133e+01,19337
1612,2.8105e+01,19690
1613,2.8077e+01,19876
1614,2.8049e+01,19377
1615,2.8021e+01,19433
1616,2.7993e+01,19333
1617,2.7965e+01,19685
1618,2.7937e+01,19692
1619,2.7909e+01,19987
1620,2.7881e+01,19973
1621,2.7853e+01,19747
1622,2.7825e+01,20102
1623,2.7798e+01,19678
1624,2.7770e+01,19610
1625,2.7742e+01,20043
1626,2.7714e+01,20177
1627,2.7687e+01,19564
1628,2.7659e+01,19428
1629,2.7631e+01,19833
1630,2.7604e+01,19363
1631,2.7576e+01,19500
1632,2.7548e+01,19219
1633,2.7521e+01,19720
1634,2.7493e+01,19453
1635,2.7466e+01,19216
1636,2.7438e+01,19126
1637,2.7411e+01,19334
1638,2.7383e+01,19432
1639,2.7356e+01,19284
1640,2.7329e+01,19826
1641,2.7301e+01,19462
1642,2.7274e+01,19331
1643,2.7247e+01,19202
1644,2.7220e+01,19394
1645,2.7192e+01,19250
1646,2.7165e+01,19385
1647,2.7138e+01,19192
1648,2.7111e+01,19177
1649,2.7084e+01,19262
1650,2.7057e+01,19599
1651,2.7030e+01,19121
1652,2.7003e+01,19069
1653,2.6976e+01,18975
1654,2.6949e+01,19074
1655,2.6922e+01,19256
1656,2.6895e+01,19417
1657,2.6868e+01,19436
1658,2.6841e+01,19301
1659,2.6814e+01,19111
1660,2.6787e+01,19680
1661,2.6761e+01,19358
1662,2.6734e+01,19956
1663,2.6707e+01,19086
1664,2.6680e+01,19378
1665,2.6654e+01,19245
1666,2.6627e+01,19459
1667,2.6600e+01,19439
1668,2.6574e+01,19420
1669,2.6547e+01,19231
1670,2.6521e+01,19256
1671,2.6494e+01,19582
1672,2.6468e+01,19251
1673,2.6441e+01,19310
1674,2.6415e+01,19783
1675,2.6388e+01,19309
1676,2.6362e+01,19259
1677,2.6336e+01,19326
1678,2.6309e+01,19578
1679,2.6283e+01,19796
1680,2.6257e+01,19404
1681,2.6230e+01,19533
1682,2.6204e+01,19156
1683,2.6178e+01,19254
1684,2.6152e+01,19730
1685,2.6126e+01,19553
1686,2.6100e+01,19959
1687,2.6073e+01,19305
1688,2.6047e+01,18858
1689,2.6021e+01,18702
1690,2.5995e+01,18686
1691,2.5969e+01,18688
1692,2.5943e+01,19016
1693,2.5917e+01,18701
1694,2.5891e+01,18660
1695,2.5866e+01,18791
1696,2.5840e+01,18919
1697,2.5814e+01,19022
1698,2.5788e+01,18595
1699,2.5762e+01,18867
1700,2.5736e+01,18801
1701,2.5711e+01,18796
1702,2.5685e+01,18580
1703,2.5659e+01,18775
1704,2.5634e+01,18900
1705,2.5608e+01,18989
1706,2.5582e+01,18988
1707,2.5557e+01,19361
1708,2.5531e+01,19802
1709,2.5506e+01,19631
1710,2.5480e+01,19576
1711,2.5455e+01,19857
1712,2.5429e+01,20234
1713,2.5404e+01,19946
1714,2.5378e+01,20333
1715,2.5353e+01,19885
1716,2.5328e+01,19839
1717,2.5302e+01,19701
1718,2.5277e+01,19886
1719,2.5252e+01,19496
1720,2.5227e+01,19559
1721,2.5201e+01,19546
1722,2.5176e+01,18970
1723,2.5151e+01,19061
1724,2.5126e+01,19012
1725,2.5101e+01,19133
1726,2.5076e+01,19060
1727,2.5051e+01,19009
1728,2.5026e+01,19053
1729,2.5000e+01,18501
1730,2.4975e+01,18878
1731,2.4950e+01,18631
1732,2.4926e+01,18617
1733,2.4901e+01,18600
1734,2.4876e+01,18875
1735,2.4851e+01,18893
1736,2.4826e+01,18467
1737,2.4801e+01,18423
1738,2.4776e+01,18524
1739,2.4752e+01,18845
1740,2.4727e+01,18621
1741,2.4702e+01,18628
1742,2.4677e+01,19065
1743,2.4653e+01,19232
1744,2.4628e+01,18934
1745,2.4603e+01,18598
1746,2.4579e+01,18533
1747,2.4554e+01,18478
1748,2.4530e+01,18350
1749,2.4505e+01,18412
1750,2.4481e+01,18946
1751,2.4456e+01,19027
1752,2.4432e+01,19115
1753,2.4407e+01,18709
1754,2.4383e+01,18849
1755,2.4359e+01,18796
1756,2.4334e+01,18742
1757,2.4310e+01,18599
1758,2.4286e+01,19004
1759,2.4261e+01,18450
1760,2.4237e+01,18402
1761,2.4213e+01,18448
1762,2.4189e+01,18398
1763,2.4164e+01,18362
1764,2.4140e+01,18360
1765,2.4116e+01,18438
1766,2.4092e+01,18453
1767,2.4068e+01,18359
1768,2.4044e+01,18301
1769,2.4020e+01,18552
1770,2.3996e+01,18557
1771,2.3972e+01,18639
1772,2.3948e+01,18629
1773,2.3924e+01,18815
1774,2.3900e+01,18229
1775,2.3876e+01,17831
1776,2.3852e+01,18021
1777,2.3828e+01,18313
1778,2.3804e+01,18066
1779,2.3781e+01,18287
1780,2.3757e+01,18355
1781,2.3733e+01,18605
1782,2.3709e+01,18310
1783,2.3686e+01,18183
1784,2.3662e+01,18322
1785,2.3638e+01,18622
1786,2.3615e+01,18385
1787,2.3591e+01,18628
1788,2.3567e+01,18267
1789,2.3544e+01,17964
1790,2.3520e+01,18424
1791,2.3497e+01,18513
1792,2.3473e+01,18418
1793,2.3450e+01,18416
1794,2.3426e+01,18257
1795,2.3403e+01,18130
1796,2.3380e+01,18036
1797,2.3356e+01,18310
1798,2.3333e+01,18192
1799,2.3309e+01,18535
1800,2.3286e+01,18196
1801,2.3263e+01,18295
1802,2.3240e+01,18441
1803,2.3216e+01,18414
1804,2.3193e+01,18538
1805,2.3170e+01,18603
1806,2.3147e+01,18502
1807,2.3124e+01,18552
1808,2.3101e+01,18325
1809,2.3077e+01,18590
1810,2.3054e+01,18775
1811,2.3031e+01,18624
1812,2.3008e+01,18730
1813,2.2985e+01,19109
1814,2.2962e+01,18985
1815,2.2939e+01,18514
1816,2.2916e+01,18149
1817,2.2893e+01,18431
1818,2.2871e+01,18585
1819,2.2848e+01,18341
1820,2.2825e+01,18533
1821,2.2802e+01,18811
1822,2.2779e+01,18463
1823,2.2756e+01,18411
1824,2.2734e+01,18417
1825,2.2711e+01,18551
1826,2.2688e+01,18547
1827,2.2666e+01,18554
1828,2.2643e+01,18688
1829,2.2620e+01,18305
1830,2.2598e+01,18303
1831,2.2575e+01,18459
1832,2.2552e+01,18239
1833,2.2530e+01,18884
1834,2.2507e+01,18586
1835,2.2485e+01,18306
1836,2.2462e+01,18249
1837,2.2440e+01,18076
1838,2.2417e+01,18454
1839,2.2395e+01,18454
1840,2.2373e+01,18888
1841,2.2350e+01,18723
1842,2.2328e+01,18627
1843,2.2306e+01,18653
1844,2.2283e+01,18497
1845,2.2261e+01,18193
1846,2.2239e+01,18105
1847,2.2217e+01,18364
1848,2.2194e+01,18139
1849,2.2172e+01,18026
1850,2.2150e+01,18388
1851,2.2128e+01,18088
1852,2.2106e+01,18127
1853,2.2084e+01,17900
1854,2.2061e+01,17973
1855,2.2039e+01,18061
1856,2.2017e+01,17902
1857,2.1995e+01,18076
1858,2.1973e+01,18128
1859,2.1951e+01,18628
1860,2.1929e+01,18651
1861,2.1907e+01,18696
1862,2.1886e+01,18735
1863,2.1864e+01,18402
1864,2.1842e+01,18448
1865,2.1820e+01,18622
1866,2.1798e+01,18656
1867,2.1776e+01,18717
1868,2.1755e+01,18737
1869,2.1733e+01,18503
1870,2.1711e+01,18753
1871,2.1689e+01,18985
1872,2.1668e+01,18689
1873,2.1646e+01,18771
1874,2.1624e+01,18175
1875,2.1603e+01,18170
1876,2.1581e+01,18293
1877,2.1560e+01,18175
1878,2.1538e+01,17943
1879,2.1516e+01,18032
1880,2.1495e+01,18113
1881,2.1473e+01,18458
1882,2.1452e+01,18544
1883,2.1431e+01,18124
1884,2.1409e+01,18004
1885,2.1388e+01,17833
1886,2.1366e+01,17945
1887,2.1345e+01,18157
1888,2.1324e+01,18299
1889,2.1302e+01,18795
1890,2.1281e+01,18832
1891,2.1260e+01,18447
1892,2.1238e+01,18690
1893,2.1217e+01,18750
1894,2.1196e+01,18811
1895,2.1175e+01,18667
1896,2.1154e+01,18385
1897,2.1132e+01,18502
1898,2.1111e+01,18435
1899,2.1090e+01,18571
1900,2.1069e+01,18458
1901,2.1048e+01,18689
1902,2.1027e+01,18725
1903,2.1006e+01,18573
1904,2.0985e+01,18038
1905,2.0964e+01,18162
1906,2.0943e+01,18198
1907,2.0922e+01,18273
1908,2.0901e+01,18192
1909,2.0880e+01,18107
1910,2.0859e+01,18090
1911,2.0839e+01,17883
1912,2.0818e+01,18063
1913,2.0797e+01,18165
1914,2.0776e+01,18251
1915,2.0755e+01,18501
1916,2.0735e+01,18482
1917,2.0714e+01,18229
1918,2.0693e+01,18071
1919,2.0672e+01,18049
1920,2.0652e+01,18313
1921,2.0631e+01,18336
1922,2.0610e+01,18403
1923,2.0590e+01,18418
1924,2.0569e+01,18226
1925,2.0549e+01,18096
1926,2.0528e+01,18020
1927,2.0508e+01,17928
1928,2.0487e+01,18075
1929,2.0467e+01,18023
1930,2.0446e+01,18035
1931,2.0426e+01,17965
1932,2.0405e+01,17983
1933,2.0385e+01,17817
1934,2.0364e+01,17847
1935,2.0344e+01,17798
1936,2.0324e+01,17695
1937,2.0303e+01,17603
1938,2.0283e+01,17724
1939,2.0263e+01,17467
1940,2.0243e+01,17567
1941,2.0222e+01,17933
1942,2.0202e+01,18013
1943,2.0182e+01,17756
1944,2.0162e+01,18020
1945,2.0142e+01,17932
1946,2.0121e+01,18147
1947,2.0101e+01,18021
1948,2.0081e+01,17958
1949,2.0061e+01,18041
1950,2.0041e+01,18099
1951,2.0021e+01,18110
1952,2.0001e+01,18082
1953,1.9981e+01,17914
1954,1.9961e+01,18202
1955,1.9941e+01,18247
1956,1.9921e+01,17966
1957,1.9901e+01,18015
1958,1.9881e+01,17697
1959,1.9861e+01,17752
1960,1.9842e+01,17556
1961,1.9822e+01,17445
1962,1.9802e+01,17501
1963,1.9782e+01,17550
1964,1.9762e+01,17765
1965,1.9743e+01,17786
1966,1.9723e+01,17970
1967,1.9703e+01,17795
1968,1.9683e+01,17515
1969,1.9664e+01,17649
1970,1.9644e+01,17482
1971,1.9624e+01,17407
1972,1.9605e+01,17578
1973,1.9585e+01,17910
1974,1.9566e+01,17953
1975,1.9546e+01,17824
1976,1.9526e+01,17952
1977,1.9507e+01,17778
1978,1.9487e+01,17521
1979,1.9468e+01,17498
1980,1.9448e+01,17776
1981,1.9429e+01,17625
1982,1.9410e+01,17843
1983,1.9390e+01,17764
1984,1.9371e+01,17954
1985,1.9351e+01,18095
1986,1.9332e+01,17807
1987,1.9313e+01,17761
1988,1.9293e+01,17845
1989,1.9274e+01,17968
1990,1.9255e+01,17998
1991,1.9236e+01,17938
1992,1.9216e+01,17793
1993,1.9197e+01,17775
1994,1.9178e+01,17893
1995,1.9159e+01,17993
1996,1.9140e+01,17941
1997,1.9120e+01,18137
1998,1.9101e+01,18181
1999,1.9082e+01,18019
2000,1.9063e+01,17937
2001,1.9044e+01,18064
2002,1.9025e+01,18093
2003,1.9006e+01,18044
2004,1.8987e+01,17994
2005,1.8968e+01,17811
2006,1.8949e+01,17808
2007,1.8930e+01,17707
2008,1.8911e+01,17662
2009,1.8892e+01,17641
2010,1.8873e+01,17611
2011,1.8855e+01,17584
2012,1.8836e+01,17598
2013,1.8817e+01,17738
2014,1.8798e+01,17969
2015,1.8779e+01,17647
2016,1.8760e+01,17492
2017,1.8742e+01,17592
2018,1.8723e+01,17652
2019,1.8704e+01,17575
2020,1.8686e+01,17706
2021,1.8667e+01,17933
2022,1.8648e+01,17994
2023,1.8630e+01,17829
2024,1.8611e+01,18101
2025,1.8592e+01,17902
2026,1.8574e+01,17970
2027,1.8555e+01,17847
2028,1.8537e+01,17865
2029,1.8518e+01,17797
2030,1.8500e+01,17593
2031,1.8481e+01,17564
2032,1.8463e+01,17673
2033,1.8444e+01,17583
2034,1.8426e+01,17708
2035,1.8407e+01,17449
2036,1.8389e+01,17308
2037,1.8370e+01,17467
2038,1.8352e+01,17548
2039,1.8334e+01,17414
2040,1.8315e+01,17322
2041,1.8297e+01,17222
2042,1.8279e+01,17285
2043,1.8260e+01,17413
2044,1.8242e+01,17363
2045,1.8224e+01,17501
2046,1.8206e+01,17468
2047,1.8188e+01,17395
2048,1.8169e+01,17396
2049,1.8151e+01,17448
2050,1.8133e+01,17485
2051,1.8115e+01,17590
2052,1.8097e+01,17799
2053,1.8079e+01,17807
2054,1.8061e+01,17724
2055,1.8043e+01,17761
2056,1.8024e+01,17752
2057,1.8006e+01,17727
2058,1.7988e+01,17506
2059,1.7970e+01,17649
2060,1.7952e+01,17662
2061,1.7935e+01,17496
2062,1.7917e+01,17570
2063,1.7899e+01,17645
2064,1.7881e+01,17353
2065,1.7863e+01,17358
2066,1.7845e+01,17445
2067,1.7827e+01,17496
2068,1.7809e+01,17587
2069,1.7792e+01,17414
2070,1.7774e+01,17438
2071,1.7756e+01,17637
2072,1.7738e+01,17756
2073,1.7721e+01,17750
2074,1.7703e+01,17765
2075,1.7685e+01,17644
2076,1.7667e+01,17490
2077,1.7650e+01,17642
2078,1.7632e+01,17584
2079,1.7614e+01,17452
2080,1.7597e+01,17351
2081,1.7579e+01,17297
2082,1.7562e+01,17327
2083,1.7544e+01,17295
2084,1.7527e+01,17550
2085,1.7509e+01,17636
2086,1.7492e+01,17856
2087,1.7474e+01,17666
2088,1.7457e+01,17449
2089,1.7439e+01,17554
2090,1.7422e+01,17619
2091,1.7404e+01,17688
2092,1.7387e+01,17828
2093,1.7369e+01,17941
2094,1.7352e+01,17719
2095,1.7335e+01,17434
2096,1.7317e+01,17562
2097,1.7300e+01,17498
2098,1.7283e+01,17492
2099,1.7265e+01,17612
2100,1.7248e+01,17551
2101,1.7231e+01,17854
2102,1.7214e+01,17729
2103,1.7197e+01,17580
2104,1.7179e+01,17479
2105,1.7162e+01,17515
2106,1.7145e+01,17566
2107,1.7128e+01,17469
2108,1.7111e+01,17282
2109,1.7094e+01,17101
2110,1.7077e+01,17128
2111,1.7059e+01,17263
2112,1.7042e+01,17366
2113,1.7025e+01,17362
2114,1.7008e+01,17223
2115,1.6991e+01,17206
2116,1.6974e+01,17029
2117,1.6957e+01,17108
2118,1.6940e+01,17232
2119,1.6923e+01,17178
2120,1.6907e+01,17023
2121,1.6890e+01,17377
2122,1.6873e+01,17604
2123,1.6856e+01,17717
2124,1.6839e+01,17430
2125,1.6822e+01,17516
2126,1.6805e+01,17443
2127,1.6789e+01,17319
2128,1.6772e+01,17238
2129,1.6755e+01,17184
2130,1.6738e+01,17127
2131,1.6721e+01,17176
2132,1.6705e+01,17265
2133,1.6688e+01,17207
2134,1.6671e+01,17211
2135,1.6655e+01,17039
2136,1.6638e+01,17119
2137,1.6621e+01,17029
2138,1.6605e+01,17323
2139,1.6588e+01,17165
2140,1.6572e+01,17076
2141,1.6555e+01,17004
2142,1.6538e+01,17176
2143,1.6522e+01,17130
2144,1.6505e+01,17042
2145,1.6489e+01,16998
2146,1.6472e+01,17047
2147,1.6456e+01,17054
2148,1.6439e+01,17126
2149,1.6423e+01,17116
2150,1.6407e+01,17266
2151,1.6390e+01,17181
2152,1.6374e+01,17069
2153,1.6357e+01,17040
2154,1.6341e+01,17183
2155,1.6325e+01,17073
2156,1.6308e+01,17019
2157,1.6292e+01,17089
2158,1.6276e+01,17259
2159,1.6260e+01,17363
2160,1.6243e+01,17420
2161,1.6227e+01,17263
2162,1.6211e+01,17328
2163,1.6195e+01,17238
2164,1.6178e+01,17137
2165,1.6162e+01,17201
2166,1.6146e+01,17096
2167,1.6130e+01,17039
2168,1.6114e+01,17076
2169,1.6098e+01,17017
2170,1.6082e+01,16901
2171,1.6065e+01,17121
2172,1.6049e+01,17038
2173,1.6033e+01,17124
2174,1.6017e+01,17141
2175,1.6001e+01,17109
2176,1.5985e+01,17088
2177,1.5969e+01,16952
2178,1.5953e+01,16981
2179,1.5937e+01,17014
2180,1.5921e+01,17015
2181,1.5906e+01,16882
2182,1.5890e+01,16917
2183,1.5874e+01,17068
2184,1.5858e+01,17063
2185,1.5842e+01,17061
2186,1.5826e+01,17078
2187,1.5810e+01,16949
2188,1.5795e+01,17018
2189,1.5779e+01,16968
2190,1.5763e+01,17003
2191,1.5747e+01,16953
2192,1.5731e+01,16833
2193,1.5716e+01,16793
2194,1.5700e+01,16819
2195,1.5684e+01,16939
2196,1.5669e+01,16924
2197,1.5653e+01,16975
2198,1.5637e+01,16954
2199,1.5622e+01,16900
2200,1.5606e+01,17043
2201,1.5590e+01,17051
2202,1.5575e+01,17152
2203,1.5559e+01,17100
2204,1.5544e+01,17200
2205,1.5528e+01,17124
2206,1.5513e+01,17216
2207,1.5497e+01,17125
2208,1.5482e+01,17090
2209,1.5466e+01,17047
2210,1.5451e+01,17131
2211,1.5435e+01,17190
2212,1.5420e+01,17245
2213,1.5404e+01,17268
2214,1.5389e+01,17230
2215,1.5374e+01,17552
2216,1.5358e+01,17264
2217,1.5343e+01,17320
2218,1.5328e+01,17275
2219,1.5312e+01,17192
2220,1.5297e+01,17232
2221,1.5282e+01,17125
2222,1.5266e+01,17067
2223,1.5251e+01,17191
2224,1.5236e+01,17143
2225,1.5221e+01,16912
2226,1.5205e+01,17129
2227,1.5190e+01,17176
2228,1.5175e+01,17179
2229,1.5160e+01,17105
2230,1.5145e+01,17097
2231,1.5129e+01,17166
2232,1.5114e+01,17159
2233,1.5099e+01,17191
2234,1.5084e+01,17069
2235,1.5069e+01,17141
2236,1.5054e+01,17162
2237,1.5039e+01,17187
2238,1.5024e+01,17258
2239,1.5009e+01,17222
2240,1.4994e+01,17321
2241,1.4979e+01,17148
2242,1.4964e+01,17340
2243,1.4949e+01,17053
2244,1.4934e+01,17057
2245,1.4919e+01,17007
2246,1.4904e+01,17006
2247,1.4889e+01,16947
2248,1.4874e+01,16877
2249,1.4859e+01,16959
2250,1.4845e+01,16925
2251,1.4830e+01,16887
2252,1.4815e+01,16785
2253,1.4800e+01,16646
2254,1.4785e+01,16595
2255,1.4770e+01,16836
2256,1.4756e+01,16831
2257,1.4741e+01,16645
2258,1.4726e+01,16891
2259,1.4712e+01,16794
2260,1.4697e+01,16832
2261,1.4682e+01,16926
2262,1.4667e+01,17054
2263,1.4653e+01,17135
2264,1.4638e+01,16967
2265,1.4623e+01,16804
2266,1.4609e+01,16743
2267,1.4594e+01,16712
2268,1.4580e+01,16678
2269,1.4565e+01,16843
2270,1.4550e+01,16849
2271,1.4536e+01,16886
2272,1.4521e+01,16774
2273,1.4507e+01,16774
2274,1.4492e+01,16909
2275,1.4478e+01,16940
2276,1.4463e+01,16812
2277,1.4449e+01,16836
2278,1.4434e+01,16844
2279,1.4420e+01,16812
2280,1.4406e+01,16855
2281,1.4391e+01,16952
2282,1.4377e+01,16816
2283,1.4362e+01,16726
2284,1.4348e+01,16773
2285,1.4334e+01,16748
2286,1.4319e+01,16762
2287,1.4305e+01,16792
2288,1.4291e+01,16726
2289,1.4276e+01,16687
2290,1.4262e+01,16670
2291,1.4248e+01,16719
2292,1.4234e+01,16774
2293,1.4219e+01,16679
2294,1.4205e+01,16774
2295,1.4191e+01,16746
2296,1.4177e+01,16676
2297,1.4163e+01,16785
2298,1.4149e+01,16723
2299,1.4134e+01,16698
2300,1.4120e+01,16641
2301,1.4106e+01,16679
2302,1.4092e+01,16635
2303,1.4078e+01,16675
2304,1.4064e+01,16741
2305,1.4050e+01,16766
2306,1.4036e+01,16889
2307,1.4022e+01,16870
2308,1.4008e+01,16792
2309,1.3994e+01,16740
2310,1.3980e+01,16776
2311,1.3966e+01,16950
2312,1.3952e+01,16877
2313,1.3938e+01,16922
2314,1.3924e+01,16854
2315,1.3910e+01,16808
2316,1.3896e+01,16909
2317,1.3882e+01,16905
2318,1.3868e+01,16948
2319,1.3854e+01,16934
2320,1.3841e+01,16907
2321,1.3827e+01,16817
2322,1.3813e+01,16910
2323,1.3799e+01,16867
2324,1.3785e+01,16830
2325,1.3771e+01,16700
2326,1.3758e+01,16697
2327,1.3744e+01,16688
2328,1.3730e+01,16731
2329,1.3716e+01,16949
2330,1.3703e+01,16987
2331,1.3689e+01,17046
2332,1.3675e+01,16971
2333,1.3662e+01,17061
2334,1.3648e+01,17068
2335,1.3634e+01,16913
2336,1.3621e+01,16782
2337,1.3607e+01,16775
2338,1.3593e+01,16801
2339,1.3580e+01,16853
2340,1.3566e+01,16890
2341,1.3553e+01,16908
2342,1.3539e+01,16925
2343,1.3526e+01,16861
2344,1.3512e+01,16718
2345,1.3499e+01,16710
2346,1.3485e+01,16689
2347,1.3472e+01,16857
2348,1.3458e+01,16780
2349,1.3445e+01,16603
2350,1.3431e+01,16666
2351,1.3418e+01,16706
2352,1.3404e+01,16678
2353,1.3391e+01,16634
2354,1.3378e+01,16618
2355,1.3364e+01,16824
2356,1.3351e+01,16808
2357,1.3338e+01,16829
2358,1.3324e+01,16795
2359,1.3311e+01,16742
2360,1.3298e+01,16686
2361,1.3284e+01,16766
2362,1.3271e+01,16769
2363,1.3258e+01,16780
2364,1.3244e+01,16734
2365,1.3231e+01,16731
2366,1.3218e+01,16663
2367,1.3205e+01,16753
2368,1.3192e+01,16781
2369,1.3178e+01,16732
2370,1.3165e+01,16690
2371,1.3152e+01,16700
2372,1.3139e+01,16843
2373,1.3126e+01,16777
2374,1.3113e+01,16801
2375,1.3099e+01,16757
2376,1.3086e+01,16784
2377,1.3073e+01,16838
2378,1.3060e+01,16807
2379,1.3047e+01,16820
2380,1.3034e+01,16777
2381,1.3021e+01,16729
2382,1.3008e+01,16847
2383,1.2995e+01,16890
2384,1.2982e+01,16882
2385,1.2969e+01,16902
2386,1.2956e+01,16812
2387,1.2943e+01,16785
2388,1.2930e+01,16837
2389,1.2917e+01,16822
2390,1.2904e+01,16902
2391,1.2891e+01,16990
2392,1.2879e+01,16919
2393,1.2866e+01,16912
2394,1.2853e+01,16809
2395,1.2840e+01,16829
2396,1.2827e+01,16741
2397,1.2814e+01,16804
2398,1.2801e+01,16777
2399,1.2789e+01,16769
2400,1.2776e+01,16706
2401,1.2763e+01,16737
2402,1.2750e+01,16667
2403,1.2738e+01,16515
2404,1.2725e+01,16538
2405,1.2712e+01,16498
2406,1.2699e+01,16496
2407,1.2687e+01,16468
2408,1.2674e+01,16589
2409,1.2661e+01,16611
2410,1.2649e+01,16572
2411,1.2636e+01,16594
2412,1.2623e+01,16669
2413,1.2611e+01,16587
2414,1.2598e+01,16624
2415,1.2586e+01,16609
2416,1.2573e+01,16680
2417,1.2560e+01,16646
2418,1.2548e+01,16640
2419,1.2535e+01,16748
2420,1.2523e+01,16745
2421,1.2510e+01,16773
2422,1.2498e+01,16812
2423,1.2485e+01,16876
2424,1.2473e+01,16918
2425,1.2460e+01,16963
2426,1.2448e+01,16771
2427,1.2435e+01,16780
2428,1.2423e+01,16769
2429,1.2411e+01,16710
2430,1.2398e+01,16576
2431,1.2386e+01,16625
2432,1.2373e+01,16632
2433,1.2361e+01,16581
2434,1.2349e+01,16529
2435,1.2336e+01,16567
2436,1.2324e+01,16595
2437,1.2312e+01,16561
2438,1.2299e+01,16505
2439,1.2287e+01,16552
2440,1.2275e+01,16556
2441,1.2262e+01,16612
2442,1.2250e+01,16661
2443,1.2238e+01,16687
2444,1.2226e+01,16700
2445,1.2213e+01,16606
2446,1.2201e+01,16594
2447,1.2189e+01,16559
2448,1.2177e+01,16667
2449,1.2165e+01,16555
2450,1.2152e+01,16527
2451,1.2140e+01,16537
2452,1.2128e+01,16443
2453,1.2116e+01,16555
2454,1.2104e+01,16464
2455,1.2092e+01,16421
2456,1.2080e+01,16408
2457,1.2068e+01,16437
2458,1.2056e+01,16406
2459,1.2044e+01,16453
2460,1.2032e+01,16457
2461,1.2019e+01,16466
2462,1.2007e+01,16385
2463,1.1995e+01,16465
2464,1.1983e+01,16466
2465,1.1971e+01,16484
2466,1.1960e+01,16600
2467,1.1948e+01,16511
2468,1.1936e+01,16486
2469,1.1924e+01,16473
2470,1.1912e+01,16518
2471,1.1900e+01,16414
2472,1.1888e+01,16446
2473,1.1876e+01,16488
2474,1.1864e+01,16524
2475,1.1852e+01,16509
2476,1.1840e+01,16500
2477,1.1829e+01,16455
2478,1.1817e+01,16385
2479,1.1805e+01,16457
2480,1.1793e+01,16391
2481,1.1781e+01,16412
2482,1.1770e+01,16434
2483,1.1758e+01,16453
2484,1.1746e+01,16519
2485,1.1734e+01,16556
2486,1.1723e+01,16494
2487,1.1711e+01,16570
2488,1.1699e+01,16509
2489,1.1687e+01,16442
2490,1.1676e+01,16510
2491,1.1664e+01,16562
2492,1.1652e+01,16565
2493,1.1641e+01,16614
2494,1.1629e+01,16471
2495,1.1617e+01,16522
2496,1.1606e+01,16501
2497,1.1594e+01,16463
2498,1.1583e+01,16455
2499,1.1571e+01,16457
2500,1.1560e+01,16507
2501,1.1548e+01,16470
2502,1.1536e+01,16432
2503,1.1525e+01,16478
2504,1.1513e+01,16528
2505,1.1502e+01,16529
2506,1.1490e+01,16518
2507,1.1479e+01,16616
2508,1.1467e+01,16673
2509,1.1456e+01,16722
2510,1.1444e+01,16738
2511,1.1433e+01,16906
2512,1.1422e+01,16801
2513,1.1410e+01,16642
2514,1.1399e+01,16571
2515,1.1387e+01,16568
2516,1.1376e+01,16704
2517,1.1365e+01,16665
2518,1.1353e+01,16677
2519,1.1342e+01,16627
2520,1.1331e+01,16632
2521,1.1319e+01,16602
2522,1.1308e+01,16605
2523,1.1297e+01,16592
2524,1.1285e+01,16665
2525,1.1274e+01,16680
2526,1.1263e+01,16623
2527,1.1251e+01,16558
2528,1.1240e+01,16446
2529,1.1229e+01,16454
2530,1.1218e+01,16376
2531,1.1206e+01,16422
2532,1.1195e+01,16488
2533,1.1184e+01,16424
2534,1.1173e+01,16483
2535,1.1162e+01,16424
2536,1.1151e+01,16496
2537,1.1139e+01,16415
2538,1.1128e+01,16357
2539,1.1117e+01,16519
2540,1.1106e+01,16525
2541,1.1095e+01,16603
2542,1.1084e+01,16606
2543,1.1073e+01,16523
2544,1.1062e+01,16547
2545,1.1051e+01,16500
2546,1.1040e+01,16607
2547,1.1029e+01,16676
2548,1.1018e+01,16674
2549,1.1006e+01,16889
2550,1.0995e+01,16859
2551,1.0984e+01,16742
2552,1.0973e+01,16700
2553,1.0963e+01,16609
2554,1.0952e+01,16518
2555,1.0941e+01,16535
2556,1.0930e+01,16526
2557,1.0919e+01,16463
2558,1.0908e+01,16480
2559,1.0897e+01,16460
2560,1.0886e+01,16463
2561,1.0875e+01,16354
2562,1.0864e+01,16336
2563,1.0853e+01,16306
2564,1.0843e+01,16403
2565,1.0832e+01,16450
2566,1.0821e+01,16403
2567,1.0810e+01,16448
2568,1.0799e+01,16518
2569,1.0788e+01,16557
2570,1.0778e+01,16607
2571,1.0767e+01,16552
2572,1.0756e+01,16631
2573,1.0745e+01,16566
2574,1.0735e+01,16537
2575,1.0724e+01,16546
2576,1.0713e+01,16550
2577,1.0702e+01,16558
2578,1.0692e+01,16483
2579,1.0681e+01,16524
2580,1.0670e+01,16411
2581,1.0660e+01,16453
2582,1.0649e+01,16352
2583,1.0638e+01,16288
2584,1.0628e+01,16329
2585,1.0617e+01,16295
2586,1.0606e+01,16347
2587,1.0596e+01,16389
2588,1.0585e+01,16433
2589,1.0575e+01,16476
2590,1.0564e+01,16521
2591,1.0554e+01,16480
2592,1.0543e+01,16500
2593,1.0532e+01,16441
2594,1.0522e+01,16357
2595,1.0511e+01,16386
2596,1.0501e+01,16362
2597,1.0490e+01,16412
2598,1.0480e+01,16514
2599,1.0469e+01,16415
2600,1.0459e+01,16401
2601,1.0449e+01,16431
2602,1.0438e+01,16450
2603,1.0428e+01,16518
2604,1.0417e+01,16526
2605,1.0407e+01,16478
2606,1.0396e+01,16539
2607,1.0386e+01,16495
2608,1.0376e+01,16466
2609,1.0365e+01,16456
2610,1.0355e+01,16502
2611,1.0344e+01,16577
2612,1.0334e+01,16538
2613,1.0324e+01,16628
2614,1.0313e+01,16615
2615,1.0303e+01,16567
2616,1.0293e+01,16519
2617,1.0283e+01,16538
2618,1.0272e+01,16504
2619,1.0262e+01,16545
2620,1.0252e+01,16501
2621,1.0242e+01,16497
2622,1.0231e+01,16540
2623,1.0221e+01,16516
2624,1.0211e+01,16506
2625,1.0201e+01,16496
2626,1.0190e+01,16482
2627,1.0180e+01,16513
2628,1.0170e+01,16530
2629,1.0160e+01,16509
2630,1.0150e+01,16459
2631,1.0140e+01,16575
2632,1.0129e+01,16549
2633,1.0119e+01,16524
2634,1.0109e+01,16478
2635,1.0099e+01,16443
2636,1.0089e+01,16460
2637,1.0079e+01,16434
2638,1.0069e+01,16511
2639,1.0059e+01,16505
2640,1.0049e+01,16496
2641,1.0039e+01,16482
2642,1.0029e+01,16418
2643,1.0019e+01,16425
2644,1.0009e+01,16469
2645,9.9985e+00,16528
2646,9.9885e+00,16545
2647,9.9785e+00,16412
2648,9.9685e+00,16322
2649,9.9586e+00,16211
2650,9.9486e+00,16208
2651,9.9387e+00,16260
2652,9.9287e+00,16273
2653,9.9188e+00,16269
2654,9.9089e+00,16277
2655,9.8990e+00,16241
2656,9.8891e+00,16246
2657,9.8792e+00,16244
2658,9.8693e+00,16244
2659,9.8594e+00,16310
2660,9.8496e+00,16330
2661,9.8397e+00,16339
2662,9.8299e+00,16255
2663,9.8201e+00,16290
2664,9.8102e+00,16258
2665,9.8004e+00,16280
2666,9.7906e+00,16288
2667,9.7808e+00,16344
2668,9.7711e+00,16395
2669,9.7613e+00,16473
2670,9.7515e+00,16429
2671,9.7418e+00,16487
2672,9.7320e+00,16493
2673,9.7223e+00,16486
2674,9.7126e+00,16476
2675,9.7029e+00,16519
2676,9.6932e+00,16448
2677,9.6835e+00,16327
2678,9.6738e+00,16274
2679,9.6641e+00,16200
2680,9.6545e+00,16213
2681,9.6448e+00,16274
2682,9.6352e+00,16282
2683,9.6255e+00,16259
2684,9.6159e+00,16211
2685,9.6063e+00,16220
2686,9.5967e+00,16241
2687,9.5871e+00,16257
2688,9.5775e+00,16246
2689,9.5679e+00,16376
2690,9.5583e+00,16350
2691,9.5488e+00,16314
2692,9.5392e+00,16388
2693,9.5297e+00,16376
2694,9.5202e+00,16334
2695,9.5106e+00,16316
2696,9.5011e+00,16320
2697,9.4916e+00,16396
2698,9.4821e+00,16391
2699,9.4727e+00,16397
2700,9.4632e+00,16395
2701,9.4537e+00,16409
2702,9.4443e+00,16363
2703,9.4348e+00,16409
2704,9.4254e+00,16417
2705,9.4160e+00,16373
2706,9.4065e+00,16327
2707,9.3971e+00,16349
2708,9.3877e+00,16337
2709,9.3784e+00,16354
2710,9.3690e+00,16254
2711,9.3596e+00,16309
2712,9.3502e+00,16327
2713,9.3409e+00,16315
2714,9.3316e+00,16297
2715,9.3222e+00,16358
2716,9.3129e+00,16355
2717,9.3036e+00,16357
2718,9.2943e+00,16340
2719,9.2850e+00,16348
2720,9.2757e+00,16367
2721,9.2664e+00,16286
2722,9.2572e+00,16316
2723,9.2479e+00,16246
2724,9.2387e+00,16308
2725,9.2294e+00,16322
2726,9.2202e+00,16358
2727,9.2110e+00,16282
2728,9.2018e+00,16303
2729,9.1926e+00,16339
2730,9.1834e+00,16321
2731,9.1742e+00,16364
2732,9.1650e+00,16339
2733,9.1558e+00,16372
2734,9.1467e+00,16399
2735,9.1375e+00,16400
2736,9.1284e+00,16416
2737,9.1193e+00,16355
2738,9.1102e+00,16343
2739,9.1010e+00,16328
2740,9.0919e+00,16341
2741,9.0829e+00,16267
2742,9.0738e+00,16263
2743,9.0647e+00,16267
2744,9.0556e+00,16213
2745,9.0466e+00,16240
2746,9.0375e+00,16247
2747,9.0285e+00,16204
2748,9.0195e+00,16224
2749,9.0104e+00,16253
2750,9.0014e+00,16309
2751,8.9924e+00,16282
2752,8.9834e+00,16295
2753,8.9745e+00,16292
2754,8.9655e+00,16330
2755,8.9565e+00,16184
2756,8.9476e+00,16160
2757,8.9386e+00,16157
2758,8.9297e+00,16139
2759,8.9207e+00,16159
2760,8.9118e+00,16167
2761,8.9029e+00,16296
2762,8.8940e+00,16243
2763,8.8851e+00,16244
2764,8.8762e+00,16197
2765,8.8674e+00,16197
2766,8.8585e+00,16253
2767,8.8496e+00,16300
2768,8.8408e+00,16264
2769,8.8319e+00,16299
2770,8.8231e+00,16266
2771,8.8143e+00,16335
2772,8.8055e+00,16323
2773,8.7967e+00,16228
2774,8.7879e+00,16272
2775,8.7791e+00,16344
2776,8.7703e+00,16294
2777,8.7615e+00,16222
2778,8.7528e+00,16227
2779,8.7440e+00,16205
2780,8.7353e+00,16288
2781,8.7265e+00,16290
2782,8.7178e+00,16313
2783,8.7091e+00,16231
2784,8.7004e+00,16250
2785,8.6917e+00,16303
2786,8.6830e+00,16297
2787,8.6743e+00,16269
2788,8.6656e+00,16315
2789,8.6570e+00,16279
2790,8.6483e+00,16262
2791,8.6397e+00,16316
2792,8.6310e+00,16378
2793,8.6224e+00,16330
2794,8.6138e+00,16316
2795,8.6052e+00,16234
2796,8.5965e+00,16203
2797,8.5880e+00,16205
2798,8.5794e+00,16218
2799,8.5708e+00,16222
2800,8.5622e+00,16201
2801,8.5537e+00,16211
2802,8.5451e+00,16211
2803,8.5366e+00,16217
2804,8.5280e+00,16242
2805,8.5195e+00,16260
2806,8.5110e+00,16265
2807,8.5025e+00,16266
2808,8.4940e+00,16258
2809,8.4855e+00,16258
2810,8.4770e+00,16222
2811,8.4685e+00,16244
2812,8.4600e+00,16243
2813,8.4516e+00,16191
2814,8.4431e+00,16243
2815,8.4347e+00,16234
2816,8.4262e+00,16245
2817,8.4178e+00,16264
2818,8.4094e+00,16274
2819,8.4010e+00,16249
2820,8.3926e+00,16299
2821,8.3842e+00,16286
2822,8.3758e+00,16291
2823,8.3674e+00,16272
2824,8.3591e+00,16298
2825,8.3507e+00,16265
2826,8.3424e+00,16251
2827,8.3340e+00,16288
2828,8.3257e+00,16378
2829,8.3174e+00,16369
2830,8.3090e+00,16316
2831,8.3007e+00,16318
2832,8.2924e+00,16276
2833,8.2841e+00,16280
2834,8.2759e+00,16311
2835,8.2676e+00,16278
2836,8.2593e+00,16357
2837,8.2510e+00,16324
2838,8.2428e+00,16312
2839,8.2346e+00,16288
2840,8.2263e+00,16293
2841,8.2181e+00,16356
2842,8.2099e+00,16356
2843,8.2017e+00,16361
2844,8.1935e+00,16305
2845,8.1853e+00,16304
2846,8.1771e+00,16294
2847,8.1689e+00,16290
2848,8.1607e+00,16332
2849,8.1526e+00,16352
2850,8.1444e+00,16322
2851,8.1363e+00,16327
2852,8.1281e+00,16307
2853,8.1200e+00,16281
2854,8.1119e+00,16261
2855,8.1038e+00,16238
2856,8.0957e+00,16244
2857,8.0876e+00,16298
2858,8.0795e+00,16242
2859,8.0714e+00,16236
2860,8.0633e+00,16248
2861,8.0553e+00,16245
2862,8.0472e+00,16245
2863,8.0392e+00,16247
2864,8.0311e+00,16259
2865,8.0231e+00,16287
2866,8.0151e+00,16299
2867,8.0071e+00,16295
2868,7.9991e+00,16275
2869,7.9911e+00,16244
2870,7.9831e+00,16246
2871,7.9751e+00,16247
2872,7.9671e+00,16272
2873,7.9592e+00,16284
2874,7.9512e+00,16262
2875,7.9432e+00,16271
2876,7.9353e+00,16270
2877,7.9274e+00,16264
2878,7.9194e+00,16274
2879,7.9115e+00,16273
2880,7.9036e+00,16270
2881,7.8957e+00,16255
2882,7.8878e+00,16270
2883,7.8799e+00,16273
2884,7.8720e+00,16228
2885,7.8642e+00,16216
2886,7.8563e+00,16192
2887,7.8484e+00,16198
2888,7.8406e+00,16193
2889,7.8328e+00,16185
2890,7.8249e+00,16165
2891,7.8171e+00,16194
2892,7.8093e+00,16164
2893,7.8015e+00,16200
2894,7.7937e+00,16177
2895,7.7859e+00,16195
2896,7.7781e+00,16185
2897,7.7703e+00,16193
2898,7.7625e+00,16184
2899,7.7548e+00,16198
2900,7.7470e+00,16172
2901,7.7393e+00,16145
2902,7.7315e+00,16156
2903,7.7238e+00,16150
2904,7.7161e+00,16150
2905,7.7084e+00,16205
2906,7.7007e+00,16227
2907,7.6930e+00,16227
2908,7.6853e+00,16266
2909,7.6776e+00,16259
2910,7.6699e+00,16291
2911,7.6622e+00,16290
2912,7.6546e+00,16254
2913,7.6469e+00,16215
2914,7.6393e+00,16209
2915,7.6316e+00,16246
2916,7.6240e+00,16263
2917,7.6164e+00,16268
2918,7.6088e+00,16207
2919,7.6011e+00,16248
2920,7.5935e+00,16243
2921,7.5860e+00,16234
2922,7.5784e+00,16244
2923,7.5708e+00,16197
2924,7.5632e+00,16193
2925,7.5557e+00,16221
2926,7.5481e+00,16200
2927,7.5406e+00,16219
2928,7.5330e+00,16209
2929,7.5255e+00,16213
2930,7.5180e+00,16182
2931,7.5104e+00,16200
2932,7.5029e+00,16189
2933,7.4954e+00,16184
2934,7.4879e+00,16190
2935,7.4804e+00,16193
2936,7.4730e+00,16240
2937,7.4655e+00,16219
2938,7.4580e+00,16223
2939,7.4506e+00,16232
2940,7.4431e+00,16247
2941,7.4357e+00,16247
2942,7.4282e+00,16267
2943,7.4208e+00,16238
2944,7.4134e+00,16251
2945,7.4060e+00,16283
2946,7.3986e+00,16288
2947,7.3912e+00,16295
2948,7.3838e+00,16285
2949,7.3764e+00,16306
2950,7.3690e+00,16273
2951,7.3616e+00,16247
2952,7.3543e+00,16215
2953,7.3469e+00,16197
2954,7.3396e+00,16224
2955,7.3322e+00,16246
2956,7.3249e+00,16210
2957,7.3176e+00,16214
2958,7.3103e+00,16236
2959,7.3030e+00,16181
2960,7.2957e+00,16215
2961,7.2884e+00,16178
2962,7.2811e+00,16206
2963,7.2738e+00,16198
2964,7.2665e+00,16240
2965,7.2592e+00,16319
2966,7.2520e+00,16327
2967,7.2447e+00,16323
2968,7.2375e+00,16250
2969,7.2303e+00,16236
2970,7.2230e+00,16210
2971,7.2158e+00,16293
2972,7.2086e+00,16249
2973,7.2014e+00,16214
2974,7.1942e+00,16194
2975,7.1870e+00,16198
2976,7.1798e+00,16163
2977,7.1726e+00,16152
2978,7.1654e+00,16118
2979,7.1583e+00,16132
2980,7.1511e+00,16153
2981,7.1440e+00,16135
2982,7.1368e+00,16169
2983,7.1297e+00,16157
2984,7.1226e+00,16195
2985,7.1154e+00,16153
2986,7.1083e+00,16120
2987,7.1012e+00,16149
2988,7.0941e+00,16140
2989,7.0870e+00,16106
2990,7.0799e+00,16119
2991,7.0728e+00,16104
2992,7.0658e+00,16126
2993,7.0587e+00,16148
2994,7.0517e+00,16160
2995,7.0446e+00,16143
2996,7.0376e+00,16140
2997,7.0305e+00,16119
2998,7.0235e+00,16137
2999,7.0165e+00,16125
3000,7.0094e+00,16121
3001,7.0024e+00,16131
3002,6.9954e+00,16163
3003,6.9884e+00,16177
3004,6.9815e+00,16184
3005,6.9745e+00,16114
3006,6.9675e+00,16099
3007,6.9605e+00,16097
3008,6.9536e+00,16120
3009,6.9466e+00,16194
3010,6.9397e+00,16175
3011,6.9327e+00,16163
3012,6.9258e+00,16189
3013,6.9189e+00,16198
3014,6.9120e+00,16173
3015,6.9050e+00,16190
3016,6.8981e+00,16177
3017,6.8912e+00,16176
3018,6.8843e+00,16157
3019,6.8775e+00,16196
3020,6.8706e+00,16183
3021,6.8637e+00,16190
3022,6.8568e+00,16183
3023,6.8500e+00,16164
3024,6.8431e+00,16215
3025,6.8363e+00,16239
3026,6.8295e+00,16253
3027,6.8226e+00,16197
3028,6.8158e+00,16154
3029,6.8090e+00,16135
3030,6.8022e+00,16149
3031,6.7954e+00,16168
3032,6.7886e+00,16197
3033,6.7818e+00,16184
3034,6.7750e+00,16177
3035,6.7682e+00,16167
3036,6.7615e+00,16171
3037,6.7547e+00,16167
3038,6.7480e+00,16155
3039,6.7412e+00,16132
3040,6.7345e+00,16152
3041,6.7277e+00,16153
3042,6.7210e+00,16154
3043,6.7143e+00,16159
3044,6.7076e+00,16149
3045,6.7009e+00,16146
3046,6.6942e+00,16257
3047,6.6875e+00,16277
3048,6.6808e+00,16246
3049,6.6741e+00,16268
3050,6.6674e+00,16187
3051,6.6608e+00,16179
3052,6.6541e+00,16234
3053,6.6474e+00,16242
3054,6.6408e+00,16177
3055,6.6342e+00,16185
3056,6.6275e+00,16179
3057,6.6209e+00,16234
3058,6.6143e+00,16196
3059,6.6077e+00,16162
3060,6.6011e+00,16165
3061,6.5944e+00,16177
3062,6.5879e+00,16177
3063,6.5813e+00,16182
3064,6.5747e+00,16186
3065,6.5681e+00,16188
3066,6.5615e+00,16173
3067,6.5550e+00,16175
3068,6.5484e+00,16177
3069,6.5419e+00,16200
3070,6.5353e+00,16190
3071,6.5288e+00,16160
3072,6.5223e+00,16228
3073,6.5158e+00,16228
3074,6.5092e+00,16199
3075,6.5027e+00,16182
3076,6.4962e+00,16163
3077,6.4897e+00,16170
3078,6.4832e+00,16177
3079,6.4768e+00,16163
3080,6.4703e+00,16121
3081,6.4638e+00,16121
3082,6.4573e+00,16132
3083,6.4509e+00,16150
3084,6.4444e+00,16150
3085,6.4380e+00,16154
3086,6.4316e+00,16150
3087,6.4251e+00,16128
3088,6.4187e+00,16135
3089,6.4123e+00,16127
3090,6.4059e+00,16105
3091,6.3995e+00,16129
3092,6.3931e+00,16115
3093,6.3867e+00,16088
3094,6.3803e+00,16107
3095,6.3739e+00,16068
3096,6.3675e+00,16072
3097,6.3612e+00,16076
3098,6.3548e+00,16096
3099,6.3484e+00,16093
3100,6.3421e+00,16106
3101,6.3358e+00,16107
3102,6.3294e+00,16072
3103,6.3231e+00,16070
3104,6.3168e+00,16049
3105,6.3104e+00,16052
3106,6.3041e+00,16047
3107,6.2978e+00,16047
3108,6.2915e+00,16036
3109,6.2852e+00,16046
3110,6.2790e+00,16059
3111,6.2727e+00,16044
3112,6.2664e+00,16031
3113,6.2601e+00,16046
3114,6.2539e+00,16036
3115,6.2476e+00,16047
3116,6.2414e+00,16049
3117,6.2351e+00,16070
3118,6.2289e+00,16070
3119,6.2227e+00,16052
3120,6.2164e+00,16072
3121,6.2102e+00,16069
3122,6.2040e+00,16076
3123,6.1978e+00,16068
3124,6.1916e+00,16068
3125,6.1854e+00,16088
3126,6.1792e+00,16090
3127,6.1731e+00,16100
3128,6.1669e+00,16098
3129,6.1607e+00,16123
3130,6.1546e+00,16123
3131,6.1484e+00,16121
3132,6.1423e+00,16134
3133,6.1361e+00,16137
3134,6.1300e+00,16126
3135,6.1239e+00,16122
3136,6.1177e+00,16079
3137,6.1116e+00,16079
3138,6.1055e+00,16079
3139,6.0994e+00,16076
3140,6.0933e+00,16062
3141,6.0872e+00,16092
3142,6.0811e+00,16081
3143,6.0750e+00,16108
3144,6.0690e+00,16076
3145,6.0629e+00,16086
3146,6.0568e+00,16072
3147,6.0508e+00,16094
3148,6.0447e+00,16071
3149,6.0387e+00,16070
3150,6.0326e+00,16060
3151,6.0266e+00,16053
3152,6.0206e+00,16084
3153,6.0146e+00,16084
3154,6.0085e+00,16055
3155,6.0025e+00,16049
3156,5.9965e+00,16108
3157,5.9905e+00,16091
3158,5.9845e+00,16061
3159,5.9786e+00,16082
3160,5.9726e+00,16092
3161,5.9666e+00,16099
3162,5.9606e+00,16074
3163,5.9547e+00,16053
3164,5.9487e+00,16064
3165,5.9428e+00,16061
3166,5.9368e+00,16093
3167,5.9309e+00,16104
3168,5.9250e+00,16103
3169,5.9190e+00,16085
3170,5.9131e+00,16134
3171,5.9072e+00,16163
3172,5.9013e+00,16126
3173,5.8954e+00,16111
3174,5.8895e+00,16104
3175,5.8836e+00,16103
3176,5.8777e+00,16107
3177,5.8719e+00,16094
3178,5.8660e+00,16083
3179,5.8601e+00,16089
3180,5.8543e+00,16061
3181,5.8484e+00,16063
3182,5.8426e+00,16071
3183,5.8367e+00,16065
3184,5.8309e+00,16032
3185,5.8250e+00,16017
3186,5.8192e+00,15998
3187,5.8134e+00,16034
3188,5.8076e+00,16020
3189,5.8018e+00,16046
3190,5.7960e+00,16033
3191,5.7902e+00,16036
3192,5.7844e+00,16020
3193,5.7786e+00,16013
3194,5.7728e+00,16005
3195,5.7671e+00,16031
3196,5.7613e+00,16026
3197,5.7555e+00,16030
3198,5.7498e+00,16040
3199,5.7440e+00,16019
3200,5.7383e+00,16012
3201,5.7325e+00,16024
3202,5.7268e+00,16024
3203,5.7211e+00,16016
3204,5.7154e+00,16016
3205,5.7096e+00,16018
3206,5.7039e+00,16018
3207,5.6982e+00,15994
3208,5.6925e+00,16014
3209,5.6868e+00,16014
3210,5.6812e+00,16040
3211,5.6755e+00,16043
3212,5.6698e+00,16029
3213,5.6641e+00,16029
3214,5.6585e+00,16045
3215,5.6528e+00,16048
3216,5.6471e+00,16015
3217,5.6415e+00,16035
3218,5.6359e+00,16014
3219,5.6302e+00,16054
3220,5.6246e+00,16054
3221,5.6190e+00,16035
3222,5.6134e+00,16017
3223,5.6077e+00,16006
3224,5.6021e+00,16013
3225,5.5965e+00,16010
3226,5.5909e+00,16023
3227,5.5853e+00,16027
3228,5.5798e+00,16023
3229,5.5742e+00,16039
3230,5.5686e+00,16074
3231,5.5630e+00,16069
3232,5.5575e+00,16069
3233,5.5519e+00,16083
3234,5.5464e+00,16061
3235,5.5408e+00,16066
3236,5.5353e+00,16066
3237,5.5297e+00,16022
3238,5.5242e+00,16043
3239,5.5187e+00,16018
3240,5.5132e+00,16019
3241,5.5077e+00,16019
3242,5.5021e+00,16015
3243,5.4966e+00,16015
3244,5.4911e+00,16051
3245,5.4857e+00,16013
3246,5.4802e+00,16017
3247,5.4747e+00,16037
3248,5.4692e+00,16034
3249,5.4637e+00,16034
3250,5.4583e+00,16032
3251,5.4528e+00,16021
3252,5.4474e+00,16021
3253,5.4419e+00,16017
3254,5.4365e+00,16016
3255,5.4310e+00,16019
3256,5.4256e+00,16037
3257,5.4202e+00,16023
3258,5.4148e+00,16025
3259,5.4094e+00,16004
3260,5.4039e+00,16002
3261,5.3985e+00,16002
3262,5.3931e+00,16002
3263,5.3877e+00,16010
3264,5.3824e+00,16011
3265,5.3770e+00,16019
3266,5.3716e+00,16019
3267,5.3662e+00,16034
3268,5.3609e+00,16039
3269,5.3555e+00,16013
3270,5.3501e+00,16031
3271,5.3448e+00,16071
3272,5.3395e+00,16080
3273,5.3341e+00,16066
3274,5.3288e+00,16030
3275,5.3234e+00,16034
3276,5.3181e+00,16031
3277,5.3128e+00,16031
3278,5.3075e+00,16041
3279,5.3022e+00,16055
3280,5.2969e+00,16022
3281,5.2916e+00,16024
3282,5.2863e+00,16032
3283,5.2810e+00,16044
3284,5.2757e+00,16045
3285,5.2705e+00,16049
3286,5.2652e+00,16039
3287,5.2599e+00,16025
3288,5.2547e+00,16006
3289,5.2494e+00,16002
3290,5.2442e+00,16036
3291,5.2389e+00,16009
3292,5.2337e+00,16007
3293,5.2284e+00,16006
3294,5.2232e+00,16009
3295,5.2180e+00,16009
3296,5.2128e+00,16009
3297,5.2076e+00,16035
3298,5.2023e+00,16012
3299,5.1971e+00,16001
3300,5.1919e+00,16001
3301,5.1868e+00,16025
3302,5.1816e+00,16025
3303,5.1764e+00,16050
3304,5.1712e+00,16027
3305,5.1660e+00,16023
3306,5.1609e+00,16029
3307,5.1557e+00,16030
3308,5.1506e+00,16058
3309,5.1454e+00,16058
3310,5.1403e+00,16047
3311,5.1351e+00,16054
3312,5.1300e+00,16027
3313,5.1249e+00,16019
3314,5.1197e+00,16024
3315,5.1146e+00,16013
3316,5.1095e+00,16006
3317,5.1044e+00,16006
3318,5.0993e+00,16021
3319,5.0942e+00,16032
3320,5.0891e+00,16032
3321,5.0840e+00,16018
3322,5.0789e+00,16018
3323,5.0738e+00,16035
3324,5.0688e+00,16020
3325,5.0637e+00,16017
3326,5.0586e+00,16019
3327,5.0536e+00,16018
3328,5.0485e+00,16018
3329,5.0435e+00,16019
3330,5.0384e+00,16019
3331,5.0334e+00,16023
3332,5.0284e+00,16038
3333,5.0233e+00,16036
3334,5.0183e+00,16036
3335,5.0133e+00,16030
3336,5.0083e+00,16030
3337,5.0033e+00,16025
3338,4.9983e+00,16024
3339,4.9933e+00,16026
3340,4.9883e+00,16031
3341,4.9833e+00,16031
3342,4.9783e+00,16063
3343,4.9733e+00,16063
3344,4.9683e+00,16050
3345,4.9634e+00,16048
3346,4.9584e+00,16076
3347,4.9535e+00,16029
3348,4.9485e+00,16029
3349,4.9436e+00,16010
3350,4.9386e+00,16016
3351,4.9337e+00,16011
3352,4.9287e+00,16012
3353,4.9238e+00,16012
3354,4.9189e+00,16034
3355,4.9140e+00,16048
3356,4.9091e+00,16025
3357,4.9041e+00,16026
3358,4.8992e+00,16023
3359,4.8943e+00,16008
3360,4.8894e+00,16031
3361,4.8846e+00,16040
3362,4.8797e+00,16036
3363,4.8748e+00,16021
3364,4.8699e+00,16013
3365,4.8650e+00,16011
3366,4.8602e+00,15997
3367,4.8553e+00,15997
3368,4.8505e+00,15994
3369,4.8456e+00,15990
3370,4.8408e+00,15990
3371,4.8359e+00,15994
3372,4.8311e+00,16005
3373,4.8263e+00,16020
3374,4.8214e+00,15998
3375,4.8166e+00,15994
3376,4.8118e+00,16003
3377,4.8070e+00,15995
3378,4.8022e+00,15985
3379,4.7974e+00,15984
3380,4.7926e+00,15981
3381,4.7878e+00,15989
3382,4.7830e+00,16001
3383,4.7782e+00,16000
3384,4.7734e+00,16019
3385,4.7687e+00,16015
3386,4.7639e+00,16017
3387,4.7591e+00,16017
3388,4.7544e+00,16017
3389,4.7496e+00,16035
3390,4.7449e+00,16035
3391,4.7401e+00,16015
3392,4.7354e+00,16005
3393,4.7306e+00,16005
3394,4.7259e+00,16005
3395,4.7212e+00,16006
3396,4.7165e+00,16006
3397,4.7118e+00,16003
3398,4.7070e+00,16003
3399,4.7023e+00,15999
3400,4.6976e+00,16000
3401,4.6929e+00,16000
3402,4.6882e+00,15999
3403,4.6836e+00,15995
3404,4.6789e+00,16000
3405,4.6742e+00,16003
3406,4.6695e+00,15998
3407,4.6648e+00,15999
3408,4.6602e+00,15999
3409,4.6555e+00,15998
3410,4.6509e+00,16006
3411,4.6462e+00,16014
3412,4.6416e+00,16004
3413,4.6369e+00,15987
3414,4.6323e+00,15987
3415,4.6277e+00,15999
3416,4.6230e+00,15992
3417,4.6184e+00,15996
3418,4.6138e+00,15996
3419,4.6092e+00,15996
3420,4.6046e+00,15983
3421,4.6000e+00,15985
3422,4.5954e+00,15985
3423,4.5908e+00,15985
3424,4.5862e+00,15981
3425,4.5816e+00,15981
3426,4.5770e+00,15981
3427,4.5724e+00,16008
3428,4.5679e+00,16003
3429,4.5633e+00,16003
3430,4.5587e+00,15999
3431,4.5542e+00,16026
3432,4.5496e+00,16025
3433,4.5451e+00,16026
3434,4.5405e+00,16041
3435,4.5360e+00,16048
3436,4.5314e+00,16029
3437,4.5269e+00,16022
3438,4.5224e+00,16024
3439,4.5179e+00,16007
3440,4.5133e+00,16007
3441,4.5088e+00,16023
3442,4.5043e+00,16019
3443,4.4998e+00,16006
3444,4.4953e+00,16030
3445,4.4908e+00,16058
3446,4.4863e+00,16087
3447,4.4818e+00,16066
3448,4.4774e+00,16066
3449,4.4729e+00,16066
3450,4.4684e+00,16089
3451,4.4639e+00,16055
3452,4.4595e+00,16062
3453,4.4550e+00,16069
3454,4.4506e+00,16041
3455,4.4461e+00,16031
3456,4.4417e+00,16036
3457,4.4372e+00,16044
3458,4.4328e+00,16044
3459,4.4284e+00,16022
3460,4.4239e+00,16030
3461,4.4195e+00,16046
3462,4.4151e+00,16060
3463,4.4107e+00,16055
3464,4.4063e+00,16037
3465,4.4019e+00,16049
3466,4.3975e+00,16045
3467,4.3931e+00,16030
3468,4.3887e+00,16070
3469,4.3843e+00,16069
3470,4.3799e+00,16071
3471,4.3755e+00,16071
3472,4.3711e+00,16028
3473,4.3668e+00,16031
3474,4.3624e+00,16034
3475,4.3580e+00,16014
3476,4.3537e+00,16020
3477,4.3493e+00,16020
3478,4.3450e+00,16023
3479,4.3406e+00,16022
3480,4.3363e+00,16019
3481,4.3320e+00,16019
3482,4.3276e+00,16037
3483,4.3233e+00,16037
3484,4.3190e+00,16064
3485,4.3147e+00,16079
3486,4.3103e+00,16071
3487,4.3060e+00,16056
3488,4.3017e+00,16048
3489,4.2974e+00,16035
3490,4.2931e+00,16035
3491,4.2888e+00,16035
3492,4.2845e+00,16070
3493,4.2803e+00,16045
3494,4.2760e+00,16045
3495,4.2717e+00,16034
3496,4.2674e+00,16024
3497,4.2632e+00,16024
3498,4.2589e+00,16046
3499,4.2546e+00,16037
3500,4.2504e+00,16042
3501,4.2461e+00,16044
3502,4.2419e+00,16038
3503,4.2376e+00,16042
3504,4.2334e+00,16007
3505,4.2292e+00,16005
3506,4.2249e+00,15992
3507,4.2207e+00,15992
3508,4.2165e+00,15988
3509,4.2123e+00,15989
3510,4.2081e+00,15989
3511,4.2039e+00,15983
3512,4.1997e+00,15987
3513,4.1955e+00,15987
3514,4.1913e+00,15987
3515,4.1871e+00,15980
3516,4.1829e+00,15980
3517,4.1787e+00,15980
3518,4.1745e+00,15986
3519,4.1703e+00,15975
3520,4.1662e+00,15975
3521,4.1620e+00,15978
3522,4.1578e+00,15979
3523,4.1537e+00,15979
3524,4.1495e+00,15979
3525,4.1454e+00,15979
3526,4.1412e+00,15979
3527,4.1371e+00,15979
3528,4.1330e+00,15978
3529,4.1288e+00,15992
3530,4.1247e+00,15989
3531,4.1206e+00,16008
3532,4.1165e+00,16005
3533,4.1123e+00,16005
3534,4.1082e+00,15997
3535,4.1041e+00,15989
3536,4.1000e+00,15992
3537,4.0959e+00,15985
3538,4.0918e+00,16001
3539,4.0877e+00,15989
3540,4.0836e+00,15989
3541,4.0796e+00,15986
3542,4.0755e+00,15994
3543,4.0714e+00,15994
3544,4.0673e+00,15994
3545,4.0633e+00,15994
3546,4.0592e+00,15997
3547,4.0551e+00,15996
3548,4.0511e+00,15996
3549,4.0470e+00,15996
3550,4.0430e+00,15990
3551,4.0389e+00,15986
3552,4.0349e+00,15981
3553,4.0309e+00,15981
3554,4.0268e+00,15982
3555,4.0228e+00,15989
3556,4.0188e+00,15989
3557,4.0148e+00,15989
3558,4.0108e+00,15989
3559,4.0067e+00,15993
3560,4.0027e+00,15986
3561,3.9987e+00,15984
3562,3.9947e+00,15984
3563,3.9907e+00,15984
3564,3.9868e+00,15984
3565,3.9828e+00,15988
3566,3.9788e+00,15988
3567,3.9748e+00,15988
3568,3.9708e+00,15989
3569,3.9669e+00,15988
3570,3.9629e+00,15987
3571,3.9589e+00,15987
3572,3.9550e+00,15988
3573,3.9510e+00,16004
3574,3.9471e+00,16004
3575,3.9431e+00,16010
3576,3.9392e+00,16014
3577,3.9352e+00,16003
3578,3.9313e+00,16009
3579,3.9274e+00,16009
3580,3.9234e+00,15996
3581,3.9195e+00,15996
3582,3.9156e+00,15999
3583,3.9117e+00,16007
3584,3.9078e+00,16000
3585,3.9039e+00,16006
3586,3.9000e+00,16012
3587,3.8961e+00,16004
3588,3.8922e+00,16000
3589,3.8883e+00,16000
3590,3.8844e+00,16000
3591,3.8805e+00,16000
3592,3.8766e+00,15997
3593,3.8727e+00,15996
3594,3.8689e+00,15997
3595,3.8650e+00,16001
3596,3.8611e+00,16001
3597,3.8573e+00,16002
3598,3.8534e+00,15997
3599,3.8496e+00,15999
3600,3.8457e+00,16037
3601,3.8419e+00,16037
3602,3.8380e+00,16037
3603,3.8342e+00,16029
3604,3.8304e+00,16022
3605,3.8265e+00,16021
3606,3.8227e+00,16013
3607,3.8189e+00,16013
3608,3.8151e+00,16010
3609,3.8112e+00,16006
3610,3.8074e+00,16006
3611,3.8036e+00,16008
3612,3.7998e+00,15998
3613,3.7960e+00,15998
3614,3.7922e+00,16002
3615,3.7884e+00,15992
3616,3.7846e+00,15988
3617,3.7809e+00,15988
3618,3.7771e+00,15988
3619,3.7733e+00,15984
3620,3.7695e+00,15984
3621,3.7658e+00,15987
3622,3.7620e+00,15986
3623,3.7582e+00,15986
3624,3.7545e+00,16005
3625,3.7507e+00,16008
3626,3.7470e+00,16007
3627,3.7432e+00,16007
3628,3.7395e+00,15997
3629,3.7357e+00,16001
3630,3.7320e+00,15995
3631,3.7283e+00,15978
3632,3.7245e+00,15978
3633,3.7208e+00,15978
3634,3.7171e+00,15978
3635,3.7134e+00,15982
3636,3.7097e+00,15982
3637,3.7060e+00,15982
3638,3.7022e+00,15992
3639,3.6985e+00,15979
3640,3.6948e+00,15998
3641,3.6912e+00,15998
3642,3.6875e+00,16009
3643,3.6838e+00,16005
3644,3.6801e+00,16002
3645,3.6764e+00,16014
3646,3.6727e+00,16012
3647,3.6691e+00,15996
3648,3.6654e+00,15997
3649,3.6617e+00,15997
3650,3.6581e+00,15997
3651,3.6544e+00,15997
3652,3.6508e+00,15994
3653,3.6471e+00,15989
3654,3.6435e+00,15989
3655,3.6398e+00,15989
3656,3.6362e+00,15989
3657,3.6325e+00,15981
3658,3.6289e+00,15988
3659,3.6253e+00,15990
3660,3.6216e+00,15988
3661,3.6180e+00,15985
3662,3.6144e+00,15985
3663,3.6108e+00,15987
3664,3.6072e+00,15987
3665,3.6036e+00,15989
3666,3.6000e+00,15989
3667,3.5964e+00,15996
3668,3.5928e+00,15994
3669,3.5892e+00,15995
3670,3.5856e+00,15994
3671,3.5820e+00,15992
3672,3.5784e+00,15993
3673,3.5748e+00,15993
3674,3.5713e+00,15990
3675,3.5677e+00,15986
3676,3.5641e+00,15986
3677,3.5606e+00,15986
3678,3.5570e+00,15986
3679,3.5535e+00,15993
3680,3.5499e+00,15992
3681,3.5463e+00,15993
3682,3.5428e+00,15993
3683,3.5393e+00,15992
3684,3.5357e+00,15992
3685,3.5322e+00,15992
3686,3.5287e+00,15993
3687,3.5251e+00,15993
3688,3.5216e+00,15993
3689,3.5181e+00,15993
3690,3.5146e+00,15993
3691,3.5110e+00,15993
3692,3.5075e+00,15993
3693,3.5040e+00,15989
3694,3.5005e+00,15994
3695,3.4970e+00,15994
3696,3.4935e+00,15994
3697,3.4900e+00,15995
3698,3.4865e+00,15983
3699,3.4831e+00,15981
3700,3.4796e+00,15981
3701,3.4761e+00,15983
3702,3.4726e+00,15983
3703,3.4691e+00,15983
3704,3.4657e+00,15981
3705,3.4622e+00,15985
3706,3.4587e+00,15985
3707,3.4553e+00,15985
3708,3.4518e+00,15985
3709,3.4484e+00,15981
3710,3.4449e+00,15981
3711,3.4415e+00,15981
3712,3.4380e+00,15981
3713,3.4346e+00,15981
3714,3.4312e+00,15981
3715,3.4277e+00,15981
3716,3.4243e+00,15981
3717,3.4209e+00,15981
3718,3.4175e+00,15982
3719,3.4140e+00,15985
3720,3.4106e+00,15982
3721,3.4072e+00,15985
3722,3.4038e+00,15984
3723,3.4004e+00,15984
3724,3.3970e+00,15981
3725,3.3936e+00,15982
3726,3.3902e+00,15985
3727,3.3868e+00,15982
3728,3.3834e+00,15982
3729,3.3801e+00,15997
3730,3.3767e+00,15996
3731,3.3733e+00,15997
3732,3.3699e+00,15997
3733,3.3666e+00,15982
3734,3.3632e+00,15982
3735,3.3598e+00,15982
3736,3.3565e+00,15982
3737,3.3531e+00,15982
3738,3.3498e+00,15982
3739,3.3464e+00,15980
3740,3.3431e+00,15982
3741,3.3397e+00,15982
3742,3.3364e+00,15986
3743,3.3330e+00,15991
3744,3.3297e+00,15984
3745,3.3264e+00,15982
3746,3.3231e+00,15982
3747,3.3197e+00,15995
3748,3.3164e+00,15995
3749,3.3131e+00,15995
3750,3.3098e+00,15985
3751,3.3065e+00,15980
3752,3.3032e+00,15982
3753,3.2999e+00,15982
3754,3.2966e+00,15982
3755,3.2933e+00,15985
3756,3.2900e+00,15985
3757,3.2867e+00,15985
3758,3.2834e+00,15985
3759,3.2801e+00,15985
3760,3.2768e+00,15986
3761,3.2736e+00,15986
3762,3.2703e+00,15986
3763,3.2670e+00,15986
3764,3.2637e+00,15987
3765,3.2605e+00,15986
3766,3.2572e+00,15986
3767,3.2540e+00,15988
3768,3.2507e+00,15988
3769,3.2475e+00,15983
3770,3.2442e+00,15983
3771,3.2410e+00,15987
3772,3.2377e+00,15987
3773,3.2345e+00,15987
3774,3.2313e+00,15986
3775,3.2280e+00,15982
3776,3.2248e+00,15984
3777,3.2216e+00,15984
3778,3.2184e+00,15984
3779,3.2151e+00,15985
3780,3.2119e+00,15985
3781,3.2087e+00,15979
3782,3.2055e+00,15979
3783,3.2023e+00,15986
3784,3.1991e+00,15993
3785,3.1959e+00,15986
3786,3.1927e+00,15987
3787,3.1895e+00,15988
3788,3.1863e+00,15987
3789,3.1831e+00,15981
3790,3.1799e+00,15985
3791,3.1768e+00,15985
3792,3.1736e+00,15993
3793,3.1704e+00,15993
3794,3.1672e+00,15988
3795,3.1641e+00,15988
3796,3.1609e+00,15988
3797,3.1578e+00,15988
3798,3.1546e+00,15988
3799,3.1514e+00,15991
3800,3.1483e+00,15990
3801,3.1451e+00,15990
3802,3.1420e+00,15988
3803,3.1389e+00,16010
3804,3.1357e+00,16007
3805,3.1326e+00,16007
3806,3.1294e+00,16008
3807,3.1263e+00,16007
3808,3.1232e+00,16007
3809,3.1201e+00,16003
3810,3.1169e+00,16003
3811,3.1138e+00,15986
3812,3.1107e+00,15989
3813,3.1076e+00,15988
3814,3.1045e+00,15988
3815,3.1014e+00,15989
3816,3.0983e+00,15990
3817,3.0952e+00,15990
3818,3.0921e+00,15982
3819,3.0890e+00,15978
3820,3.0859e+00,15990
3821,3.0828e+00,15990
3822,3.0797e+00,15988
3823,3.0767e+00,15989
3824,3.0736e+00,15996
3825,3.0705e+00,15999
3826,3.0674e+00,16013
3827,3.0644e+00,16013
3828,3.0613e+00,16013
3829,3.0583e+00,16013
3830,3.0552e+00,16015
3831,3.0521e+00,15991
3832,3.0491e+00,16008
3833,3.0460e+00,16008
3834,3.0430e+00,16005
3835,3.0400e+00,16014
3836,3.0369e+00,16011
3837,3.0339e+00,16011
3838,3.0308e+00,16011
3839,3.0278e+00,16011
3840,3.0248e+00,15994
3841,3.0218e+00,15994
3842,3.0187e+00,15994
3843,3.0157e+00,15997
3844,3.0127e+00,15997
3845,3.0097e+00,15998
3846,3.0067e+00,15993
3847,3.0037e+00,15997
3848,3.0007e+00,15997
3849,2.9977e+00,15997
3850,2.9947e+00,16003
3851,2.9917e+00,16000
3852,2.9887e+00,16000
3853,2.9857e+00,15996
3854,2.9827e+00,15994
3855,2.9797e+00,16005
3856,2.9767e+00,16005
3857,2.9738e+00,16000
3858,2.9708e+00,16004
3859,2.9678e+00,16003
3860,2.9649e+00,15999
3861,2.9619e+00,16002
3862,2.9589e+00,16002
3863,2.9560e+00,16008
3864,2.9530e+00,16008
3865,2.9501e+00,16010
3866,2.9471e+00,16012
3867,2.9442e+00,16007
3868,2.9412e+00,15999
3869,2.9383e+00,16000
3870,2.9353e+00,16000
3871,2.9324e+00,15996
3872,2.9295e+00,16000
3873,2.9265e+00,16000
3874,2.9236e+00,16000
3875,2.9207e+00,15999
3876,2.9178e+00,15995
3877,2.9149e+00,15995
3878,2.9119e+00,15995
3879,2.9090e+00,16007
3880,2.9061e+00,15995
3881,2.9032e+00,15999
3882,2.9003e+00,16000
3883,2.8974e+00,16000
3884,2.8945e+00,16000
3885,2.8916e+00,16031
3886,2.8887e+00,16031
3887,2.8858e+00,16033
3888,2.8830e+00,16033
3889,2.8801e+00,16037
3890,2.8772e+00,16035
3891,2.8743e+00,16029
3892,2.8714e+00,16029
3893,2.8686e+00,16032
3894,2.8657e+00,16013
3895,2.8628e+00,16000
3896,2.8600e+00,16002
3897,2.8571e+00,16002
3898,2.8543e+00,16002
3899,2.8514e+00,16002
3900,2.8485e+00,16003
3901,2.8457e+00,16007
3902,2.8429e+00,16007
3903,2.8400e+00,16001
3904,2.8372e+00,15994
3905,2.8343e+00,15998
3906,2.8315e+00,16002
3907,2.8287e+00,15997
3908,2.8258e+00,15997
3909,2.8230e+00,15994
3910,2.8202e+00,15994
3911,2.8174e+00,15998
3912,2.8146e+00,15998
3913,2.8117e+00,16007
3914,2.8089e+00,15996
3915,2.8061e+00,15996
3916,2.8033e+00,15996
3917,2.8005e+00,15996
3918,2.7977e+00,15991
3919,2.7949e+00,15985
3920,2.7921e+00,15981
3921,2.7893e+00,15981
3922,2.7865e+00,15981
3923,2.7837e+00,15978
3924,2.7810e+00,15981
3925,2.7782e+00,15986
3926,2.7754e+00,15986
3927,2.7726e+00,15982
3928,2.7699e+00,15981
3929,2.7671e+00,15981
3930,2.7643e+00,15980
3931,2.7616e+00,15980
3932,2.7588e+00,15980
3933,2.7560e+00,15984
3934,2.7533e+00,15981
3935,2.7505e+00,15984
3936,2.7478e+00,15985
3937,2.7450e+00,15978
3938,2.7423e+00,15983
3939,2.7395e+00,15983
3940,2.7368e+00,15990
3941,2.7341e+00,15993
3942,2.7313e+00,15992
3943,2.7286e+00,15988
3944,2.7259e+00,15985
3945,2.7231e+00,15986
3946,2.7204e+00,15986
3947,2.7177e+00,15986
3948,2.7150e+00,15978
3949,2.7123e+00,15982
3950,2.7096e+00,15982
3951,2.7068e+00,15982
3952,2.7041e+00,15985
3953,2.7014e+00,15985
3954,2.6987e+00,15982
3955,2.6960e+00,15982
3956,2.6933e+00,15982
3957,2.6906e+00,15984
3958,2.6880e+00,15984
3959,2.6853e+00,15987
3960,2.6826e+00,15983
3961,2.6799e+00,15983
3962,2.6772e+00,15980
3963,2.6745e+00,15980
3964,2.6719e+00,15976
3965,2.6692e+00,15976
3966,2.6665e+00,15975
3967,2.6639e+00,15975
3968,2.6612e+00,15975
3969,2.6585e+00,15975
3970,2.6559e+00,15975
3971,2.6532e+00,15975
3972,2.6506e+00,15975
3973,2.6479e+00,15975
3974,2.6453e+00,15979
3975,2.6426e+00,15979
3976,2.6400e+00,15979
3977,2.6373e+00,15979
3978,2.6347e+00,15979
3979,2.6321e+00,15979
3980,2.6294e+00,15979
3981,2.6268e+00,15987
3982,2.6242e+00,15987
3983,2.6216e+00,15987
3984,2.6189e+00,15989
3985,2.6163e+00,15990
3986,2.6137e+00,15990
3987,2.6111e+00,15990
3988,2.6085e+00,15990
3989,2.6059e+00,15990
3990,2.6033e+00,15990
3991,2.6007e+00,15994
3992,2.5981e+00,15993
3993,2.5955e+00,15993
3994,2.5929e+00,15993
3995,2.5903e+00,15989
3996,2.5877e+00,15992
3997,2.5851e+00,15992
3998,2.5825e+00,15993
3999,2.5799e+00,15990
4000,2.5773e+00,15989
4001,2.5748e+00,15989
4002,2.5722e+00,15986
4003,2.5696e+00,15980
4004,2.5670e+00,15980
4005,2.5645e+00,15980
4006,2.5619e+00,15981
4007,2.5594e+00,15981
4008,2.5568e+00,15981
4009,2.5542e+00,15976
4010,2.5517e+00,15976
4011,2.5491e+00,15977
4012,2.5466e+00,15978
4013,2.5440e+00,15978
4014,2.5415e+00,15977
4015,2.5390e+00,15976
4016,2.5364e+00,15976
4017,2.5339e+00,15976
4018,2.5313e+00,15977
4019,2.5288e+00,15981
4020,2.5263e+00,15983
4021,2.5238e+00,15979
4022,2.5212e+00,15978
4023,2.5187e+00,15978
4024,2.5162e+00,15978
4025,2.5137e+00,15973
4026,2.5112e+00,15977
4027,2.5087e+00,15977
4028,2.5061e+00,15978
4029,2.5036e+00,15978
4030,2.5011e+00,15977
4031,2.4986e+00,15978
4032,2.4961e+00,15978
4033,2.4936e+00,15985
4034,2.4911e+00,15984
4035,2.4887e+00,15985
4036,2.4862e+00,15989
4037,2.4837e+00,15986
4038,2.4812e+00,15986
4039,2.4787e+00,15985
4040,2.4762e+00,15985
4041,2.4738e+00,15984
4042,2.4713e+00,15984
4043,2.4688e+00,15993
4044,2.4663e+00,15994
4045,2.4639e+00,15981
4046,2.4614e+00,15994
4047,2.4590e+00,15994
4048,2.4565e+00,15981
4049,2.4540e+00,15987
4050,2.4516e+00,15987
4051,2.4491e+00,15987
4052,2.4467e+00,15987
4053,2.4442e+00,15988
4054,2.4418e+00,15988
4055,2.4393e+00,15988
4056,2.4369e+00,15988
4057,2.4345e+00,15989
4058,2.4320e+00,15989
4059,2.4296e+00,15989
4060,2.4272e+00,15993
4061,2.4247e+00,15995
4062,2.4223e+00,15995
4063,2.4199e+00,15995
4064,2.4175e+00,15995
4065,2.4151e+00,15989
4066,2.4126e+00,15989
4067,2.4102e+00,15988
4068,2.4078e+00,15988
4069,2.4054e+00,15988
4070,2.4030e+00,15988
4071,2.4006e+00,15987
4072,2.3982e+00,15987
4073,2.3958e+00,15988
4074,2.3934e+00,15988
4075,2.3910e+00,15985
4076,2.3886e+00,15987
4077,2.3862e+00,15986
4078,2.3839e+00,15986
4079,2.3815e+00,15985
4080,2.3791e+00,15985
4081,2.3767e+00,15985
4082,2.3743e+00,15985
4083,2.3720e+00,15981
4084,2.3696e+00,15986
4085,2.3672e+00,15996
4086,2.3649e+00,15996
4087,2.3625e+00,15996
4088,2.3601e+00,15993
4089,2.3578e+00,15992
4090,2.3554e+00,15992
4091,2.3531e+00,15992
4092,2.3507e+00,15997
4093,2.3483e+00,15995
4094,2.3460e+00,15993
4095,2.3437e+00,15992
4096,2.3413e+00,15991
4097,2.3390e+00,15993
4098,2.3366e+00,15993
4099,2.3343e+00,15989
4100,2.3320e+00,15989
4101,2.3296e+00,15989
4102,2.3273e+00,15986
4103,2.3250e+00,15988
4104,2.3226e+00,15988
4105,2.3203e+00,15991
4106,2.3180e+00,15991
4107,2.3157e+00,15987
4108,2.3134e+00,15983
4109,2.3111e+00,15983
4110,2.3087e+00,15983
4111,2.3064e+00,15983
4112,2.3041e+00,15981
4113,2.3018e+00,15981
4114,2.2995e+00,15985
4115,2.2972e+00,15985
4116,2.2949e+00,15985
4117,2.2926e+00,15985
4118,2.2903e+00,15984
4119,2.2880e+00,15984
4120,2.2858e+00,15985
4121,2.2835e+00,15981
4122,2.2812e+00,15981
4123,2.2789e+00,15981
4124,2.2766e+00,15981
4125,2.2744e+00,15981
4126,2.2721e+00,15981
4127,2.2698e+00,15982
4128,2.2675e+00,15982
4129,2.2653e+00,15981
4130,2.2630e+00,15981
4131,2.2607e+00,15980
4132,2.2585e+00,15980
4133,2.2562e+00,15983
4134,2.2540e+00,15984
4135,2.2517e+00,15981
4136,2.2495e+00,15981
4137,2.2472e+00,15981
4138,2.2450e+00,15981
4139,2.2427e+00,15988
4140,2.2405e+00,15988
4141,2.2382e+00,15988
4142,2.2360e+00,15988
4143,2.2338e+00,15988
4144,2.2315e+00,15989
4145,2.2293e+00,15989
4146,2.2271e+00,15984
4147,2.2248e+00,15984
4148,2.2226e+00,15984
4149,2.2204e+00,15981
4150,2.2182e+00,15981
4151,2.2160e+00,15981
4152,2.2137e+00,15981
4153,2.2115e+00,15981
4154,2.2093e+00,15981
4155,2.2071e+00,15977
4156,2.2049e+00,15977
4157,2.2027e+00,15979
4158,2.2005e+00,15979
4159,2.1983e+00,15974
4160,2.1961e+00,15974
4161,2.1939e+00,15974
4162,2.1917e+00,15974
4163,2.1895e+00,15974
4164,2.1873e+00,15974
4165,2.1851e+00,15974
4166,2.1829e+00,15974
4167,2.1808e+00,15978
4168,2.1786e+00,15977
4169,2.1764e+00,15979
4170,2.1742e+00,15983
4171,2.1721e+00,15983
4172,2.1699e+00,15983
4173,2.1677e+00,15983
4174,2.1655e+00,15992
4175,2.1634e+00,15992
4176,2.1612e+00,15992
4177,2.1591e+00,15992
4178,2.1569e+00,15992
4179,2.1547e+00,15993
4180,2.1526e+00,15992
4181,2.1504e+00,15984
4182,2.1483e+00,15984
4183,2.1461e+00,15981
4184,2.1440e+00,15981
4185,2.1418e+00,15977
4186,2.1397e+00,15980
4187,2.1376e+00,15980
4188,2.1354e+00,15980
4189,2.1333e+00,15980
4190,2.1312e+00,15981
4191,2.1290e+00,15981
4192,2.1269e+00,15983
4193,2.1248e+00,15983
4194,2.1226e+00,15980
4195,2.1205e+00,15978
4196,2.1184e+00,15980
4197,2.1163e+00,15980
4198,2.1142e+00,15980
4199,2.1120e+00,15980
4200,2.1099e+00,15980
4201,2.1078e+00,15979
4202,2.1057e+00,15983
4203,2.1036e+00,15984
4204,2.1015e+00,15984
4205,2.0994e+00,15984
4206,2.0973e+00,15983
4207,2.0952e+00,15979
4208,2.0931e+00,15983
4209,2.0910e+00,15975
4210,2.0889e+00,15975
4211,2.0868e+00,15975
4212,2.0848e+00,15975
4213,2.0827e+00,15979
4214,2.0806e+00,15979
4215,2.0785e+00,15984
4216,2.0764e+00,15987
4217,2.0744e+00,15989
4218,2.0723e+00,15987
4219,2.0702e+00,15987
4220,2.0681e+00,15984
4221,2.0661e+00,15980
4222,2.0640e+00,15982
4223,2.0619e+00,15982
4224,2.0599e+00,15982
4225,2.0578e+00,15982
4226,2.0558e+00,15982
4227,2.0537e+00,15981
4228,2.0517e+00,15980
4229,2.0496e+00,15976
4230,2.0475e+00,15976
4231,2.0455e+00,15976
4232,2.0435e+00,15976
4233,2.0414e+00,15976
4234,2.0394e+00,15976
4235,2.0373e+00,15976
4236,2.0353e+00,15976
4237,2.0333e+00,15976
4238,2.0312e+00,15976
4239,2.0292e+00,15977
4240,2.0272e+00,15976
4241,2.0251e+00,15983
4242,2.0231e+00,15983
4243,2.0211e+00,15988
4244,2.0191e+00,15988
4245,2.0170e+00,15988
4246,2.0150e+00,15988
4247,2.0130e+00,15988
4248,2.0110e+00,15987
4249,2.0090e+00,15987
4250,2.0070e+00,15987
4251,2.0050e+00,15987
4252,2.0030e+00,15976
4253,2.0010e+00,15977
4254,1.9990e+00,15981
4255,1.9970e+00,15977
4256,1.9950e+00,15977
4257,1.9930e+00,15977
4258,1.9910e+00,15977
4259,1.9890e+00,15977
4260,1.9870e+00,15977
4261,1.9850e+00,15977
4262,1.9830e+00,15975
4263,1.9810e+00,15983
4264,1.9791e+00,15983
4265,1.9771e+00,15983
4266,1.9751e+00,15983
4267,1.9731e+00,15983
4268,1.9712e+00,15983
4269,1.9692e+00,15983
4270,1.9672e+00,15977
4271,1.9653e+00,15977
4272,1.9633e+00,15973
4273,1.9613e+00,15977
4274,1.9594e+00,15977
4275,1.9574e+00,15977
4276,1.9555e+00,15977
4277,1.9535e+00,15973
4278,1.9515e+00,15973
4279,1.9496e+00,15976
4280,1.9476e+00,15980
4281,1.9457e+00,15980
4282,1.9437e+00,15980
4283,1.9418e+00,15980
4284,1.9399e+00,15980
4285,1.9379e+00,15980
4286,1.9360e+00,15981
4287,1.9340e+00,15981
4288,1.9321e+00,15982
4289,1.9302e+00,15982
4290,1.9283e+00,15982
4291,1.9263e+00,15979
4292,1.9244e+00,15979
4293,1.9225e+00,15979
4294,1.9205e+00,15979
4295,1.9186e+00,15979
4296,1.9167e+00,15979
4297,1.9148e+00,15979
4298,1.9129e+00,15978
4299,1.9110e+00,15978
4300,1.9091e+00,15973
4301,1.9071e+00,15977
4302,1.9052e+00,15973
4303,1.9033e+00,15973
4304,1.9014e+00,15973
4305,1.8995e+00,15973
4306,1.8976e+00,15973
4307,1.8957e+00,15973
4308,1.8938e+00,15974
4309,1.8919e+00,15975
4310,1.8901e+00,15975
4311,1.8882e+00,15975
4312,1.8863e+00,15975
4313,1.8844e+00,15975
4314,1.8825e+00,15974
4315,1.8806e+00,15974
4316,1.8787e+00,15974
4317,1.8769e+00,15974
4318,1.8750e+00,15976
4319,1.8731e+00,15976
4320,1.8712e+00,15977
4321,1.8694e+00,15977
4322,1.8675e+00,15976
4323,1.8656e+00,15977
4324,1.8638e+00,15977
4325,1.8619e+00,15977
4326,1.8600e+00,15977
4327,1.8582e+00,15977
4328,1.8563e+00,15977
4329,1.8545e+00,15977
4330,1.8526e+00,15977
4331,1.8508e+00,15977
4332,1.8489e+00,15977
4333,1.8471e+00,15977
4334,1.8452e+00,15976
4335,1.8434e+00,15976
4336,1.8415e+00,15976
4337,1.8397e+00,15976
4338,1.8378e+00,15977
4339,1.8360e+00,15981
4340,1.8342e+00,15981
4341,1.8323e+00,15984
4342,1.8305e+00,15984
4343,1.8287e+00,15988
4344,1.8268e+00,15987
4345,1.8250e+00,15987
4346,1.8232e+00,15988
4347,1.8214e+00,15983
4348,1.8195e+00,15983
4349,1.8177e+00,15983
4350,1.8159e+00,15984
4351,1.8141e+00,15983
4352,1.8123e+00,15985
4353,1.8105e+00,15989
4354,1.8087e+00,15993
4355,1.8068e+00,15993
4356,1.8050e+00,15989
4357,1.8032e+00,15982
4358,1.8014e+00,15980
4359,1.7996e+00,15981
4360,1.7978e+00,15981
4361,1.7960e+00,15981
4362,1.7942e+00,15981
4363,1.7924e+00,15981
4364,1.7906e+00,15981
4365,1.7889e+00,15978
4366,1.7871e+00,15978
4367,1.7853e+00,15978
4368,1.7835e+00,15981
4369,1.7817e+00,15977
4370,1.7799e+00,15977
4371,1.7781e+00,15977
4372,1.7764e+00,15977
4373,1.7746e+00,15977
4374,1.7728e+00,15977
4375,1.7710e+00,15977
4376,1.7693e+00,15977
4377,1.7675e+00,15977
4378,1.7657e+00,15978
4379,1.7640e+00,15978
4380,1.7622e+00,15978
4381,1.7604e+00,15977
4382,1.7587e+00,15978
4383,1.7569e+00,15977
4384,1.7552e+00,15977
4385,1.7534e+00,15977
4386,1.7517e+00,15977
4387,1.7499e+00,15978
4388,1.7482e+00,15978
4389,1.7464e+00,15983
4390,1.7447e+00,15983
4391,1.7429e+00,15982
4392,1.7412e+00,15982
4393,1.7394e+00,15982
4394,1.7377e+00,15980
4395,1.7360e+00,15980
4396,1.7342e+00,15976
4397,1.7325e+00,15976
4398,1.7308e+00,15976
4399,1.7290e+00,15976
4400,1.7273e+00,15976
4401,1.7256e+00,15976
4402,1.7238e+00,15976
4403,1.7221e+00,15976
4404,1.7204e+00,15978
4405,1.7187e+00,15978
4406,1.7170e+00,15977
4407,1.7152e+00,15977
4408,1.7135e+00,15980
4409,1.7118e+00,15980
4410,1.7101e+00,15977
4411,1.7084e+00,15981
4412,1.7067e+00,15981
4413,1.7050e+00,15982
4414,1.7033e+00,15982
4415,1.7016e+00,15982
4416,1.6999e+00,15981
4417,1.6982e+00,15981
4418,1.6965e+00,15981
4419,1.6948e+00,15981
4420,1.6931e+00,15981
4421,1.6914e+00,15977
4422,1.6897e+00,15977
4423,1.6880e+00,15977
4424,1.6863e+00,15977
4425,1.6846e+00,15981
4426,1.6829e+00,15982
4427,1.6813e+00,15982
4428,1.6796e+00,15982
4429,1.6779e+00,15981
4430,1.6762e+00,15986
4431,1.6745e+00,15981
4432,1.6729e+00,15981
4433,1.6712e+00,15981
4434,1.6695e+00,15982
4435,1.6679e+00,15982
4436,1.6662e+00,15982
4437,1.6645e+00,15982
4438,1.6629e+00,15982
4439,1.6612e+00,15982
4440,1.6595e+00,15982
4441,1.6579e+00,15981
4442,1.6562e+00,15982
4443,1.6546e+00,15982
4444,1.6529e+00,15981
4445,1.6513e+00,15981
4446,1.6496e+00,15981
4447,1.6480e+00,15981
4448,1.6463e+00,15985
4449,1.6447e+00,15985
4450,1.6430e+00,15984
4451,1.6414e+00,15984
4452,1.6397e+00,15984
4453,1.6381e+00,15980
4454,1.6365e+00,15980
4455,1.6348e+00,15981
4456,1.6332e+00,15983
4457,1.6315e+00,15984
4458,1.6299e+00,15984
4459,1.6283e+00,15983
4460,1.6267e+00,15980
4461,1.6250e+00,15980
4462,1.6234e+00,15980
4463,1.6218e+00,15981
4464,1.6202e+00,15984
4465,1.6185e+00,15983
4466,1.6169e+00,15983
4467,1.6153e+00,15983
4468,1.6137e+00,15983
4469,1.6121e+00,15980
4470,1.6105e+00,15980
4471,1.6089e+00,15976
4472,1.6072e+00,15976
4473,1.6056e+00,15976
4474,1.6040e+00,15976
4475,1.6024e+00,15978
4476,1.6008e+00,15978
4477,1.5992e+00,15978
4478,1.5976e+00,15978
4479,1.5960e+00,15978
4480,1.5944e+00,15978
4481,1.5928e+00,15976
4482,1.5912e+00,15977
4483,1.5897e+00,15978
4484,1.5881e+00,15978
4485,1.5865e+00,15978
4486,1.5849e+00,15978
4487,1.5833e+00,15978
4488,1.5817e+00,15976
4489,1.5801e+00,15980
4490,1.5786e+00,15980
4491,1.5770e+00,15980
4492,1.5754e+00,15980
4493,1.5738e+00,15980
4494,1.5723e+00,15980
4495,1.5707e+00,15980
4496,1.5691e+00,15980
4497,1.5675e+00,15980
4498,1.5660e+00,15983
4499,1.5644e+00,15983
4500,1.5628e+00,15983
4501,1.5613e+00,15983
4502,1.5597e+00,15983
4503,1.5582e+00,15983
4504,1.5566e+00,15983
4505,1.5550e+00,15983
4506,1.5535e+00,15983
4507,1.5519e+00,15987
4508,1.5504e+00,15987
4509,1.5488e+00,15991
4510,1.5473e+00,15991
4511,1.5457e+00,15987
4512,1.5442e+00,15987
4513,1.5427e+00,15990
4514,1.5411e+00,15986
4515,1.5396e+00,15986
4516,1.5380e+00,15986
4517,1.5365e+00,15986
4518,1.5350e+00,15982
4519,1.5334e+00,15982
4520,1.5319e+00,15982
4521,1.5304e+00,15982
4522,1.5288e+00,15982
4523,1.5273e+00,15982
4524,1.5258e+00,15978
4525,1.5242e+00,15978
4526,1.5227e+00,15978
4527,1.5212e+00,15979
4528,1.5197e+00,15978
4529,1.5182e+00,15978
4530,1.5166e+00,15978
4531,1.5151e+00,15981
4532,1.5136e+00,15983
4533,1.5121e+00,15984
4534,1.5106e+00,15984
4535,1.5091e+00,15982
4536,1.5076e+00,15980
4537,1.5060e+00,15980
4538,1.5045e+00,15980
4539,1.5030e+00,15977
4540,1.5015e+00,15977
4541,1.5000e+00,15977
4542,1.4985e+00,15977
4543,1.4970e+00,15977
4544,1.4955e+00,15978
4545,1.4940e+00,15978
4546,1.4925e+00,15979
4547,1.4911e+00,15979
4548,1.4896e+00,15979
4549,1.4881e+00,15979
4550,1.4866e+00,15978
4551,1.4851e+00,15978
4552,1.4836e+00,15979
4553,1.4821e+00,15982
4554,1.4807e+00,15980
4555,1.4792e+00,15976
4556,1.4777e+00,15976
4557,1.4762e+00,15976
4558,1.4747e+00,15977
4559,1.4733e+00,15977
4560,1.4718e+00,15977
4561,1.4703e+00,15977
4562,1.4688e+00,15977
4563,1.4674e+00,15977
4564,1.4659e+00,15977
4565,1.4644e+00,15977
4566,1.4630e+00,15977
4567,1.4615e+00,15978
4568,1.4601e+00,15977
4569,1.4586e+00,15978
4570,1.4571e+00,15978
4571,1.4557e+00,15981
4572,1.4542e+00,15981
4573,1.4528e+00,15981
4574,1.4513e+00,15977
4575,1.4499e+00,15977
4576,1.4484e+00,15977
4577,1.4470e+00,15977
4578,1.4455e+00,15977
4579,1.4441e+00,15977
4580,1.4426e+00,15977
4581,1.4412e+00,15981
4582,1.4397e+00,15981
4583,1.4383e+00,15982
4584,1.4369e+00,15982
4585,1.4354e+00,15982
4586,1.4340e+00,15981
4587,1.4326e+00,15981
4588,1.4311e+00,15981
4589,1.4297e+00,15981
4590,1.4283e+00,15981
4591,1.4268e+00,15981
4592,1.4254e+00,15982
4593,1.4240e+00,15981
4594,1.4226e+00,15981
4595,1.4211e+00,15981
4596,1.4197e+00,15981
4597,1.4183e+00,15982
4598,1.4169e+00,15985
4599,1.4155e+00,15984
4600,1.4141e+00,15984
4601,1.4126e+00,15984
4602,1.4112e+00,15984
4603,1.4098e+00,15985
4604,1.4084e+00,15982
4605,1.4070e+00,15982
4606,1.4056e+00,15982
4607,1.4042e+00,15982
4608,1.4028e+00,15982
4609,1.4014e+00,15982
4610,1.4000e+00,15981
4611,1.3986e+00,15984
4612,1.3972e+00,15984
4613,1.3958e+00,15981
4614,1.3944e+00,15981
4615,1.3930e+00,15981
4616,1.3916e+00,15982
4617,1.3902e+00,15982
4618,1.3888e+00,15982
4619,1.3874e+00,15981
4620,1.3860e+00,15981
4621,1.3847e+00,15981
4622,1.3833e+00,15981
4623,1.3819e+00,15981
4624,1.3805e+00,15981
4625,1.3791e+00,15981
4626,1.3777e+00,15983
4627,1.3764e+00,15983
4628,1.3750e+00,15983
4629,1.3736e+00,15983
4630,1.3722e+00,15983
4631,1.3709e+00,15978
4632,1.3695e+00,15979
4633,1.3681e+00,15979
4634,1.3668e+00,15978
4635,1.3654e+00,15980
4636,1.3640e+00,15979
4637,1.3627e+00,15979
4638,1.3613e+00,15979
4639,1.3599e+00,15977
4640,1.3586e+00,15973
4641,1.3572e+00,15973
4642,1.3559e+00,15973
4643,1.3545e+00,15977
4644,1.3532e+00,15977
4645,1.3518e+00,15981
4646,1.3504e+00,15979
4647,1.3491e+00,15982
4648,1.3477e+00,15979
4649,1.3464e+00,15979
4650,1.3451e+00,15979
4651,1.3437e+00,15979
4652,1.3424e+00,15979
4653,1.3410e+00,15979
4654,1.3397e+00,15980
4655,1.3383e+00,15978
4656,1.3370e+00,15978
4657,1.3357e+00,15978
4658,1.3343e+00,15980
4659,1.3330e+00,15980
4660,1.3317e+00,15987
4661,1.3303e+00,15987
4662,1.3290e+00,15986
4663,1.3277e+00,15982
4664,1.3263e+00,15980
4665,1.3250e+00,15980
4666,1.3237e+00,15980
4667,1.3224e+00,15977
4668,1.3210e+00,15977
4669,1.3197e+00,15977
4670,1.3184e+00,15980
4671,1.3171e+00,15981
4672,1.3158e+00,15981
4673,1.3145e+00,15977
4674,1.3131e+00,15977
4675,1.3118e+00,15977
4676,1.3105e+00,15977
4677,1.3092e+00,15977
4678,1.3079e+00,15973
4679,1.3066e+00,15973
4680,1.3053e+00,15973
4681,1.3040e+00,15976
4682,1.3027e+00,15979
4683,1.3014e+00,15976
4684,1.3001e+00,15976
4685,1.2988e+00,15976
4686,1.2975e+00,15975
4687,1.2962e+00,15975
4688,1.2949e+00,15975
4689,1.2936e+00,15975
4690,1.2923e+00,15975
4691,1.2910e+00,15975
4692,1.2897e+00,15975
4693,1.2884e+00,15975
4694,1.2871e+00,15975
4695,1.2858e+00,15975
4696,1.2846e+00,15975
4697,1.2833e+00,15975
4698,1.2820e+00,15975
4699,1.2807e+00,15976
4700,1.2794e+00,15976
4701,1.2781e+00,15976
4702,1.2769e+00,15974
4703,1.2756e+00,15974
4704,1.2743e+00,15976
4705,1.2730e+00,15977
4706,1.2718e+00,15977
4707,1.2705e+00,15977
4708,1.2692e+00,15977
4709,1.2680e+00,15976
4710,1.2667e+00,15976
4711,1.2654e+00,15976
4712,1.2642e+00,15976
4713,1.2629e+00,15976
4714,1.2616e+00,15974
4715,1.2604e+00,15973
4716,1.2591e+00,15973
4717,1.2578e+00,15973
4718,1.2566e+00,15974
4719,1.2553e+00,15973
4720,1.2541e+00,15973
4721,1.2528e+00,15973
4722,1.2516e+00,15973
4723,1.2503e+00,15973
4724,1.2491e+00,15974
4725,1.2478e+00,15974
4726,1.2466e+00,15973
4727,1.2453e+00,15973
4728,1.2441e+00,15973
4729,1.2428e+00,15973
4730,1.2416e+00,15973
4731,1.2403e+00,15973
4732,1.2391e+00,15973
4733,1.2379e+00,15973
4734,1.2366e+00,15973
4735,1.2354e+00,15973
4736,1.2342e+00,15973
4737,1.2329e+00,15973
4738,1.2317e+00,15974
4739,1.2305e+00,15974
4740,1.2292e+00,15975
4741,1.2280e+00,15975
4742,1.2268e+00,15975
4743,1.2255e+00,15975
4744,1.2243e+00,15974
4745,1.2231e+00,15974
4746,1.2219e+00,15975
4747,1.2207e+00,15973
4748,1.2194e+00,15973
4749,1.2182e+00,15973
4750,1.2170e+00,15973
4751,1.2158e+00,15973
4752,1.2146e+00,15973
4753,1.2133e+00,15973
4754,1.2121e+00,15973
4755,1.2109e+00,15973
4756,1.2097e+00,15973
4757,1.2085e+00,15973
4758,1.2073e+00,15973
4759,1.2061e+00,15973
4760,1.2049e+00,15973
4761,1.2037e+00,15973
4762,1.2025e+00,15973
4763,1.2013e+00,15973
4764,1.2001e+00,15973
4765,1.1989e+00,15973
4766,1.1977e+00,15973
4767,1.1965e+00,15974
4768,1.1953e+00,15974
4769,1.1941e+00,15974
4770,1.1929e+00,15974
4771,1.1917e+00,15975
4772,1.1905e+00,15975
4773,1.1893e+00,15975
4774,1.1881e+00,15975
4775,1.1869e+00,15975
4776,1.1857e+00,15975
4777,1.1846e+00,15975
4778,1.1834e+00,15975
4779,1.1822e+00,15973
4780,1.1810e+00,15973
4781,1.1798e+00,15973
4782,1.1786e+00,15973
4783,1.1775e+00,15973
4784,1.1763e+00,15973
4785,1.1751e+00,15974
4786,1.1739e+00,15974
4787,1.1728e+00,15974
4788,1.1716e+00,15974
4789,1.1704e+00,15974
4790,1.1693e+00,15974
4791,1.1681e+00,15973
4792,1.1669e+00,15973
4793,1.1657e+00,15973
4794,1.1646e+00,15973
4795,1.1634e+00,15973
4796,1.1623e+00,15973
4797,1.1611e+00,15973
4798,1.1599e+00,15973
4799,1.1588e+00,15973
4800,1.1576e+00,15973
4801,1.1565e+00,15974
4802,1.1553e+00,15974
4803,1.1541e+00,15974
4804,1.1530e+00,15974
4805,1.1518e+00,15974
4806,1.1507e+00,15974
4807,1.1495e+00,15974
4808,1.1484e+00,15974
4809,1.1472e+00,15975
4810,1.1461e+00,15975
4811,1.1449e+00,15974
4812,1.1438e+00,15974
4813,1.1427e+00,15974
4814,1.1415e+00,15974
4815,1.1404e+00,15974
4816,1.1392e+00,15974
4817,1.1381e+00,15974
4818,1.1370e+00,15974
4819,1.1358e+00,15973
4820,1.1347e+00,15974
4821,1.1335e+00,15974
4822,1.1324e+00,15974
4823,1.1313e+00,15975
4824,1.1301e+00,15975
4825,1.1290e+00,15975
4826,1.1279e+00,15975
4827,1.1268e+00,15975
4828,1.1256e+00,15975
4829,1.1245e+00,15975
4830,1.1234e+00,15975
4831,1.1223e+00,15974
4832,1.1211e+00,15974
4833,1.1200e+00,15975
4834,1.1189e+00,15975
4835,1.1178e+00,15975
4836,1.1167e+00,15974
4837,1.1155e+00,15974
4838,1.1144e+00,15974
4839,1.1133e+00,15974
4840,1.1122e+00,15973
4841,1.1111e+00,15973
4842,1.1100e+00,15973
4843,1.1089e+00,15974
4844,1.1078e+00,15974
4845,1.1066e+00,15974
4846,1.1055e+00,15974
4847,1.1044e+00,15974
4848,1.1033e+00,15974
4849,1.1022e+00,15974
4850,1.1011e+00,15974
4851,1.1000e+00,15974
4852,1.0989e+00,15974
4853,1.0978e+00,15974
4854,1.0967e+00,15974
4855,1.0956e+00,15974
4856,1.0945e+00,15974
4857,1.0934e+00,15974
4858,1.0923e+00,15974
4859,1.0913e+00,15973
4860,1.0902e+00,15977
4861,1.0891e+00,15977
4862,1.0880e+00,15973
4863,1.0869e+00,15973
4864,1.0858e+00,15973
4865,1.0847e+00,15973
4866,1.0836e+00,15973
4867,1.0826e+00,15973
4868,1.0815e+00,15973
4869,1.0804e+00,15973
4870,1.0793e+00,15973
4871,1.0782e+00,15973
4872,1.0772e+00,15973
4873,1.0761e+00,15973
4874,1.0750e+00,15973
4875,1.0739e+00,15973
4876,1.0729e+00,15976
4877,1.0718e+00,15976
4878,1.0707e+00,15976
4879,1.0696e+00,15976
4880,1.0686e+00,15980
4881,1.0675e+00,15977
4882,1.0664e+00,15977
4883,1.0654e+00,15977
4884,1.0643e+00,15977
4885,1.0632e+00,15973
4886,1.0622e+00,15973
4887,1.0611e+00,15973
4888,1.0600e+00,15973
4889,1.0590e+00,15973
4890,1.0579e+00,15973
4891,1.0569e+00,15973
4892,1.0558e+00,15974
4893,1.0548e+00,15973
4894,1.0537e+00,15973
4895,1.0526e+00,15973
4896,1.0516e+00,15973
4897,1.0505e+00,15973
4898,1.0495e+00,15973
4899,1.0484e+00,15973
4900,1.0474e+00,15973
4901,1.0463e+00,15973
4902,1.0453e+00,15973
4903,1.0443e+00,15974
4904,1.0432e+00,15974
4905,1.0422e+00,15974
4906,1.0411e+00,15974
4907,1.0401e+00,15974
4908,1.0390e+00,15974
4909,1.0380e+00,15974
4910,1.0370e+00,15974
4911,1.0359e+00,15974
4912,1.0349e+00,15974
4913,1.0339e+00,15974
4914,1.0328e+00,15974
4915,1.0318e+00,15974
4916,1.0308e+00,15974
4917,1.0297e+00,15974
4918,1.0287e+00,15974
4919,1.0277e+00,15974
4920,1.0266e+00,15974
4921,1.0256e+00,15974
4922,1.0246e+00,15974
4923,1.0236e+00,15974
4924,1.0225e+00,15974
4925,1.0215e+00,15974
4926,1.0205e+00,15974
4927,1.0195e+00,15974
4928,1.0185e+00,15974
4929,1.0174e+00,15974
4930,1.0164e+00,15974
4931,1.0154e+00,15974
4932,1.0144e+00,15974
4933,1.0134e+00,15974
4934,1.0124e+00,15974
4935,1.0114e+00,15974
4936,1.0103e+00,15974
4937,1.0093e+00,15975
4938,1.0083e+00,15975
4939,1.0073e+00,15975
4940,1.0063e+00,15975
4941,1.0053e+00,15975
4942,1.0043e+00,15979
4943,1.0033e+00,15978
4944,1.0023e+00,15978
4945,1.0013e+00,15978
4946,1.0003e+00,15974
4947,9.9928e-01,15978
4948,9.9829e-01,15974
4949,9.9729e-01,15974
4950,9.9629e-01,15974
4951,9.9529e-01,15974
4952,9.9430e-01,15973
4953,9.9330e-01,15973
4954,9.9231e-01,15973
4955,9.9132e-01,15974
4956,9.9033e-01,15974
4957,9.8934e-01,15974
4958,9.8835e-01,15973
4959,9.8736e-01,15973
4960,9.8637e-01,15974
4961,9.8539e-01,15973
4962,9.8440e-01,15973
4963,9.8342e-01,15973
4964,9.8243e-01,15973
4965,9.8145e-01,15973
4966,9.8047e-01,15973
4967,9.7949e-01,15973
4968,9.7851e-01,15973
4969,9.7753e-01,15973
4970,9.7655e-01,15974
4971,9.7558e-01,15974
4972,9.7460e-01,15974
4973,9.7363e-01,15974
4974,9.7265e-01,15973
4975,9.7168e-01,15973
4976,9.7071e-01,15973
4977,9.6974e-01,15973
4978,9.6877e-01,15973
4979,9.6780e-01,15974
4980,9.6683e-01,15974
4981,9.6586e-01,15974
4982,9.6490e-01,15974
4983,9.6393e-01,15974
4984,9.6297e-01,15974
4985,9.6201e-01,15974
4986,9.6104e-01,15974
4987,9.6008e-01,15974
4988,9.5912e-01,15974
4989,9.5816e-01,15974
4990,9.5721e-01,15974
4991,9.5625e-01,15974
4992,9.5529e-01,15974
4993,9.5434e-01,15974
4994,9.5338e-01,15974
4995,9.5243e-01,15974
4996,9.5148e-01,15973
4997,9.5053e-01,15973
4998,9.4957e-01,15973
4999,9.4863e-01,15973
5000,9.4768e-01,15973
5001,9.4673e-01,15973
5002,9.4578e-01,15973
5003,9.4484e-01,15974
5004,9.4389e-01,15974
5005,9.4295e-01,15974
5006,9.4200e-01,15974
5007,9.4106e-01,15973
5008,9.4012e-01,15974
5009,9.3918e-01,15974
5010,9.3824e-01,15974
5011,9.3730e-01,15973
5012,9.3637e-01,15973
5013,9.3543e-01,15973
5014,9.3450e-01,15973
5015,9.3356e-01,15973
5016,9.3263e-01,15973
5017,9.3169e-01,15973
5018,9.3076e-01,15973
5019,9.2983e-01,15973
5020,9.2890e-01,15973
5021,9.2797e-01,15973
5022,9.2705e-01,15973
5023,9.2612e-01,15973
5024,9.2519e-01,15973
5025,9.2427e-01,15974
5026,9.2334e-01,15974
5027,9.2242e-01,15974
5028,9.2150e-01,15973
5029,9.2058e-01,15973
5030,9.1965e-01,15974
5031,9.1874e-01,15974
5032,9.1782e-01,15973
5033,9.1690e-01,15973
5034,9.1598e-01,15973
5035,9.1507e-01,15973
5036,9.1415e-01,15973
5037,9.1324e-01,15973
5038,9.1232e-01,15974
5039,9.1141e-01,15974
5040,9.1050e-01,15974
5041,9.0959e-01,15974
5042,9.0868e-01,15973
5043,9.0777e-01,15973
5044,9.0686e-01,15973
5045,9.0596e-01,15973
5046,9.0505e-01,15973
5047,9.0415e-01,15973
5048,9.0324e-01,15973
5049,9.0234e-01,15973
5050,9.0144e-01,15973
5051,9.0053e-01,15973
5052,8.9963e-01,15973
5053,8.9873e-01,15973
5054,8.9784e-01,15973
5055,8.9694e-01,15973
5056,8.9604e-01,15973
5057,8.9514e-01,15973
5058,8.9425e-01,15973
5059,8.9335e-01,15973
5060,8.9246e-01,15973
5061,8.9157e-01,15973
5062,8.9068e-01,15973
5063,8.8979e-01,15973
5064,8.8890e-01,15973
5065,8.8801e-01,15973
5066,8.8712e-01,15973
5067,8.8623e-01,15973
5068,8.8535e-01,15974
5069,8.8446e-01,15974
5070,8.8358e-01,15973
5071,8.8269e-01,15973
5072,8.8181e-01,15973
5073,8.8093e-01,15974
5074,8.8005e-01,15974
5075,8.7917e-01,15974
5076,8.7829e-01,15974
5077,8.7741e-01,15974
5078,8.7653e-01,15974
5079,8.7566e-01,15974
5080,8.7478e-01,15974
5081,8.7391e-01,15973
5082,8.7303e-01,15973
5083,8.7216e-01,15974
5084,8.7129e-01,15974
5085,8.7042e-01,15973
5086,8.6955e-01,15973
5087,8.6868e-01,15973
5088,8.6781e-01,15973
5089,8.6694e-01,15973
5090,8.6607e-01,15973
5091,8.6521e-01,15973
5092,8.6434e-01,15973
5093,8.6348e-01,15973
5094,8.6261e-01,15975
5095,8.6175e-01,15975
5096,8.6089e-01,15975
5097,8.6003e-01,15975
5098,8.5917e-01,15975
5099,8.5831e-01,15975
5100,8.5745e-01,15975
5101,8.5659e-01,15975
5102,8.5574e-01,15975
5103,8.5488e-01,15975
5104,8.5403e-01,15973
5105,8.5317e-01,15973
5106,8.5232e-01,15973
5107,8.5147e-01,15973
5108,8.5061e-01,15973
5109,8.4976e-01,15973
5110,8.4891e-01,15973
5111,8.4807e-01,15973
5112,8.4722e-01,15973
5113,8.4637e-01,15973
5114,8.4552e-01,15973
5115,8.4468e-01,15973
5116,8.4383e-01,15973
5117,8.4299e-01,15973
5118,8.4215e-01,15973
5119,8.4130e-01,15973
5120,8.4046e-01,15974
5121,8.3962e-01,15974
5122,8.3878e-01,15974
5123,8.3794e-01,15974
5124,8.3711e-01,15974
5125,8.3627e-01,15973
5126,8.3543e-01,15973
5127,8.3460e-01,15974
5128,8.3376e-01,15974
5129,8.3293e-01,15974
5130,8.3210e-01,15974
5131,8.3126e-01,15974
5132,8.3043e-01,15974
5133,8.2960e-01,15974
5134,8.2877e-01,15975
5135,8.2794e-01,15975
5136,8.2712e-01,15974
5137,8.2629e-01,15974
5138,8.2546e-01,15974
5139,8.2464e-01,15974
5140,8.2381e-01,15974
5141,8.2299e-01,15974
5142,8.2217e-01,15974
5143,8.2134e-01,15974
5144,8.2052e-01,15974
5145,8.1970e-01,15974
5146,8.1888e-01,15974
5147,8.1806e-01,15974
5148,8.1725e-01,15974
5149,8.1643e-01,15974
5150,8.1561e-01,15974
5151,8.1480e-01,15974
5152,8.1398e-01,15974
5153,8.1317e-01,15974
5154,8.1235e-01,15974
5155,8.1154e-01,15974
5156,8.1073e-01,15974
5157,8.0992e-01,15974
5158,8.0911e-01,15974
5159,8.0830e-01,15974
5160,8.0749e-01,15974
5161,8.0668e-01,15974
5162,8.0588e-01,15974
5163,8.0507e-01,15974
5164,8.0427e-01,15974
5165,8.0346e-01,15974
5166,8.0266e-01,15974
5167,8.0186e-01,15974
5168,8.0105e-01,15974
5169,8.0025e-01,15974
5170,7.9945e-01,15974
5171,7.9865e-01,15974
5172,7.9786e-01,15974
5173,7.9706e-01,15974
5174,7.9626e-01,15974
5175,7.9546e-01,15974
5176,7.9467e-01,15974
5177,7.9387e-01,15974
5178,7.9308e-01,15974
5179,7.9229e-01,15974
5180,7.9149e-01,15975
5181,7.9070e-01,15975
5182,7.8991e-01,15975
5183,7.8912e-01,15975
5184,7.8833e-01,15975
5185,7.8755e-01,15975
5186,7.8676e-01,15975
5187,7.8597e-01,15974
5188,7.8519e-01,15974
5189,7.8440e-01,15974
5190,7.8362e-01,15974
5191,7.8283e-01,15973
5192,7.8205e-01,15973
5193,7.8127e-01,15973
5194,7.8049e-01,15974
5195,7.7971e-01,15974
5196,7.7893e-01,15974
5197,7.7815e-01,15974
5198,7.7737e-01,15974
5199,7.7659e-01,15974
5200,7.7581e-01,15973
5201,7.7504e-01,15973
5202,7.7426e-01,15973
5203,7.7349e-01,15973
5204,7.7272e-01,15973
5205,7.7194e-01,15973
5206,7.7117e-01,15973
5207,7.7040e-01,15973
5208,7.6963e-01,15973
5209,7.6886e-01,15973
5210,7.6809e-01,15973
5211,7.6732e-01,15973
5212,7.6656e-01,15973
5213,7.6579e-01,15973
5214,7.6502e-01,15973
5215,7.6426e-01,15974
5216,7.6349e-01,15974
5217,7.6273e-01,15974
5218,7.6197e-01,15974
5219,7.6121e-01,15973
5220,7.6044e-01,15973
5221,7.5968e-01,15973
5222,7.5892e-01,15973
5223,7.5817e-01,15973
5224,7.5741e-01,15973
5225,7.5665e-01,15973
5226,7.5589e-01,15973
5227,7.5514e-01,15973
5228,7.5438e-01,15973
5229,7.5363e-01,15973
5230,7.5287e-01,15973
5231,7.5212e-01,15973
5232,7.5137e-01,15973
5233,7.5062e-01,15973
5234,7.4987e-01,15974
5235,7.4912e-01,15974
5236,7.4837e-01,15974
5237,7.4762e-01,15973
5238,7.4687e-01,15974
5239,7.4613e-01,15974
5240,7.4538e-01,15974
5241,7.4463e-01,15973
5242,7.4389e-01,15974
5243,7.4315e-01,15974
5244,7.4240e-01,15974
5245,7.4166e-01,15974
5246,7.4092e-01,15974
5247,7.4018e-01,15973
5248,7.3944e-01,15973
5249,7.3870e-01,15973
5250,7.3796e-01,15973
5251,7.3722e-01,15973
5252,7.3648e-01,15973
5253,7.3575e-01,15973
5254,7.3501e-01,15973
5255,7.3428e-01,15973
5256,7.3354e-01,15974
5257,7.3281e-01,15974
5258,7.3208e-01,15974
5259,7.3134e-01,15974
5260,7.3061e-01,15974
5261,7.2988e-01,15973
5262,7.2915e-01,15974
5263,7.2842e-01,15975
5264,7.2769e-01,15974
5265,7.2697e-01,15973
5266,7.2624e-01,15973
5267,7.2551e-01,15973
5268,7.2479e-01,15973
5269,7.2406e-01,15973
5270,7.2334e-01,15973
5271,7.2262e-01,15973
5272,7.2189e-01,15973
5273,7.2117e-01,15973
5274,7.2045e-01,15973
5275,7.1973e-01,15973
5276,7.1901e-01,15973
5277,7.1829e-01,15973
5278,7.1757e-01,15973
5279,7.1686e-01,15973
5280,7.1614e-01,15973
5281,7.1542e-01,15973
5282,7.1471e-01,15973
5283,7.1399e-01,15973
5284,7.1328e-01,15973
5285,7.1256e-01,15973
5286,7.1185e-01,15973
5287,7.1114e-01,15975
5288,7.1043e-01,15974
5289,7.0972e-01,15974
5290,7.0901e-01,15974
5291,7.0830e-01,15974
5292,7.0759e-01,15974
5293,7.0688e-01,15974
5294,7.0618e-01,15974
5295,7.0547e-01,15974
5296,7.0477e-01,15974
5297,7.0406e-01,15974
5298,7.0336e-01,15974
5299,7.0265e-01,15973
5300,7.0195e-01,15973
5301,7.0125e-01,15973
5302,7.0055e-01,15973
5303,6.9985e-01,15973
5304,6.9915e-01,15975
5305,6.9845e-01,15975
5306,6.9775e-01,15975
5307,6.9705e-01,15975
5308,6.9635e-01,15975
5309,6.9566e-01,15976
5310,6.9496e-01,15976
5311,6.9427e-01,15976
5312,6.9357e-01,15976
5313,6.9288e-01,15977
5314,6.9219e-01,15977
5315,6.9149e-01,15974
5316,6.9080e-01,15974
5317,6.9011e-01,15973
5318,6.8942e-01,15973
5319,6.8873e-01,15973
5320,6.8804e-01,15973
5321,6.8736e-01,15973
5322,6.8667e-01,15973
5323,6.8598e-01,15973
5324,6.8530e-01,15973
5325,6.8461e-01,15973
5326,6.8393e-01,15973
5327,6.8324e-01,15973
5328,6.8256e-01,15973
5329,6.8188e-01,15973
5330,6.8119e-01,15973
5331,6.8051e-01,15973
5332,6.7983e-01,15973
5333,6.7915e-01,15973
5334,6.7847e-01,15973
5335,6.7780e-01,15973
5336,6.7712e-01,15973
5337,6.7644e-01,15977
5338,6.7576e-01,15977
5339,6.7509e-01,15977
5340,6.7441e-01,15977
5341,6.7374e-01,15977
5342,6.7307e-01,15977
5343,6.7239e-01,15977
5344,6.7172e-01,15977
5345,6.7105e-01,15978
5346,6.7038e-01,15978
5347,6.6971e-01,15978
5348,6.6904e-01,15978
5349,6.6837e-01,15978
5350,6.6770e-01,15978
5351,6.6703e-01,15978
5352,6.6636e-01,15978
5353,6.6570e-01,15977
5354,6.6503e-01,15977
5355,6.6437e-01,15977
5356,6.6370e-01,15977
5357,6.6304e-01,15977
5358,6.6238e-01,15977
5359,6.6171e-01,15977
5360,6.6105e-01,15977
5361,6.6039e-01,15977
5362,6.5973e-01,15977
5363,6.5907e-01,15978
5364,6.5841e-01,15978
5365,6.5775e-01,15978
5366,6.5710e-01,15978
5367,6.5644e-01,15978
5368,6.5578e-01,15978
5369,6.5513e-01,15978
5370,6.5447e-01,15978
5371,6.5382e-01,15978
5372,6.5316e-01,15978
5373,6.5251e-01,15978
5374,6.5186e-01,15974
5375,6.5121e-01,15974
5376,6.5055e-01,15974
5377,6.4990e-01,15974
5378,6.4925e-01,15974
5379,6.4860e-01,15974
5380,6.4796e-01,15973
5381,6.4731e-01,15973
5382,6.4666e-01,15973
5383,6.4601e-01,15973
5384,6.4537e-01,15973
5385,6.4472e-01,15973
5386,6.4408e-01,15974
5387,6.4343e-01,15974
5388,6.4279e-01,15973
5389,6.4215e-01,15973
5390,6.4151e-01,15973
5391,6.4086e-01,15973
5392,6.4022e-01,15973
5393,6.3958e-01,15974
5394,6.3894e-01,15974
5395,6.3830e-01,15974
5396,6.3767e-01,15974
5397,6.3703e-01,15974
5398,6.3639e-01,15974
5399,6.3576e-01,15974
5400,6.3512e-01,15974
5401,6.3448e-01,15974
5402,6.3385e-01,15974
5403,6.3322e-01,15975
5404,6.3258e-01,15974
5405,6.3195e-01,15975
5406,6.3132e-01,15974
5407,6.3069e-01,15974
5408,6.3006e-01,15974
5409,6.2943e-01,15974
5410,6.2880e-01,15974
5411,6.2817e-01,15974
5412,6.2754e-01,15974
5413,6.2691e-01,15974
5414,6.2629e-01,15974
5415,6.2566e-01,15974
5416,6.2503e-01,15974
5417,6.2441e-01,15973
5418,6.2378e-01,15976
5419,6.2316e-01,15973
5420,6.2254e-01,15973
5421,6.2191e-01,15974
5422,6.2129e-01,15974
5423,6.2067e-01,15974
5424,6.2005e-01,15974
5425,6.1943e-01,15974
5426,6.1881e-01,15974
5427,6.1819e-01,15974
5428,6.1757e-01,15974
5429,6.1696e-01,15974
5430,6.1634e-01,15974
5431,6.1572e-01,15974
5432,6.1511e-01,15974
5433,6.1449e-01,15974
5434,6.1388e-01,15974
5435,6.1326e-01,15974
5436,6.1265e-01,15974
5437,6.1204e-01,15974
5438,6.1143e-01,15973
5439,6.1081e-01,15973
5440,6.1020e-01,15973
5441,6.0959e-01,15973
5442,6.0898e-01,15973
5443,6.0838e-01,15973
5444,6.0777e-01,15973
5445,6.0716e-01,15973
5446,6.0655e-01,15973
5447,6.0595e-01,15973
5448,6.0534e-01,15973
5449,6.0473e-01,15976
5450,6.0413e-01,15976
5451,6.0353e-01,15976
5452,6.0292e-01,15973
5453,6.0232e-01,15973
5454,6.0172e-01,15973
5455,6.0111e-01,15973
5456,6.0051e-01,15973
5457,5.9991e-01,15974
5458,5.9931e-01,15974
5459,5.9871e-01,15974
5460,5.9812e-01,15975
5461,5.9752e-01,15975
5462,5.9692e-01,15975
5463,5.9632e-01,15975
5464,5.9573e-01,15975
5465,5.9513e-01,15975
5466,5.9454e-01,15975
5467,5.9394e-01,15975
5468,5.9335e-01,15975
5469,5.9275e-01,15974
5470,5.9216e-01,15974
5471,5.9157e-01,15975
5472,5.9098e-01,15974
5473,5.9039e-01,15974
5474,5.8980e-01,15974
5475,5.8921e-01,15974
5476,5.8862e-01,15974
5477,5.8803e-01,15974
5478,5.8744e-01,15974
5479,5.8685e-01,15974
5480,5.8627e-01,15974
5481,5.8568e-01,15974
5482,5.8509e-01,15974
5483,5.8451e-01,15973
5484,5.8392e-01,15974
5485,5.8334e-01,15974
5486,5.8276e-01,15974
5487,5.8217e-01,15974
5488,5.8159e-01,15974
5489,5.8101e-01,15974
5490,5.8043e-01,15973
5491,5.7985e-01,15973
5492,5.7927e-01,15973
5493,5.7869e-01,15973
5494,5.7811e-01,15973
5495,5.7753e-01,15973
5496,5.7696e-01,15973
5497,5.7638e-01,15973
5498,5.7580e-01,15973
5499,5.7523e-01,15973
5500,5.7465e-01,15973
5501,5.7408e-01,15973
5502,5.7350e-01,15973
5503,5.7293e-01,15973
5504,5.7236e-01,15973
5505,5.7178e-01,15973
5506,5.7121e-01,15973
5507,5.7064e-01,15973
5508,5.7007e-01,15973
5509,5.6950e-01,15973
5510,5.6893e-01,15973
5511,5.6836e-01,15973
5512,5.6779e-01,15973
5513,5.6723e-01,15973
5514,5.6666e-01,15973
5515,5.6609e-01,15973
5516,5.6553e-01,15973
5517,5.6496e-01,15973
5518,5.6439e-01,15973
5519,5.6383e-01,15973
5520,5.6327e-01,15973
5521,5.6270e-01,15973
5522,5.6214e-01,15973
5523,5.6158e-01,15973
5524,5.6102e-01,15973
5525,5.6046e-01,15973
5526,5.5990e-01,15973
5527,5.5934e-01,15973
5528,5.5878e-01,15973
5529,5.5822e-01,15973
5530,5.5766e-01,15973
5531,5.5710e-01,15973
5532,5.5654e-01,15973
5533,5.5599e-01,15973
5534,5.5543e-01,15973
5535,5.5488e-01,15973
5536,5.5432e-01,15973
5537,5.5377e-01,15973
5538,5.5321e-01,15973
5539,5.5266e-01,15973
5540,5.5211e-01,15973
5541,5.5156e-01,15973
5542,5.5100e-01,15973
5543,5.5045e-01,15974
5544,5.4990e-01,15974
5545,5.4935e-01,15974
5546,5.4880e-01,15974
5547,5.4825e-01,15973
5548,5.4771e-01,15973
5549,5.4716e-01,15973
5550,5.4661e-01,15973
5551,5.4606e-01,15973
5552,5.4552e-01,15973
5553,5.4497e-01,15974
5554,5.4443e-01,15974
5555,5.4388e-01,15974
5556,5.4334e-01,15974
5557,5.4280e-01,15973
5558,5.4225e-01,15973
5559,5.4171e-01,15973
5560,5.4117e-01,15973
5561,5.4063e-01,15973
5562,5.4009e-01,15973
5563,5.3955e-01,15973
5564,5.3901e-01,15973
5565,5.3847e-01,15973
5566,5.3793e-01,15973
5567,5.3739e-01,15973
5568,5.3686e-01,15973
5569,5.3632e-01,15973
5570,5.3578e-01,15973
5571,5.3525e-01,15974
5572,5.3471e-01,15974
5573,5.3418e-01,15975
5574,5.3364e-01,15974
5575,5.3311e-01,15974
5576,5.3258e-01,15974
5577,5.3204e-01,15974
5578,5.3151e-01,15974
5579,5.3098e-01,15975
5580,5.3045e-01,15974
5581,5.2992e-01,15973
5582,5.2939e-01,15973
5583,5.2886e-01,15973
5584,5.2833e-01,15973
5585,5.2780e-01,15973
5586,5.2727e-01,15973
5587,5.2675e-01,15973
5588,5.2622e-01,15973
5589,5.2569e-01,15973
5590,5.2517e-01,15973
5591,5.2464e-01,15973
5592,5.2412e-01,15973
5593,5.2359e-01,15973
5594,5.2307e-01,15973
5595,5.2255e-01,15973
5596,5.2202e-01,15973
5597,5.2150e-01,15973
5598,5.2098e-01,15973
5599,5.2046e-01,15973
5600,5.1994e-01,15974
5601,5.1942e-01,15974
5602,5.1890e-01,15974
5603,5.1838e-01,15974
5604,5.1786e-01,15974
5605,5.1735e-01,15974
5606,5.1683e-01,15974
5607,5.1631e-01,15974
5608,5.1579e-01,15974
5609,5.1528e-01,15974
5610,5.1476e-01,15974
5611,5.1425e-01,15973
5612,5.1373e-01,15973
5613,5.1322e-01,15973
5614,5.1271e-01,15973
5615,5.1220e-01,15973
5616,5.1168e-01,15973
5617,5.1117e-01,15973
5618,5.1066e-01,15973
5619,5.1015e-01,15973
5620,5.0964e-01,15973
5621,5.0913e-01,15973
5622,5.0862e-01,15973
5623,5.0811e-01,15973
5624,5.0760e-01,15973
5625,5.0710e-01,15973
5626,5.0659e-01,15973
5627,5.0608e-01,15973
5628,5.0558e-01,15973
5629,5.0507e-01,15973
5630,5.0457e-01,15973
5631,5.0406e-01,15973
5632,5.0356e-01,15973
5633,5.0305e-01,15973
5634,5.0255e-01,15973
5635,5.0205e-01,15973
5636,5.0155e-01,15973
5637,5.0104e-01,15973
5638,5.0054e-01,15973
5639,5.0004e-01,15973
5640,4.9954e-01,15973
5641,4.9904e-01,15973
5642,4.9854e-01,15973
5643,4.9805e-01,15973
5644,4.9755e-01,15973
5645,4.9705e-01,15973
5646,4.9655e-01,15973
5647,4.9606e-01,15973
5648,4.9556e-01,15973
5649,4.9506e-01,15973
5650,4.9457e-01,15973
5651,4.9408e-01,15973
5652,4.9358e-01,15974
5653,4.9309e-01,15974
5654,4.9259e-01,15974
5655,4.9210e-01,15973
5656,4.9161e-01,15973
5657,4.9112e-01,15973
5658,4.9063e-01,15973
5659,4.9014e-01,15973
5660,4.8965e-01,15973
5661,4.8916e-01,15973
5662,4.8867e-01,15973
5663,4.8818e-01,15973
5664,4.8769e-01,15973
5665,4.8720e-01,15973
5666,4.8672e-01,15973
5667,4.8623e-01,15973
5668,4.8574e-01,15973
5669,4.8526e-01,15973
5670,4.8477e-01,15973
5671,4.8429e-01,15973
5672,4.8380e-01,15973
5673,4.8332e-01,15973
5674,4.8284e-01,15973
5675,4.8235e-01,15973
5676,4.8187e-01,15973
5677,4.8139e-01,15973
5678,4.8091e-01,15973
5679,4.8043e-01,15973
5680,4.7995e-01,15973
5681,4.7947e-01,15973
5682,4.7899e-01,15973
5683,4.7851e-01,15973
5684,4.7803e-01,15973
5685,4.7755e-01,15973
5686,4.7707e-01,15973
5687,4.7660e-01,15973
5688,4.7612e-01,15974
5689,4.7564e-01,15974
5690,4.7517e-01,15974
5691,4.7469e-01,15974
5692,4.7422e-01,15974
5693,4.7374e-01,15974
5694,4.7327e-01,15974
5695,4.7280e-01,15974
5696,4.7232e-01,15974
5697,4.7185e-01,15974
5698,4.7138e-01,15974
5699,4.7091e-01,15974
5700,4.7044e-01,15974
5701,4.6997e-01,15974
5702,4.6950e-01,15974
5703,4.6903e-01,15974
5704,4.6856e-01,15974
5705,4.6809e-01,15975
5706,4.6762e-01,15974
5707,4.6715e-01,15974
5708,4.6669e-01,15974
5709,4.6622e-01,15974
5710,4.6575e-01,15974
5711,4.6529e-01,15974
5712,4.6482e-01,15974
5713,4.6436e-01,15974
5714,4.6389e-01,15974
5715,4.6343e-01,15974
5716,4.6297e-01,15973
5717,4.6250e-01,15973
5718,4.6204e-01,15973
5719,4.6158e-01,15973
5720,4.6112e-01,15973
5721,4.6066e-01,15973
5722,4.6020e-01,15973
5723,4.5974e-01,15973
5724,4.5928e-01,15973
5725,4.5882e-01,15973
5726,4.5836e-01,15973
5727,4.5790e-01,15973
5728,4.5744e-01,15973
5729,4.5698e-01,15973
5730,4.5653e-01,15973
5731,4.5607e-01,15973
5732,4.5561e-01,15973
5733,4.5516e-01,15973
5734,4.5470e-01,15973
5735,4.5425e-01,15973
5736,4.5379e-01,15973
5737,4.5334e-01,15973
5738,4.5289e-01,15973
5739,4.5243e-01,15973
5740,4.5198e-01,15973
5741,4.5153e-01,15973
5742,4.5108e-01,15973
5743,4.5063e-01,15973
5744,4.5018e-01,15973
5745,4.4973e-01,15973
5746,4.4928e-01,15973
5747,4.4883e-01,15973
5748,4.4838e-01,15973
5749,4.4793e-01,15973
5750,4.4748e-01,15973
5751,4.4704e-01,15973
5752,4.4659e-01,15973
5753,4.4614e-01,15973
5754,4.4570e-01,15973
5755,4.4525e-01,15973
5756,4.4480e-01,15973
5757,4.4436e-01,15973
5758,4.4392e-01,15973
5759,4.4347e-01,15973
5760,4.4303e-01,15973
5761,4.4259e-01,15974
5762,4.4214e-01,15974
5763,4.4170e-01,15974
5764,4.4126e-01,15974
5765,4.4082e-01,15974
5766,4.4038e-01,15974
5767,4.3994e-01,15973
5768,4.3950e-01,15973
5769,4.3906e-01,15973
5770,4.3862e-01,15973
5771,4.3818e-01,15973
5772,4.3774e-01,15973
5773,4.3730e-01,15973
5774,4.3687e-01,15973
5775,4.3643e-01,15973
5776,4.3599e-01,15973
5777,4.3556e-01,15973
5778,4.3512e-01,15973
5779,4.3469e-01,15973
5780,4.3425e-01,15973
5781,4.3382e-01,15973
5782,4.3338e-01,15973
5783,4.3295e-01,15973
5784,4.3252e-01,15974
5785,4.3208e-01,15974
5786,4.3165e-01,15974
5787,4.3122e-01,15974
5788,4.3079e-01,15974
5789,4.3036e-01,15974
5790,4.2993e-01,15974
5791,4.2950e-01,15974
5792,4.2907e-01,15974
5793,4.2864e-01,15974
5794,4.2821e-01,15974
5795,4.2778e-01,15974
5796,4.2736e-01,15974
5797,4.2693e-01,15974
5798,4.2650e-01,15974
5799,4.2607e-01,15974
5800,4.2565e-01,15974
5801,4.2522e-01,15974
5802,4.2480e-01,15973
5803,4.2437e-01,15973
5804,4.2395e-01,15973
5805,4.2352e-01,15973
5806,4.2310e-01,15973
5807,4.2268e-01,15973
5808,4.2225e-01,15973
5809,4.2183e-01,15973
5810,4.2141e-01,15973
5811,4.2099e-01,15973
5812,4.2057e-01,15973
5813,4.2015e-01,15973
5814,4.1973e-01,15973
5815,4.1931e-01,15973
5816,4.1889e-01,15973
5817,4.1847e-01,15973
5818,4.1805e-01,15973
5819,4.1763e-01,15973
5820,4.1722e-01,15973
5821,4.1680e-01,15973
5822,4.1638e-01,15973
5823,4.1597e-01,15973
5824,4.1555e-01,15973
5825,4.1513e-01,15973
5826,4.1472e-01,15973
5827,4.1430e-01,15973
5828,4.1389e-01,15973
5829,4.1348e-01,15973
5830,4.1306e-01,15973
5831,4.1265e-01,15973
5832,4.1224e-01,15973
5833,4.1182e-01,15973
5834,4.1141e-01,15973
5835,4.1100e-01,15973
5836,4.1059e-01,15973
5837,4.1018e-01,15973
5838,4.0977e-01,15973
5839,4.0936e-01,15974
5840,4.0895e-01,15974
5841,4.0854e-01,15974
5842,4.0813e-01,15974
5843,4.0772e-01,15975
5844,4.0732e-01,15974
5845,4.0691e-01,15974
5846,4.0650e-01,15974
5847,4.0610e-01,15974
5848,4.0569e-01,15974
5849,4.0528e-01,15974
5850,4.0488e-01,15974
5851,4.0447e-01,15974
5852,4.0407e-01,15974
5853,4.0367e-01,15975
5854,4.0326e-01,15974
5855,4.0286e-01,15974
5856,4.0246e-01,15974
5857,4.0205e-01,15974
5858,4.0165e-01,15974
5859,4.0125e-01,15974
5860,4.0085e-01,15974
5861,4.0045e-01,15974
5862,4.0005e-01,15974
5863,3.9965e-01,15974
5864,3.9925e-01,15974
5865,3.9885e-01,15974
5866,3.9845e-01,15974
5867,3.9805e-01,15974
5868,3.9765e-01,15974
5869,3.9726e-01,15974
5870,3.9686e-01,15974
5871,3.9646e-01,15974
5872,3.9606e-01,15974
5873,3.9567e-01,15974
5874,3.9527e-01,15974
5875,3.9488e-01,15974
5876,3.9448e-01,15974
5877,3.9409e-01,15973
5878,3.9369e-01,15973
5879,3.9330e-01,15973
5880,3.9291e-01,15973
5881,3.9251e-01,15973
5882,3.9212e-01,15973
5883,3.9173e-01,15973
5884,3.9134e-01,15973
5885,3.9095e-01,15973
5886,3.9056e-01,15973
5887,3.9016e-01,15973
5888,3.8977e-01,15973
5889,3.8939e-01,15973
5890,3.8900e-01,15973
5891,3.8861e-01,15973
5892,3.8822e-01,15973
5893,3.8783e-01,15973
5894,3.8744e-01,15973
5895,3.8705e-01,15973
5896,3.8667e-01,15973
5897,3.8628e-01,15973
5898,3.8589e-01,15973
5899,3.8551e-01,15973
5900,3.8512e-01,15973
5901,3.8474e-01,15973
5902,3.8435e-01,15973
5903,3.8397e-01,15973
5904,3.8358e-01,15973
5905,3.8320e-01,15973
5906,3.8282e-01,15973
5907,3.8244e-01,15973
5908,3.8205e-01,15973
5909,3.8167e-01,15973
5910,3.8129e-01,15973
5911,3.8091e-01,15973
5912,3.8053e-01,15973
5913,3.8015e-01,15973
5914,3.7977e-01,15973
5915,3.7939e-01,15973
5916,3.7901e-01,15974
5917,3.7863e-01,15974
5918,3.7825e-01,15974
5919,3.7787e-01,15974
5920,3.7749e-01,15974
5921,3.7712e-01,15974
5922,3.7674e-01,15973
5923,3.7636e-01,15973
5924,3.7599e-01,15973
5925,3.7561e-01,15973
5926,3.7523e-01,15973
5927,3.7486e-01,15973
5928,3.7448e-01,15973
5929,3.7411e-01,15973
5930,3.7374e-01,15973
5931,3.7336e-01,15973
5932,3.7299e-01,15973
5933,3.7262e-01,15973
5934,3.7224e-01,15973
5935,3.7187e-01,15973
5936,3.7150e-01,15973
5937,3.7113e-01,15973
5938,3.7076e-01,15973
5939,3.7039e-01,15973
5940,3.7001e-01,15973
5941,3.6964e-01,15973
5942,3.6928e-01,15973
5943,3.6891e-01,15973
5944,3.6854e-01,15973
5945,3.6817e-01,15973
5946,3.6780e-01,15973
5947,3.6743e-01,15973
5948,3.6707e-01,15973
5949,3.6670e-01,15973
5950,3.6633e-01,15973
5951,3.6596e-01,15973
5952,3.6560e-01,15973
5953,3.6523e-01,15973
5954,3.6487e-01,15973
5955,3.6450e-01,15973
5956,3.6414e-01,15973
5957,3.6377e-01,15973
5958,3.6341e-01,15973
5959,3.6305e-01,15973
5960,3.6268e-01,15973
5961,3.6232e-01,15973
5962,3.6196e-01,15973
5963,3.6160e-01,15973
5964,3.6124e-01,15973
5965,3.6087e-01,15973
5966,3.6051e-01,15973
5967,3.6015e-01,15973
5968,3.5979e-01,15973
5969,3.5943e-01,15973
5970,3.5907e-01,15973
5971,3.5871e-01,15973
5972,3.5836e-01,15973
5973,3.5800e-01,15973
5974,3.5764e-01,15973
5975,3.5728e-01,15973
5976,3.5692e-01,15973
5977,3.5657e-01,15973
5978,3.5621e-01,15973
5979,3.5586e-01,15973
5980,3.5550e-01,15973
5981,3.5514e-01,15973
5982,3.5479e-01,15973
5983,3.5443e-01,15973
5984,3.5408e-01,15973
5985,3.5373e-01,15973
5986,3.5337e-01,15973
5987,3.5302e-01,15973
5988,3.5267e-01,15973
5989,3.5231e-01,15973
5990,3.5196e-01,15973
5991,3.5161e-01,15973
5992,3.5126e-01,15973
5993,3.5091e-01,15973
5994,3.5055e-01,15973
5995,3.5020e-01,15973
5996,3.4985e-01,15973
5997,3.4950e-01,15973
5998,3.4915e-01,15973
5999,3.4881e-01,15973
6000,3.4846e-01,15973
6001,3.4811e-01,15973
6002,3.4776e-01,15973
6003,3.4741e-01,15973
6004,3.4706e-01,15973
6005,3.4672e-01,15973
6006,3.4637e-01,15973
6007,3.4602e-01,15973
6008,3.4568e-01,15973
6009,3.4533e-01,15973
6010,3.4499e-01,15973
6011,3.4464e-01,15973
6012,3.4430e-01,15973
6013,3.4395e-01,15973
6014,3.4361e-01,15973
6015,3.4327e-01,15973
6016,3.4292e-01,15973
6017,3.4258e-01,15973
6018,3.4224e-01,15973
6019,3.4189e-01,15973
6020,3.4155e-01,15973
6021,3.4121e-01,15973
6022,3.4087e-01,15973
6023,3.4053e-01,15973
6024,3.4019e-01,15973
6025,3.3985e-01,15973
6026,3.3951e-01,15973
6027,3.3917e-01,15973
6028,3.3883e-01,15973
6029,3.3849e-01,15973
6030,3.3815e-01,15973
6031,3.3781e-01,15973
6032,3.3748e-01,15973
6033,3.3714e-01,15973
6034,3.3680e-01,15973
6035,3.3647e-01,15973
6036,3.3613e-01,15973
6037,3.3579e-01,15973
6038,3.3546e-01,15973
6039,3.3512e-01,15973
6040,3.3479e-01,15973
6041,3.3445e-01,15973
6042,3.3412e-01,15973
6043,3.3378e-01,15973
6044,3.3345e-01,15973
6045,3.3312e-01,15973
6046,3.3278e-01,15973
6047,3.3245e-01,15973
6048,3.3212e-01,15973
6049,3.3179e-01,15973
6050,3.3145e-01,15973
6051,3.3112e-01,15973
6052,3.3079e-01,15973
6053,3.3046e-01,15973
6054,3.3013e-01,15973
6055,3.2980e-01,15973
6056,3.2947e-01,15973
6057,3.2914e-01,15973
6058,3.2881e-01,15973
6059,3.2848e-01,15973
6060,3.2815e-01,15973
6061,3.2783e-01,15973
6062,3.2750e-01,15973
6063,3.2717e-01,15973
6064,3.2684e-01,15973
6065,3.2652e-01,15973
6066,3.2619e-01,15973
6067,3.2586e-01,15973
6068,3.2554e-01,15973
6069,3.2521e-01,15973
6070,3.2489e-01,15973
6071,3.2456e-01,15973
6072,3.2424e-01,15973
6073,3.2391e-01,15973
6074,3.2359e-01,15973
6075,3.2327e-01,15973
6076,3.2294e-01,15973
6077,3.2262e-01,15973
6078,3.2230e-01,15973
6079,3.2197e-01,15973
6080,3.2165e-01,15973
6081,3.2133e-01,15973
6082,3.2101e-01,15973
6083,3.2069e-01,15973
6084,3.2037e-01,15973
6085,3.2005e-01,15973
6086,3.1973e-01,15973
6087,3.1941e-01,15973
6088,3.1909e-01,15973
6089,3.1877e-01,15973
6090,3.1845e-01,15973
6091,3.1813e-01,15973
6092,3.1781e-01,15973
6093,3.1750e-01,15973
6094,3.1718e-01,15973
6095,3.1686e-01,15973
6096,3.1654e-01,15973
6097,3.1623e-01,15973
6098,3.1591e-01,15973
6099,3.1560e-01,15973
6100,3.1528e-01,15973
6101,3.1497e-01,15973
6102,3.1465e-01,15973
6103,3.1434e-01,15973
6104,3.1402e-01,15973
6105,3.1371e-01,15973
6106,3.1339e-01,15973
6107,3.1308e-01,15973
6108,3.1277e-01,15973
6109,3.1245e-01,15973
6110,3.1214e-01,15973
6111,3.1183e-01,15973
6112,3.1152e-01,15973
6113,3.1121e-01,15973
6114,3.1090e-01,15973
6115,3.1058e-01,15973
6116,3.1027e-01,15973
6117,3.0996e-01,15973
6118,3.0965e-01,15973
6119,3.0934e-01,15973
6120,3.0903e-01,15973
6121,3.0873e-01,15973
6122,3.0842e-01,15973
6123,3.0811e-01,15973
6124,3.0780e-01,15973
6125,3.0749e-01,15973
6126,3.0718e-01,15973
6127,3.0688e-01,15973
6128,3.0657e-01,15973
6129,3.0626e-01,15973
6130,3.0596e-01,15973
6131,3.0565e-01,15973
6132,3.0535e-01,15973
6133,3.0504e-01,15973
6134,3.0474e-01,15973
6135,3.0443e-01,15973
6136,3.0413e-01,15973
6137,3.0382e-01,15973
6138,3.0352e-01,15973
6139,3.0322e-01,15973
6140,3.0291e-01,15973
6141,3.0261e-01,15973
6142,3.0231e-01,15973
6143,3.0200e-01,15973
6144,3.0170e-01,15973
6145,3.0140e-01,15973
6146,3.0110e-01,15973
6147,3.0080e-01,15973
6148,3.0050e-01,15973
6149,3.0020e-01,15973
6150,2.9990e-01,15973
6151,2.9960e-01,15973
6152,2.9930e-01,15973
6153,2.9900e-01,15973
6154,2.9870e-01,15973
6155,2.9840e-01,15973
6156,2.9810e-01,15973
6157,2.9780e-01,15973
6158,2.9751e-01,15973
6159,2.9721e-01,15973
6160,2.9691e-01,15973
6161,2.9661e-01,15973
6162,2.9632e-01,15973
6163,2.9602e-01,15973
6164,2.9573e-01,15973
6165,2.9543e-01,15973
6166,2.9513e-01,15973
6167,2.9484e-01,15973
6168,2.9454e-01,15973
6169,2.9425e-01,15973
6170,2.9396e-01,15973
6171,2.9366e-01,15973
6172,2.9337e-01,15973
6173,2.9307e-01,15973
6174,2.9278e-01,15973
6175,2.9249e-01,15973
6176,2.9220e-01,15973
6177,2.9190e-01,15973
6178,2.9161e-01,15973
6179,2.9132e-01,15973
6180,2.9103e-01,15973
6181,2.9074e-01,15973
6182,2.9045e-01,15973
6183,2.9016e-01,15973
6184,2.8987e-01,15973
6185,2.8958e-01,15973
6186,2.8929e-01,15973
6187,2.8900e-01,15973
6188,2.8871e-01,15973
6189,2.8842e-01,15973
6190,2.8813e-01,15973
6191,2.8784e-01,15973
6192,2.8756e-01,15973
6193,2.8727e-01,15973
6194,2.8698e-01,15973
6195,2.8669e-01,15973
6196,2.8641e-01,15973
6197,2.8612e-01,15973
6198,2.8583e-01,15974
6199,2.8555e-01,15974
6200,2.8526e-01,15973
6201,2.8498e-01,15973
6202,2.8469e-01,15973
6203,2.8441e-01,15973
6204,2.8412e-01,15973
6205,2.8384e-01,15973
6206,2.8356e-01,15973
6207,2.8327e-01,15973
6208,2.8299e-01,15973
6209,2.8271e-01,15973
6210,2.8242e-01,15973
6211,2.8214e-01,15973
6212,2.8186e-01,15973
6213,2.8158e-01,15973
6214,2.8130e-01,15973
6215,2.8101e-01,15973
6216,2.8073e-01,15973
6217,2.8045e-01,15973
6218,2.8017e-01,15973
6219,2.7989e-01,15973
6220,2.7961e-01,15973
6221,2.7933e-01,15973
6222,2.7905e-01,15973
6223,2.7877e-01,15973
6224,2.7850e-01,15973
6225,2.7822e-01,15973
6226,2.7794e-01,15973
6227,2.7766e-01,15973
6228,2.7738e-01,15973
6229,2.7711e-01,15973
6230,2.7683e-01,15973
6231,2.7655e-01,15973
6232,2.7628e-01,15973
6233,2.7600e-01,15973
6234,2.7572e-01,15973
6235,2.7545e-01,15973
6236,2.7517e-01,15973
6237,2.7490e-01,15973
6238,2.7462e-01,15973
6239,2.7435e-01,15973
6240,2.7407e-01,15973
6241,2.7380e-01,15973
6242,2.7352e-01,15973
6243,2.7325e-01,15973
6244,2.7298e-01,15973
6245,2.7270e-01,15973
6246,2.7243e-01,15973
6247,2.7216e-01,15973
6248,2.7189e-01,15973
6249,2.7162e-01,15973
6250,2.7134e-01,15973
6251,2.7107e-01,15973
6252,2.7080e-01,15973
6253,2.7053e-01,15973
6254,2.7026e-01,15973
6255,2.6999e-01,15973
6256,2.6972e-01,15973
6257,2.6945e-01,15973
6258,2.6918e-01,15973
6259,2.6891e-01,15973
6260,2.6864e-01,15973
6261,2.6837e-01,15973
6262,2.6811e-01,15973
6263,2.6784e-01,15973
6264,2.6757e-01,15973
6265,2.6730e-01,15973
6266,2.6704e-01,15973
6267,2.6677e-01,15973
6268,2.6650e-01,15973
6269,2.6623e-01,15973
6270,2.6597e-01,15973
6271,2.6570e-01,15973
6272,2.6544e-01,15973
6273,2.6517e-01,15973
6274,2.6491e-01,15973
6275,2.6464e-01,15973
6276,2.6438e-01,15973
6277,2.6411e-01,15973
6278,2.6385e-01,15973
6279,2.6358e-01,15973
6280,2.6332e-01,15973
6281,2.6306e-01,15973
6282,2.6279e-01,15973
6283,2.6253e-01,15973
6284,2.6227e-01,15973
6285,2.6201e-01,15973
6286,2.6174e-01,15973
6287,2.6148e-01,15973
6288,2.6122e-01,15973
6289,2.6096e-01,15973
6290,2.6070e-01,15973
6291,2.6044e-01,15973
6292,2.6018e-01,15973
6293,2.5992e-01,15973
6294,2.5966e-01,15973
6295,2.5940e-01,15973
6296,2.5914e-01,15973
6297,2.5888e-01,15973
6298,2.5862e-01,15973
6299,2.5836e-01,15973
6300,2.5810e-01,15973
6301,2.5785e-01,15973
6302,2.5759e-01,15973
6303,2.5733e-01,15973
6304,2.5707e-01,15973
6305,2.5682e-01,15973
6306,2.5656e-01,15973
6307,2.5630e-01,15973
6308,2.5605e-01,15973
6309,2.5579e-01,15973
6310,2.5553e-01,15973
6311,2.5528e-01,15973
6312,2.5502e-01,15973
6313,2.5477e-01,15973
6314,2.5451e-01,15973
6315,2.5426e-01,15973
6316,2.5401e-01,15973
6317,2.5375e-01,15973
6318,2.5350e-01,15973
6319,2.5324e-01,15973
6320,2.5299e-01,15973
6321,2.5274e-01,15973
6322,2.5249e-01,15973
6323,2.5223e-01,15973
6324,2.5198e-01,15973
6325,2.5173e-01,15973
6326,2.5148e-01,15973
6327,2.5123e-01,15973
6328,2.5097e-01,15973
6329,2.5072e-01,15973
6330,2.5047e-01,15973
6331,2.5022e-01,15973
6332,2.4997e-01,15973
6333,2.4972e-01,15973
6334,2.4947e-01,15973
6335,2.4922e-01,15973
6336,2.4897e-01,15973
6337,2.4872e-01,15973
6338,2.4848e-01,15973
6339,2.4823e-01,15973
6340,2.4798e-01,15973
6341,2.4773e-01,15973
6342,2.4748e-01,15973
6343,2.4724e-01,15973
6344,2.4699e-01,15973
6345,2.4674e-01,15973
6346,2.4649e-01,15973
6347,2.4625e-01,15973
6348,2.4600e-01,15973
6349,2.4576e-01,15973
6350,2.4551e-01,15973
6351,2.4526e-01,15973
6352,2.4502e-01,15973
6353,2.4477e-01,15973
6354,2.4453e-01,15973
6355,2.4428e-01,15973
6356,2.4404e-01,15973
6357,2.4380e-01,15973
6358,2.4355e-01,15973
6359,2.4331e-01,15973
6360,2.4307e-01,15973
6361,2.4282e-01,15973
6362,2.4258e-01,15973
6363,2.4234e-01,15973
6364,2.4210e-01,15973
6365,2.4185e-01,15973
6366,2.4161e-01,15973
6367,2.4137e-01,15973
6368,2.4113e-01,15973
6369,2.4089e-01,15973
6370,2.4065e-01,15973
6371,2.4041e-01,15973
6372,2.4017e-01,15973
6373,2.3993e-01,15973
6374,2.3969e-01,15973
6375,2.3945e-01,15973
6376,2.3921e-01,15973
6377,2.3897e-01,15973
6378,2.3873e-01,15973
6379,2.3849e-01,15973
6380,2.3825e-01,15973
6381,2.3801e-01,15973
6382,2.3777e-01,15973
6383,2.3754e-01,15973
6384,2.3730e-01,15973
6385,2.3706e-01,15973
6386,2.3682e-01,15973
6387,2.3659e-01,15973
6388,2.3635e-01,15973
6389,2.3611e-01,15973
6390,2.3588e-01,15973
6391,2.3564e-01,15973
6392,2.3541e-01,15973
6393,2.3517e-01,15973
6394,2.3494e-01,15973
6395,2.3470e-01,15973
6396,2.3447e-01,15973
6397,2.3423e-01,15973
6398,2.3400e-01,15973
6399,2.3376e-01,15973
6400,2.3353e-01,15973
6401,2.3330e-01,15973
6402,2.3306e-01,15973
6403,2.3283e-01,15973
6404,2.3260e-01,15973
6405,2.3237e-01,15973
6406,2.3213e-01,15973
6407,2.3190e-01,15973
6408,2.3167e-01,15973
6409,2.3144e-01,15973
6410,2.3121e-01,15973
6411,2.3097e-01,15973
6412,2.3074e-01,15973
6413,2.3051e-01,15973
6414,2.3028e-01,15973
6415,2.3005e-01,15973
6416,2.2982e-01,15973
6417,2.2959e-01,15973
6418,2.2936e-01,15973
6419,2.2913e-01,15973
6420,2.2890e-01,15973
6421,2.2868e-01,15973
6422,2.2845e-01,15973
6423,2.2822e-01,15973
6424,2.2799e-01,15973
6425,2.2776e-01,15973
6426,2.2753e-01,15973
6427,2.2731e-01,15973
6428,2.2708e-01,15973
6429,2.2685e-01,15973
6430,2.2663e-01,15973
6431,2.2640e-01,15973
6432,2.2617e-01,15973
6433,2.2595e-01,15973
6434,2.2572e-01,15973
6435,2.2549e-01,15973
6436,2.2527e-01,15973
6437,2.2504e-01,15973
6438,2.2482e-01,15973
6439,2.2459e-01,15973
6440,2.2437e-01,15973
6441,2.2414e-01,15973
6442,2.2392e-01,15973
6443,2.2370e-01,15973
6444,2.2347e-01,15973
6445,2.2325e-01,15973
6446,2.2303e-01,15973
6447,2.2280e-01,15973
6448,2.2258e-01,15973
6449,2.2236e-01,15973
6450,2.2214e-01,15973
6451,2.2191e-01,15973
6452,2.2169e-01,15973
6453,2.2147e-01,15973
6454,2.2125e-01,15973
6455,2.2103e-01,15973
6456,2.2081e-01,15973
6457,2.2059e-01,15973
6458,2.2036e-01,15973
6459,2.2014e-01,15973
6460,2.1992e-01,15973
6461,2.1970e-01,15973
6462,2.1948e-01,15973
6463,2.1927e-01,15973
6464,2.1905e-01,15973
6465,2.1883e-01,15973
6466,2.1861e-01,15973
6467,2.1839e-01,15973
6468,2.1817e-01,15973
6469,2.1795e-01,15973
6470,2.1773e-01,15973
6471,2.1752e-01,15973
6472,2.1730e-01,15973
6473,2.1708e-01,15973
6474,2.1687e-01,15973
6475,2.1665e-01,15973
6476,2.1643e-01,15973
6477,2.1622e-01,15973
6478,2.1600e-01,15973
6479,2.1578e-01,15973
6480,2.1557e-01,15973
6481,2.1535e-01,15973
6482,2.1514e-01,15973
6483,2.1492e-01,15973
6484,2.1471e-01,15973
6485,2.1449e-01,15973
6486,2.1428e-01,15973
6487,2.1406e-01,15973
6488,2.1385e-01,15973
6489,2.1363e-01,15973
6490,2.1342e-01,15973
6491,2.1321e-01,15973
6492,2.1299e-01,15973
6493,2.1278e-01,15973
6494,2.1257e-01,15973
6495,2.1236e-01,15973
6496,2.1214e-01,15973
6497,2.1193e-01,15973
6498,2.1172e-01,15973
6499,2.1151e-01,15973
6500,2.1130e-01,15973
6501,2.1109e-01,15973
6502,2.1087e-01,15973
6503,2.1066e-01,15973
6504,2.1045e-01,15973
6505,2.1024e-01,15973
6506,2.1003e-01,15973
6507,2.0982e-01,15973
6508,2.0961e-01,15973
6509,2.0940e-01,15973
6510,2.0919e-01,15973
6511,2.0898e-01,15973
6512,2.0877e-01,15973
6513,2.0857e-01,15973
6514,2.0836e-01,15973
6515,2.0815e-01,15973
6516,2.0794e-01,15973
6517,2.0773e-01,15973
6518,2.0753e-01,15973
6519,2.0732e-01,15973
6520,2.0711e-01,15973
6521,2.0690e-01,15973
6522,2.0670e-01,15973
6523,2.0649e-01,15973
6524,2.0628e-01,15973
6525,2.0608e-01,15973
6526,2.0587e-01,15973
6527,2.0567e-01,15973
6528,2.0546e-01,15973
6529,2.0525e-01,15973
6530,2.0505e-01,15973
6531,2.0484e-01,15973
6532,2.0464e-01,15973
6533,2.0443e-01,15973
6534,2.0423e-01,15973
6535,2.0403e-01,15973
6536,2.0382e-01,15973
6537,2.0362e-01,15973
6538,2.0341e-01,15973
6539,2.0321e-01,15973
6540,2.0301e-01,15973
6541,2.0280e-01,15973
6542,2.0260e-01,15973
6543,2.0240e-01,15973
6544,2.0220e-01,15973
6545,2.0199e-01,15973
6546,2.0179e-01,15973
6547,2.0159e-01,15973
6548,2.0139e-01,15973
6549,2.0119e-01,15973
6550,2.0099e-01,15973
6551,2.0079e-01,15973
6552,2.0058e-01,15973
6553,2.0038e-01,15973
6554,2.0018e-01,15973
6555,1.9998e-01,15973
6556,1.9978e-01,15973
6557,1.9958e-01,15973
6558,1.9938e-01,15973
6559,1.9918e-01,15973
6560,1.9899e-01,15973
6561,1.9879e-01,15973
6562,1.9859e-01,15973
6563,1.9839e-01,15973
6564,1.9819e-01,15973
6565,1.9799e-01,15973
6566,1.9779e-01,15973
6567,1.9760e-01,15973
6568,1.9740e-01,15973
6569,1.9720e-01,15973
6570,1.9700e-01,15973
6571,1.9681e-01,15973
6572,1.9661e-01,15973
6573,1.9641e-01,15973
6574,1.9622e-01,15973
6575,1.9602e-01,15973
6576,1.9583e-01,15973
6577,1.9563e-01,15973
6578,1.9543e-01,15973
6579,1.9524e-01,15973
6580,1.9504e-01,15973
6581,1.9485e-01,15973
6582,1.9465e-01,15973
6583,1.9446e-01,15973
6584,1.9426e-01,15973
6585,1.9407e-01,15973
6586,1.9388e-01,15973
6587,1.9368e-01,15973
6588,1.9349e-01,15973
6589,1.9330e-01,15973
6590,1.9310e-01,15973
6591,1.9291e-01,15973
6592,1.9272e-01,15973
6593,1.9252e-01,15973
6594,1.9233e-01,15973
6595,1.9214e-01,15973
6596,1.9195e-01,15973
6597,1.9175e-01,15973
6598,1.9156e-01,15973
6599,1.9137e-01,15973
6600,1.9118e-01,15973
6601,1.9099e-01,15973
6602,1.9080e-01,15973
6603,1.9061e-01,15973
6604,1.9042e-01,15973
6605,1.9023e-01,15973
6606,1.9004e-01,15973
6607,1.8985e-01,15973
6608,1.8966e-01,15973
6609,1.8947e-01,15973
6610,1.8928e-01,15973
6611,1.8909e-01,15973
6612,1.8890e-01,15973
6613,1.8871e-01,15973
6614,1.8852e-01,15973
6615,1.8833e-01,15973
6616,1.8814e-01,15973
6617,1.8796e-01,15973
6618,1.8777e-01,15973
6619,1.8758e-01,15973
6620,1.8739e-01,15973
6621,1.8720e-01,15973
6622,1.8702e-01,15973
6623,1.8683e-01,15973
6624,1.8664e-01,15973
6625,1.8646e-01,15973
6626,1.8627e-01,15973
6627,1.8608e-01,15973
6628,1.8590e-01,15973
6629,1.8571e-01,15973
6630,1.8553e-01,15973
6631,1.8534e-01,15973
6632,1.8516e-01,15973
6633,1.8497e-01,15973
6634,1.8479e-01,15973
6635,1.8460e-01,15973
6636,1.8442e-01,15973
6637,1.8423e-01,15973
6638,1.8405e-01,15973
6639,1.8386e-01,15973
6640,1.8368e-01,15973
6641,1.8350e-01,15973
6642,1.8331e-01,15973
6643,1.8313e-01,15973
6644,1.8295e-01,15973
6645,1.8276e-01,15973
6646,1.8258e-01,15973
6647,1.8240e-01,15973
6648,1.8222e-01,15973
6649,1.8203e-01,15973
6650,1.8185e-01,15973
6651,1.8167e-01,15973
6652,1.8149e-01,15973
6653,1.8131e-01,15973
6654,1.8112e-01,15973
6655,1.8094e-01,15973
6656,1.8076e-01,15973
6657,1.8058e-01,15973
6658,1.8040e-01,15973
6659,1.8022e-01,15973
6660,1.8004e-01,15973
6661,1.7986e-01,15973
6662,1.7968e-01,15973
6663,1.7950e-01,15973
6664,1.7932e-01,15973
6665,1.7914e-01,15973
6666,1.7896e-01,15973
6667,1.7878e-01,15973
6668,1.7861e-01,15973
6669,1.7843e-01,15973
6670,1.7825e-01,15973
6671,1.7807e-01,15973
6672,1.7789e-01,15973
6673,1.7771e-01,15973
6674,1.7754e-01,15973
6675,1.7736e-01,15973
6676,1.7718e-01,15973
6677,1.7700e-01,15973
6678,1.7683e-01,15973
6679,1.7665e-01,15973
6680,1.7647e-01,15973
6681,1.7630e-01,15973
6682,1.7612e-01,15973
6683,1.7594e-01,15973
6684,1.7577e-01,15973
6685,1.7559e-01,15973
6686,1.7542e-01,15973
6687,1.7524e-01,15973
6688,1.7507e-01,15973
6689,1.7489e-01,15973
6690,1.7472e-01,15973
6691,1.7454e-01,15974
6692,1.7437e-01,15974
6693,1.7419e-01,15974
6694,1.7402e-01,15973
6695,1.7385e-01,15973
6696,1.7367e-01,15973
6697,1.7350e-01,15973
6698,1.7332e-01,15973
6699,1.7315e-01,15973
6700,1.7298e-01,15973
6701,1.7280e-01,15973
6702,1.7263e-01,15973
6703,1.7246e-01,15973
6704,1.7229e-01,15973
6705,1.7211e-01,15973
6706,1.7194e-01,15973
6707,1.7177e-01,15973
6708,1.7160e-01,15973
6709,1.7143e-01,15973
6710,1.7126e-01,15973
6711,1.7108e-01,15973
6712,1.7091e-01,15973
6713,1.7074e-01,15973
6714,1.7057e-01,15973
6715,1.7040e-01,15973
6716,1.7023e-01,15973
6717,1.7006e-01,15973
6718,1.6989e-01,15973
6719,1.6972e-01,15973
6720,1.6955e-01,15973
6721,1.6938e-01,15973
6722,1.6921e-01,15973
6723,1.6904e-01,15973
6724,1.6887e-01,15973
6725,1.6870e-01,15973
6726,1.6854e-01,15973
6727,1.6837e-01,15973
6728,1.6820e-01,15973
6729,1.6803e-01,15973
6730,1.6786e-01,15973
6731,1.6770e-01,15973
6732,1.6753e-01,15973
6733,1.6736e-01,15973
6734,1.6719e-01,15973
6735,1.6703e-01,15973
6736,1.6686e-01,15973
6737,1.6669e-01,15973
6738,1.6652e-01,15973
6739,1.6636e-01,15973
6740,1.6619e-01,15973
6741,1.6603e-01,15973
6742,1.6586e-01,15973
6743,1.6569e-01,15973
6744,1.6553e-01,15973
6745,1.6536e-01,15973
6746,1.6520e-01,15973
6747,1.6503e-01,15973
6748,1.6487e-01,15973
6749,1.6470e-01,15973
6750,1.6454e-01,15973
6751,1.6437e-01,15973
6752,1.6421e-01,15973
6753,1.6404e-01,15973
6754,1.6388e-01,15973
6755,1.6372e-01,15973
6756,1.6355e-01,15973
6757,1.6339e-01,15973
6758,1.6323e-01,15973
6759,1.6306e-01,15973
6760,1.6290e-01,15973
6761,1.6274e-01,15973
6762,1.6257e-01,15973
6763,1.6241e-01,15973
6764,1.6225e-01,15973
6765,1.6209e-01,15973
6766,1.6192e-01,15973
6767,1.6176e-01,15973
6768,1.6160e-01,15973
6769,1.6144e-01,15973
6770,1.6128e-01,15973
6771,1.6112e-01,15973
6772,1.6096e-01,15973
6773,1.6079e-01,15973
6774,1.6063e-01,15973
6775,1.6047e-01,15973
6776,1.6031e-01,15973
6777,1.6015e-01,15973
6778,1.5999e-01,15973
6779,1.5983e-01,15973
6780,1.5967e-01,15973
6781,1.5951e-01,15973
6782,1.5935e-01,15973
6783,1.5919e-01,15973
6784,1.5903e-01,15973
6785,1.5888e-01,15973
6786,1.5872e-01,15973
6787,1.5856e-01,15973
6788,1.5840e-01,15973
6789,1.5824e-01,15973
6790,1.5808e-01,15973
6791,1.5792e-01,15973
6792,1.5777e-01,15973
6793,1.5761e-01,15973
6794,1.5745e-01,15973
6795,1.5729e-01,15973
6796,1.5714e-01,15973
6797,1.5698e-01,15973
6798,1.5682e-01,15973
6799,1.5667e-01,15973
6800,1.5651e-01,15973
6801,1.5635e-01,15973
6802,1.5620e-01,15973
6803,1.5604e-01,15973
6804,1.5588e-01,15973
6805,1.5573e-01,15973
6806,1.5557e-01,15973
6807,1.5542e-01,15973
6808,1.5526e-01,15973
6809,1.5511e-01,15973
6810,1.5495e-01,15973
6811,1.5480e-01,15973
6812,1.5464e-01,15973
6813,1.5449e-01,15973
6814,1.5433e-01,15973
6815,1.5418e-01,15973
6816,1.5402e-01,15973
6817,1.5387e-01,15973
6818,1.5372e-01,15973
6819,1.5356e-01,15973
6820,1.5341e-01,15973
6821,1.5325e-01,15973
6822,1.5310e-01,15973
6823,1.5295e-01,15973
6824,1.5280e-01,15973
6825,1.5264e-01,15973
6826,1.5249e-01,15973
6827,1.5234e-01,15973
6828,1.5219e-01,15973
6829,1.5203e-01,15973
6830,1.5188e-01,15973
6831,1.5173e-01,15973
6832,1.5158e-01,15973
6833,1.5143e-01,15973
6834,1.5127e-01,15973
6835,1.5112e-01,15973
6836,1.5097e-01,15973
6837,1.5082e-01,15973
6838,1.5067e-01,15973
6839,1.5052e-01,15973
6840,1.5037e-01,15973
6841,1.5022e-01,15973
6842,1.5007e-01,15973
6843,1.4992e-01,15973
6844,1.4977e-01,15973
6845,1.4962e-01,15973
6846,1.4947e-01,15973
6847,1.4932e-01,15973
6848,1.4917e-01,15973
6849,1.4902e-01,15973
6850,1.4887e-01,15973
6851,1.4872e-01,15973
6852,1.4857e-01,15973
6853,1.4843e-01,15973
6854,1.4828e-01,15973
6855,1.4813e-01,15973
6856,1.4798e-01,15973
6857,1.4783e-01,15973
6858,1.4769e-01,15973
6859,1.4754e-01,15973
6860,1.4739e-01,15973
6861,1.4724e-01,15973
6862,1.4710e-01,15973
6863,1.4695e-01,15973
6864,1.4680e-01,15973
6865,1.4665e-01,15973
6866,1.4651e-01,15973
6867,1.4636e-01,15973
6868,1.4622e-01,15973
6869,1.4607e-01,15973
6870,1.4592e-01,15973
6871,1.4578e-01,15973
6872,1.4563e-01,15973
6873,1.4549e-01,15973
6874,1.4534e-01,15973
6875,1.4519e-01,15973
6876,1.4505e-01,15973
6877,1.4490e-01,15973
6878,1.4476e-01,15973
6879,1.4461e-01,15973
6880,1.4447e-01,15973
6881,1.4433e-01,15973
6882,1.4418e-01,15973
6883,1.4404e-01,15973
6884,1.4389e-01,15973
6885,1.4375e-01,15973
6886,1.4361e-01,15973
6887,1.4346e-01,15973
6888,1.4332e-01,15973
6889,1.4318e-01,15973
6890,1.4303e-01,15973
6891,1.4289e-01,15973
6892,1.4275e-01,15973
6893,1.4260e-01,15973
6894,1.4246e-01,15973
6895,1.4232e-01,15973
6896,1.4218e-01,15973
6897,1.4203e-01,15973
6898,1.4189e-01,15973
6899,1.4175e-01,15973
6900,1.4161e-01,15973
6901,1.4147e-01,15973
6902,1.4132e-01,15973
6903,1.4118e-01,15973
6904,1.4104e-01,15973
6905,1.4090e-01,15973
6906,1.4076e-01,15973
6907,1.4062e-01,15973
6908,1.4048e-01,15973
6909,1.4034e-01,15973
6910,1.4020e-01,15973
6911,1.4006e-01,15973
6912,1.3992e-01,15973
6913,1.3978e-01,15973
6914,1.3964e-01,15973
6915,1.3950e-01,15973
6916,1.3936e-01,15973
6917,1.3922e-01,15973
6918,1.3908e-01,15973
6919,1.3894e-01,15973
6920,1.3880e-01,15973
6921,1.3866e-01,15973
6922,1.3853e-01,15973
6923,1.3839e-01,15973
6924,1.3825e-01,15973
6925,1.3811e-01,15973
6926,1.3797e-01,15973
6927,1.3783e-01,15973
6928,1.3770e-01,15973
6929,1.3756e-01,15973
6930,1.3742e-01,15973
6931,1.3728e-01,15973
6932,1.3715e-01,15973
6933,1.3701e-01,15973
6934,1.3687e-01,15973
6935,1.3674e-01,15973
6936,1.3660e-01,15973
6937,1.3646e-01,15973
6938,1.3633e-01,15973
6939,1.3619e-01,15973
6940,1.3605e-01,15973
6941,1.3592e-01,15973
6942,1.3578e-01,15973
6943,1.3565e-01,15973
6944,1.3551e-01,15973
6945,1.3537e-01,15973
6946,1.3524e-01,15973
6947,1.3510e-01,15973
6948,1.3497e-01,15973
6949,1.3483e-01,15973
6950,1.3470e-01,15973
6951,1.3456e-01,15973
6952,1.3443e-01,15973
6953,1.3429e-01,15973
6954,1.3416e-01,15973
6955,1.3403e-01,15973
6956,1.3389e-01,15973
6957,1.3376e-01,15973
6958,1.3362e-01,15973
6959,1.3349e-01,15973
6960,1.3336e-01,15973
6961,1.3322e-01,15973
6962,1.3309e-01,15973
6963,1.3296e-01,15973
6964,1.3282e-01,15973
6965,1.3269e-01,15973
6966,1.3256e-01,15973
6967,1.3243e-01,15973
6968,1.3229e-01,15973
6969,1.3216e-01,15973
6970,1.3203e-01,15973
6971,1.3190e-01,15973
6972,1.3177e-01,15973
6973,1.3163e-01,15973
6974,1.3150e-01,15973
6975,1.3137e-01,15973
6976,1.3124e-01,15973
6977,1.3111e-01,15973
6978,1.3098e-01,15973
6979,1.3085e-01,15973
6980,1.3072e-01,15973
6981,1.3058e-01,15973
6982,1.3045e-01,15973
6983,1.3032e-01,15973
6984,1.3019e-01,15973
6985,1.3006e-01,15973
6986,1.2993e-01,15973
6987,1.2980e-01,15973
6988,1.2967e-01,15973
6989,1.2954e-01,15973
6990,1.2941e-01,15973
6991,1.2928e-01,15973
6992,1.2916e-01,15973
6993,1.2903e-01,15973
6994,1.2890e-01,15973
6995,1.2877e-01,15973
6996,1.2864e-01,15973
6997,1.2851e-01,15973
6998,1.2838e-01,15973
6999,1.2825e-01,15973
7000,1.2813e-01,15973
7001,1.2800e-01,15973
7002,1.2787e-01,15973
7003,1.2774e-01,15973
7004,1.2761e-01,15973
7005,1.2749e-01,15973
7006,1.2736e-01,15973
7007,1.2723e-01,15973
7008,1.2710e-01,15973
7009,1.2698e-01,15973
7010,1.2685e-01,15973
7011,1.2672e-01,15973
7012,1.2660e-01,15973
7013,1.2647e-01,15973
7014,1.2634e-01,15973
7015,1.2622e-01,15973
7016,1.2609e-01,15973
7017,1.2597e-01,15973
7018,1.2584e-01,15973
7019,1.2571e-01,15973
7020,1.2559e-01,15973
7021,1.2546e-01,15973
7022,1.2534e-01,15973
7023,1.2521e-01,15973
7024,1.2509e-01,15973
7025,1.2496e-01,15973
7026,1.2484e-01,15973
7027,1.2471e-01,15973
7028,1.2459e-01,15973
7029,1.2446e-01,15973
7030,1.2434e-01,15973
7031,1.2421e-01,15973
7032,1.2409e-01,15973
7033,1.2396e-01,15973
7034,1.2384e-01,15973
7035,1.2372e-01,15973
7036,1.2359e-01,15973
7037,1.2347e-01,15973
7038,1.2335e-01,15973
7039,1.2322e-01,15973
7040,1.2310e-01,15973
7041,1.2298e-01,15973
7042,1.2285e-01,15973
7043,1.2273e-01,15973
7044,1.2261e-01,15973
7045,1.2249e-01,15973
7046,1.2236e-01,15973
7047,1.2224e-01,15973
7048,1.2212e-01,15973
7049,1.2200e-01,15973
7050,1.2187e-01,15973
7051,1.2175e-01,15973
7052,1.2163e-01,15973
7053,1.2151e-01,15973
7054,1.2139e-01,15973
7055,1.2127e-01,15973
7056,1.2114e-01,15973
7057,1.2102e-01,15973
7058,1.2090e-01,15973
7059,1.2078e-01,15973
7060,1.2066e-01,15973
7061,1.2054e-01,15973
7062,1.2042e-01,15973
7063,1.2030e-01,15973
7064,1.2018e-01,15973
7065,1.2006e-01,15973
7066,1.1994e-01,15973
7067,1.1982e-01,15973
7068,1.1970e-01,15973
7069,1.1958e-01,15973
7070,1.1946e-01,15973
7071,1.1934e-01,15973
7072,1.1922e-01,15973
7073,1.1910e-01,15973
7074,1.1898e-01,15973
7075,1.1886e-01,15973
7076,1.1874e-01,15973
7077,1.1863e-01,15973
7078,1.1851e-01,15973
7079,1.1839e-01,15973
7080,1.1827e-01,15973
7081,1.1815e-01,15973
7082,1.1803e-01,15973
7083,1.1792e-01,15973
7084,1.1780e-01,15973
7085,1.1768e-01,15973
7086,1.1756e-01,15973
7087,1.1744e-01,15973
7088,1.1733e-01,15973
7089,1.1721e-01,15973
7090,1.1709e-01,15973
7091,1.1698e-01,15973
7092,1.1686e-01,15973
7093,1.1674e-01,15973
7094,1.1663e-01,15973
7095,1.1651e-01,15973
7096,1.1639e-01,15973
7097,1.1628e-01,15973
7098,1.1616e-01,15973
7099,1.1604e-01,15973
7100,1.1593e-01,15973
7101,1.1581e-01,15973
7102,1.1570e-01,15973
7103,1.1558e-01,15973
7104,1.1546e-01,15973
7105,1.1535e-01,15973
7106,1.1523e-01,15973
7107,1.1512e-01,15973
7108,1.1500e-01,15973
7109,1.1489e-01,15973
7110,1.1477e-01,15973
7111,1.1466e-01,15973
7112,1.1454e-01,15973
7113,1.1443e-01,15973
7114,1.1431e-01,15973
7115,1.1420e-01,15973
7116,1.1409e-01,15973
7117,1.1397e-01,15973
7118,1.1386e-01,15973
7119,1.1374e-01,15973
7120,1.1363e-01,15973
7121,1.1352e-01,15973
7122,1.1340e-01,15973
7123,1.1329e-01,15973
7124,1.1318e-01,15973
7125,1.1306e-01,15973
7126,1.1295e-01,15973
7127,1.1284e-01,15973
7128,1.1272e-01,15973
7129,1.1261e-01,15973
7130,1.1250e-01,15973
7131,1.1239e-01,15973
7132,1.1227e-01,15973
7133,1.1216e-01,15973
7134,1.1205e-01,15973
7135,1.1194e-01,15973
7136,1.1183e-01,15973
7137,1.1171e-01,15973
7138,1.1160e-01,15973
7139,1.1149e-01,15973
7140,1.1138e-01,15973
7141,1.1127e-01,15973
7142,1.1116e-01,15973
7143,1.1105e-01,15973
7144,1.1093e-01,15973
7145,1.1082e-01,15973
7146,1.1071e-01,15973
7147,1.1060e-01,15973
7148,1.1049e-01,15973
7149,1.1038e-01,15973
7150,1.1027e-01,15973
7151,1.1016e-01,15973
7152,1.1005e-01,15973
7153,1.0994e-01,15973
7154,1.0983e-01,15973
7155,1.0972e-01,15973
7156,1.0961e-01,15973
7157,1.0950e-01,15973
7158,1.0939e-01,15973
7159,1.0928e-01,15973
7160,1.0917e-01,15973
7161,1.0906e-01,15973
7162,1.0895e-01,15973
7163,1.0885e-01,15973
7164,1.0874e-01,15973
7165,1.0863e-01,15973
7166,1.0852e-01,15973
7167,1.0841e-01,15973
7168,1.0830e-01,15973
7169,1.0819e-01,15973
7170,1.0809e-01,15973
7171,1.0798e-01,15973
7172,1.0787e-01,15973
7173,1.0776e-01,15973
7174,1.0765e-01,15973
7175,1.0755e-01,15973
7176,1.0744e-01,15973
7177,1.0733e-01,15973
7178,1.0722e-01,15973
7179,1.0712e-01,15973
7180,1.0701e-01,15973
7181,1.0690e-01,15973
7182,1.0680e-01,15973
7183,1.0669e-01,15973
7184,1.0658e-01,15973
7185,1.0648e-01,15973
7186,1.0637e-01,15973
7187,1.0626e-01,15973
7188,1.0616e-01,15973
7189,1.0605e-01,15973
7190,1.0594e-01,15973
7191,1.0584e-01,15973
7192,1.0573e-01,15973
7193,1.0563e-01,15973
7194,1.0552e-01,15973
7195,1.0542e-01,15973
7196,1.0531e-01,15973
7197,1.0521e-01,15973
7198,1.0510e-01,15973
7199,1.0500e-01,15973
7200,1.0489e-01,15973
7201,1.0479e-01,15973
7202,1.0468e-01,15973
7203,1.0458e-01,15973
7204,1.0447e-01,15973
7205,1.0437e-01,15973
7206,1.0426e-01,15973
7207,1.0416e-01,15973
7208,1.0405e-01,15973
7209,1.0395e-01,15973
7210,1.0385e-01,15973
7211,1.0374e-01,15973
7212,1.0364e-01,15973
7213,1.0353e-01,15973
7214,1.0343e-01,15973
7215,1.0333e-01,15973
7216,1.0322e-01,15973
7217,1.0312e-01,15973
7218,1.0302e-01,15973
7219,1.0291e-01,15973
7220,1.0281e-01,15973
7221,1.0271e-01,15973
7222,1.0261e-01,15973
7223,1.0250e-01,15973
7224,1.0240e-01,15973
7225,1.0230e-01,15973
7226,1.0220e-01,15973
7227,1.0209e-01,15973
7228,1.0199e-01,15973
7229,1.0189e-01,15973
7230,1.0179e-01,15973
7231,1.0169e-01,15973
7232,1.0159e-01,15973
7233,1.0148e-01,15973
7234,1.0138e-01,15973
7235,1.0128e-01,15973
7236,1.0118e-01,15973
7237,1.0108e-01,15973
7238,1.0098e-01,15973
7239,1.0088e-01,15973
7240,1.0078e-01,15973
7241,1.0067e-01,15973
7242,1.0057e-01,15973
7243,1.0047e-01,15973
7244,1.0037e-01,15973
7245,1.0027e-01,15973
7246,1.0017e-01,15973
7247,1.0007e-01,15973
7248,9.9972e-02,15973
7249,9.9872e-02,15973
7250,9.9772e-02,15973
7251,9.9672e-02,15973
7252,9.9573e-02,15973
7253,9.9473e-02,15973
7254,9.9374e-02,15973
7255,9.9274e-02,15973
7256,9.9175e-02,15973
7257,9.9076e-02,15973
7258,9.8977e-02,15973
7259,9.8878e-02,15973
7260,9.8779e-02,15973
7261,9.8680e-02,15973
7262,9.8581e-02,15973
7263,9.8483e-02,15973
7264,9.8384e-02,15973
7265,9.8286e-02,15973
7266,9.8188e-02,15973
7267,9.8089e-02,15973
7268,9.7991e-02,15973
7269,9.7893e-02,15973
7270,9.7795e-02,15973
7271,9.7698e-02,15973
7272,9.7600e-02,15973
7273,9.7502e-02,15973
7274,9.7405e-02,15973
7275,9.7307e-02,15973
7276,9.7210e-02,15973
7277,9.7113e-02,15973
7278,9.7016e-02,15973
7279,9.6919e-02,15973
7280,9.6822e-02,15973
7281,9.6725e-02,15973
7282,9.6628e-02,15973
7283,9.6532e-02,15973
7284,9.6435e-02,15973
7285,9.6339e-02,15973
7286,9.6242e-02,15973
7287,9.6146e-02,15973
7288,9.6050e-02,15973
7289,9.5954e-02,15973
7290,9.5858e-02,15973
7291,9.5762e-02,15973
7292,9.5666e-02,15973
7293,9.5571e-02,15973
7294,9.5475e-02,15973
7295,9.5380e-02,15973
7296,9.5284e-02,15973
7297,9.5189e-02,15973
7298,9.5094e-02,15973
7299,9.4999e-02,15973
7300,9.4904e-02,15973
7301,9.4809e-02,15973
7302,9.4714e-02,15973
7303,9.4619e-02,15973
7304,9.4525e-02,15973
7305,9.4430e-02,15973
7306,9.4336e-02,15973
7307,9.4241e-02,15973
7308,9.4147e-02,15973
7309,9.4053e-02,15973
7310,9.3959e-02,15973
7311,9.3865e-02,15973
7312,9.3771e-02,15973
7313,9.3677e-02,15973
7314,9.3584e-02,15973
7315,9.3490e-02,15973
7316,9.3397e-02,15973
7317,9.3303e-02,15973
7318,9.3210e-02,15973
7319,9.3117e-02,15973
7320,9.3024e-02,15973
7321,9.2931e-02,15973
7322,9.2838e-02,15973
7323,9.2745e-02,15973
7324,9.2652e-02,15973
7325,9.2559e-02,15973
7326,9.2467e-02,15973
7327,9.2374e-02,15973
7328,9.2282e-02,15973
7329,9.2190e-02,15973
7330,9.2097e-02,15973
7331,9.2005e-02,15973
7332,9.1913e-02,15973
7333,9.1821e-02,15973
7334,9.1730e-02,15973
7335,9.1638e-02,15973
7336,9.1546e-02,15973
7337,9.1455e-02,15973
7338,9.1363e-02,15973
7339,9.1272e-02,15973
7340,9.1181e-02,15973
7341,9.1089e-02,15973
7342,9.0998e-02,15973
7343,9.0907e-02,15973
7344,9.0816e-02,15973
7345,9.0726e-02,15973
7346,9.0635e-02,15973
7347,9.0544e-02,15973
7348,9.0454e-02,15973
7349,9.0363e-02,15973
7350,9.0273e-02,15973
7351,9.0183e-02,15973
7352,9.0092e-02,15973
7353,9.0002e-02,15973
7354,8.9912e-02,15973
7355,8.9822e-02,15973
7356,8.9733e-02,15973
7357,8.9643e-02,15973
7358,8.9553e-02,15973
7359,8.9464e-02,15973
7360,8.9374e-02,15973
7361,8.9285e-02,15973
7362,8.9196e-02,15973
7363,8.9106e-02,15973
7364,8.9017e-02,15973
7365,8.8928e-02,15973
7366,8.8839e-02,15973
7367,8.8751e-02,15973
7368,8.8662e-02,15973
7369,8.8573e-02,15973
7370,8.8485e-02,15973
7371,8.8396e-02,15973
7372,8.8308e-02,15973
7373,8.8219e-02,15973
7374,8.8131e-02,15973
7375,8.8043e-02,15973
7376,8.7955e-02,15973
7377,8.7867e-02,15973
7378,8.7779e-02,15973
7379,8.7691e-02,15973
7380,8.7604e-02,15973
7381,8.7516e-02,15973
7382,8.7429e-02,15973
7383,8.7341e-02,15973
7384,8.7254e-02,15973
7385,8.7167e-02,15973
7386,8.7079e-02,15973
7387,8.6992e-02,15973
7388,8.6905e-02,15973
7389,8.6818e-02,15973
7390,8.6732e-02,15973
7391,8.6645e-02,15973
7392,8.6558e-02,15973
7393,8.6472e-02,15973
7394,8.6385e-02,15973
7395,8.6299e-02,15973
7396,8.6212e-02,15973
7397,8.6126e-02,15973
7398,8.6040e-02,15973
7399,8.5954e-02,15973
7400,8.5868e-02,15973
7401,8.5782e-02,15973
7402,8.5696e-02,15973
7403,8.5611e-02,15973
7404,8.5525e-02,15973
7405,8.5440e-02,15973
7406,8.5354e-02,15973
7407,8.5269e-02,15973
7408,8.5184e-02,15973
7409,8.5098e-02,15973
7410,8.5013e-02,15973
7411,8.4928e-02,15973
7412,8.4843e-02,15973
7413,8.4759e-02,15973
7414,8.4674e-02,15973
7415,8.4589e-02,15973
7416,8.4504e-02,15973
7417,8.4420e-02,15973
7418,8.4336e-02,15973
7419,8.4251e-02,15973
7420,8.4167e-02,15973
7421,8.4083e-02,15973
7422,8.3999e-02,15973
7423,8.3915e-02,15973
7424,8.3831e-02,15973
7425,8.3747e-02,15973
7426,8.3663e-02,15973
7427,8.3580e-02,15973
7428,8.3496e-02,15973
7429,8.3413e-02,15973
7430,8.3329e-02,15973
7431,8.3246e-02,15973
7432,8.3163e-02,15973
7433,8.3079e-02,15973
7434,8.2996e-02,15973
7435,8.2913e-02,15973
7436,8.2830e-02,15973
7437,8.2748e-02,15973
7438,8.2665e-02,15973
7439,8.2582e-02,15973
7440,8.2500e-02,15973
7441,8.2417e-02,15973
7442,8.2335e-02,15973
7443,8.2252e-02,15973
7444,8.2170e-02,15973
7445,8.2088e-02,15973
7446,8.2006e-02,15973
7447,8.1924e-02,15973
7448,8.1842e-02,15973
7449,8.1760e-02,15973
7450,8.1678e-02,15973
7451,8.1597e-02,15973
7452,8.1515e-02,15973
7453,8.1433e-02,15973
7454,8.1352e-02,15973
7455,8.1271e-02,15973
7456,8.1189e-02,15973
7457,8.1108e-02,15973
7458,8.1027e-02,15973
7459,8.0946e-02,15973
7460,8.0865e-02,15973
7461,8.0784e-02,15973
7462,8.0703e-02,15973
7463,8.0623e-02,15973
7464,8.0542e-02,15973
7465,8.0462e-02,15973
7466,8.0381e-02,15973
7467,8.0301e-02,15973
7468,8.0220e-02,15973
7469,8.0140e-02,15973
7470,8.0060e-02,15973
7471,7.9980e-02,15973
7472,7.9900e-02,15973
7473,7.9820e-02,15973
7474,7.9740e-02,15973
7475,7.9661e-02,15973
7476,7.9581e-02,15973
7477,7.9501e-02,15973
7478,7.9422e-02,15973
7479,7.9342e-02,15973
7480,7.9263e-02,15973
7481,7.9184e-02,15973
7482,7.9105e-02,15973
7483,7.9026e-02,15973
7484,7.8947e-02,15973
7485,7.8868e-02,15973
7486,7.8789e-02,15973
7487,7.8710e-02,15973
7488,7.8631e-02,15973
7489,7.8553e-02,15973
7490,7.8474e-02,15973
7491,7.8396e-02,15973
7492,7.8317e-02,15973
7493,7.8239e-02,15973
7494,7.8161e-02,15973
7495,7.8082e-02,15973
7496,7.8004e-02,15973
7497,7.7926e-02,15973
7498,7.7848e-02,15973
7499,7.7771e-02,15973
7500,7.7693e-02,15973
7501,7.7615e-02,15973
7502,7.7537e-02,15973
7503,7.7460e-02,15973
7504,7.7383e-02,15973
7505,7.7305e-02,15973
7506,7.7228e-02,15973
7507,7.7151e-02,15973
7508,7.7073e-02,15973
7509,7.6996e-02,15973
7510,7.6919e-02,15973
7511,7.6842e-02,15973
7512,7.6766e-02,15973
7513,7.6689e-02,15973
7514,7.6612e-02,15973
7515,7.6536e-02,15973
7516,7.6459e-02,15973
7517,7.6383e-02,15973
7518,7.6306e-02,15973
7519,7.6230e-02,15973
7520,7.6154e-02,15973
7521,7.6077e-02,15973
7522,7.6001e-02,15973
7523,7.5925e-02,15973
7524,7.5849e-02,15973
7525,7.5774e-02,15973
7526,7.5698e-02,15973
7527,7.5622e-02,15973
7528,7.5547e-02,15973
7529,7.5471e-02,15973
7530,7.5396e-02,15973
7531,7.5320e-02,15973
7532,7.5245e-02,15973
7533,7.5170e-02,15973
7534,7.5094e-02,15973
7535,7.5019e-02,15973
7536,7.4944e-02,15973
7537,7.4869e-02,15973
7538,7.4794e-02,15973
7539,7.4720e-02,15973
7540,7.4645e-02,15973
7541,7.4570e-02,15973
7542,7.4496e-02,15973
7543,7.4421e-02,15973
7544,7.4347e-02,15973
7545,7.4272e-02,15973
7546,7.4198e-02,15973
7547,7.4124e-02,15973
7548,7.4050e-02,15973
7549,7.3976e-02,15973
7550,7.3902e-02,15973
7551,7.3828e-02,15973
7552,7.3754e-02,15973
7553,7.3680e-02,15973
7554,7.3607e-02,15973
7555,7.3533e-02,15973
7556,7.3460e-02,15973
7557,7.3386e-02,15973
7558,7.3313e-02,15973
7559,7.3239e-02,15973
7560,7.3166e-02,15973
7561,7.3093e-02,15973
7562,7.3020e-02,15973
7563,7.2947e-02,15973
7564,7.2874e-02,15973
7565,7.2801e-02,15973
7566,7.2728e-02,15973
7567,7.2656e-02,15973
7568,7.2583e-02,15973
7569,7.2510e-02,15973
7570,7.2438e-02,15973
7571,7.2365e-02,15973
7572,7.2293e-02,15973
7573,7.2221e-02,15973
7574,7.2148e-02,15973
7575,7.2076e-02,15973
7576,7.2004e-02,15973
7577,7.1932e-02,15973
7578,7.1860e-02,15973
7579,7.1788e-02,15973
7580,7.1717e-02,15973
7581,7.1645e-02,15973
7582,7.1573e-02,15973
7583,7.1502e-02,15973
7584,7.1430e-02,15973
7585,7.1359e-02,15973
7586,7.1287e-02,15973
7587,7.1216e-02,15973
7588,7.1145e-02,15973
7589,7.1074e-02,15973
7590,7.1003e-02,15973
7591,7.0932e-02,15973
7592,7.0861e-02,15973
7593,7.0790e-02,15973
7594,7.0719e-02,15973
7595,7.0648e-02,15973
7596,7.0578e-02,15973
7597,7.0507e-02,15973
7598,7.0437e-02,15973
7599,7.0366e-02,15973
7600,7.0296e-02,15973
7601,7.0226e-02,15973
7602,7.0155e-02,15973
7603,7.0085e-02,15973
7604,7.0015e-02,15973
7605,6.9945e-02,15973
7606,6.9875e-02,15973
7607,6.9805e-02,15973
7608,6.9735e-02,15973
7609,6.9666e-02,15973
7610,6.9596e-02,15973
7611,6.9526e-02,15973
7612,6.9457e-02,15973
7613,6.9387e-02,15973
7614,6.9318e-02,15973
7615,6.9249e-02,15973
7616,6.9180e-02,15973
7617,6.9110e-02,15973
7618,6.9041e-02,15973
7619,6.8972e-02,15973
7620,6.8903e-02,15973
7621,6.8834e-02,15973
7622,6.8765e-02,15973
7623,6.8697e-02,15973
7624,6.8628e-02,15973
7625,6.8559e-02,15973
7626,6.8491e-02,15973
7627,6.8422e-02,15973
7628,6.8354e-02,15973
7629,6.8286e-02,15973
7630,6.8217e-02,15973
7631,6.8149e-02,15973
7632,6.8081e-02,15973
7633,6.8013e-02,15973
7634,6.7945e-02,15973
7635,6.7877e-02,15973
7636,6.7809e-02,15973
7637,6.7741e-02,15973
7638,6.7673e-02,15973
7639,6.7606e-02,15973
7640,6.7538e-02,15973
7641,6.7471e-02,15973
7642,6.7403e-02,15973
7643,6.7336e-02,15973
7644,6.7268e-02,15973
7645,6.7201e-02,15973
7646,6.7134e-02,15973
7647,6.7067e-02,15973
7648,6.7000e-02,15973
7649,6.6933e-02,15973
7650,6.6866e-02,15973
7651,6.6799e-02,15973
7652,6.6732e-02,15973
7653,6.6665e-02,15973
7654,6.6599e-02,15973
7655,6.6532e-02,15973
7656,6.6466e-02,15973
7657,6.6399e-02,15973
7658,6.6333e-02,15973
7659,6.6266e-02,15973
7660,6.6200e-02,15973
7661,6.6134e-02,15973
7662,6.6068e-02,15973
7663,6.6002e-02,15973
7664,6.5936e-02,15973
7665,6.5870e-02,15973
7666,6.5804e-02,15973
7667,6.5738e-02,15973
7668,6.5672e-02,15973
7669,6.5607e-02,15973
7670,6.5541e-02,15973
7671,6.5476e-02,15973
7672,6.5410e-02,15973
7673,6.5345e-02,15973
7674,6.5279e-02,15973
7675,6.5214e-02,15973
7676,6.5149e-02,15973
7677,6.5084e-02,15973
7678,6.5019e-02,15973
7679,6.4954e-02,15973
7680,6.4889e-02,15973
7681,6.4824e-02,15973
7682,6.4759e-02,15973
7683,6.4694e-02,15973
7684,6.4629e-02,15973
7685,6.4565e-02,15973
7686,6.4500e-02,15973
7687,6.4436e-02,15973
7688,6.4371e-02,15973
7689,6.4307e-02,15973
7690,6.4243e-02,15973
7691,6.4178e-02,15973
7692,6.4114e-02,15973
7693,6.4050e-02,15973
7694,6.3986e-02,15973
7695,6.3922e-02,15973
7696,6.3858e-02,15973
7697,6.3794e-02,15973
7698,6.3731e-02,15973
7699,6.3667e-02,15973
7700,6.3603e-02,15973
7701,6.3540e-02,15973
7702,6.3476e-02,15973
7703,6.3413e-02,15973
7704,6.3349e-02,15973
7705,6.3286e-02,15973
7706,6.3222e-02,15973
7707,6.3159e-02,15973
7708,6.3096e-02,15973
7709,6.3033e-02,15973
7710,6.2970e-02,15973
7711,6.2907e-02,15973
7712,6.2844e-02,15973
7713,6.2781e-02,15973
7714,6.2718e-02,15973
7715,6.2656e-02,15973
7716,6.2593e-02,15973
7717,6.2530e-02,15973
7718,6.2468e-02,15973
7719,6.2405e-02,15973
7720,6.2343e-02,15973
7721,6.2281e-02,15973
7722,6.2218e-02,15973
7723,6.2156e-02,15973
7724,6.2094e-02,15973
7725,6.2032e-02,15973
7726,6.1970e-02,15973
7727,6.1908e-02,15973
7728,6.1846e-02,15973
7729,6.1784e-02,15973
7730,6.1722e-02,15973
7731,6.1661e-02,15973
7732,6.1599e-02,15973
7733,6.1537e-02,15973
7734,6.1476e-02,15973
7735,6.1414e-02,15973
7736,6.1353e-02,15973
7737,6.1292e-02,15973
7738,6.1230e-02,15973
7739,6.1169e-02,15973
7740,6.1108e-02,15973
7741,6.1047e-02,15973
7742,6.0986e-02,15973
7743,6.0925e-02,15973
7744,6.0864e-02,15973
7745,6.0803e-02,15973
7746,6.0742e-02,15973
7747,6.0682e-02,15973
7748,6.0621e-02,15973
7749,6.0560e-02,15973
7750,6.0500e-02,15973
7751,6.0439e-02,15973
7752,6.0379e-02,15973
7753,6.0318e-02,15973
7754,6.0258e-02,15973
7755,6.0198e-02,15973
7756,6.0138e-02,15973
7757,6.0077e-02,15973
7758,6.0017e-02,15973
7759,5.9957e-02,15973
7760,5.9897e-02,15973
7761,5.9837e-02,15973
7762,5.9778e-02,15973
7763,5.9718e-02,15973
7764,5.9658e-02,15973
7765,5.9598e-02,15973
7766,5.9539e-02,15973
7767,5.9479e-02,15973
7768,5.9420e-02,15973
7769,5.9360e-02,15973
7770,5.9301e-02,15973
7771,5.9242e-02,15973
7772,5.9183e-02,15973
7773,5.9123e-02,15973
7774,5.9064e-02,15973
7775,5.9005e-02,15973
7776,5.8946e-02,15973
7777,5.8887e-02,15973
7778,5.8828e-02,15973
7779,5.8770e-02,15973
7780,5.8711e-02,15973
7781,5.8652e-02,15973
7782,5.8593e-02,15973
7783,5.8535e-02,15973
7784,5.8476e-02,15973
7785,5.8418e-02,15973
7786,5.8359e-02,15973
7787,5.8301e-02,15973
7788,5.8243e-02,15973
7789,5.8184e-02,15973
7790,5.8126e-02,15973
7791,5.8068e-02,15973
7792,5.8010e-02,15973
7793,5.7952e-02,15973
7794,5.7894e-02,15973
7795,5.7836e-02,15973
7796,5.7778e-02,15973
7797,5.7721e-02,15973
7798,5.7663e-02,15973
7799,5.7605e-02,15973
7800,5.7548e-02,15973
7801,5.7490e-02,15973
7802,5.7433e-02,15973
7803,5.7375e-02,15973
7804,5.7318e-02,15973
7805,5.7260e-02,15973
7806,5.7203e-02,15973
7807,5.7146e-02,15973
7808,5.7089e-02,15973
7809,5.7032e-02,15973
7810,5.6975e-02,15973
7811,5.6918e-02,15973
7812,5.6861e-02,15973
7813,5.6804e-02,15973
7814,5.6747e-02,15973
7815,5.6690e-02,15973
7816,5.6634e-02,15973
7817,5.6577e-02,15973
7818,5.6521e-02,15973
7819,5.6464e-02,15973
7820,5.6408e-02,15973
7821,5.6351e-02,15973
7822,5.6295e-02,15973
7823,5.6238e-02,15973
7824,5.6182e-02,15973
7825,5.6126e-02,15973
7826,5.6070e-02,15973
7827,5.6014e-02,15973
7828,5.5958e-02,15973
7829,5.5902e-02,15973
7830,5.5846e-02,15973
7831,5.5790e-02,15973
7832,5.5734e-02,15973
7833,5.5679e-02,15973
7834,5.5623e-02,15973
7835,5.5567e-02,15973
7836,5.5512e-02,15973
7837,5.5456e-02,15973
7838,5.5401e-02,15973
7839,5.5345e-02,15973
7840,5.5290e-02,15973
7841,5.5235e-02,15973
7842,5.5180e-02,15973
7843,5.5124e-02,15973
7844,5.5069e-02,15973
7845,5.5014e-02,15973
7846,5.4959e-02,15973
7847,5.4904e-02,15973
7848,5.4849e-02,15973
7849,5.4794e-02,15973
7850,5.4740e-02,15973
7851,5.4685e-02,15973
7852,5.4630e-02,15973
7853,5.4576e-02,15973
7854,5.4521e-02,15973
7855,5.4466e-02,15973
7856,5.4412e-02,15973
7857,5.4358e-02,15973
7858,5.4303e-02,15973
7859,5.4249e-02,15973
7860,5.4195e-02,15973
7861,5.4140e-02,15973
7862,5.4086e-02,15973
7863,5.4032e-02,15973
7864,5.3978e-02,15973
7865,5.3924e-02,15973
7866,5.3870e-02,15973
7867,5.3816e-02,15973
7868,5.3763e-02,15973
7869,5.3709e-02,15973
7870,5.3655e-02,15973
7871,5.3601e-02,15973
7872,5.3548e-02,15973
7873,5.3494e-02,15973
7874,5.3441e-02,15973
7875,5.3387e-02,15973
7876,5.3334e-02,15973
7877,5.3281e-02,15973
7878,5.3227e-02,15973
7879,5.3174e-02,15973
7880,5.3121e-02,15973
7881,5.3068e-02,15973
7882,5.3015e-02,15973
7883,5.2962e-02,15973
7884,5.2909e-02,15973
7885,5.2856e-02,15973
7886,5.2803e-02,15973
7887,5.2750e-02,15973
7888,5.2698e-02,15973
7889,5.2645e-02,15973
7890,5.2592e-02,15973
7891,5.2540e-02,15973
7892,5.2487e-02,15973
7893,5.2435e-02,15973
7894,5.2382e-02,15973
7895,5.2330e-02,15973
7896,5.2277e-02,15973
7897,5.2225e-02,15973
7898,5.2173e-02,15973
7899,5.2121e-02,15973
7900,5.2069e-02,15973
7901,5.2017e-02,15973
7902,5.1965e-02,15973
7903,5.1913e-02,15973
7904,5.1861e-02,15973
7905,5.1809e-02,15973
7906,5.1757e-02,15973
7907,5.1705e-02,15973
7908,5.1654e-02,15973
7909,5.1602e-02,15973
7910,5.1550e-02,15973
7911,5.1499e-02,15973
7912,5.1447e-02,15973
7913,5.1396e-02,15973
7914,5.1344e-02,15973
7915,5.1293e-02,15973
7916,5.1242e-02,15973
7917,5.1191e-02,15973
7918,5.1139e-02,15973
7919,5.1088e-02,15973
7920,5.1037e-02,15973
7921,5.0986e-02,15973
7922,5.0935e-02,15973
7923,5.0884e-02,15973
7924,5.0833e-02,15973
7925,5.0782e-02,15973
7926,5.0732e-02,15973
7927,5.0681e-02,15973
7928,5.0630e-02,15973
7929,5.0580e-02,15973
7930,5.0529e-02,15973
7931,5.0478e-02,15973
7932,5.0428e-02,15973
7933,5.0378e-02,15973
7934,5.0327e-02,15973
7935,5.0277e-02,15973
7936,5.0227e-02,15973
7937,5.0176e-02,15973
7938,5.0126e-02,15973
7939,5.0076e-02,15973
7940,5.0026e-02,15973
7941,4.9976e-02,15973
7942,4.9926e-02,15973
7943,4.9876e-02,15973
7944,4.9826e-02,15973
7945,4.9776e-02,15973
7946,4.9727e-02,15973
7947,4.9677e-02,15973
7948,4.9627e-02,15973
7949,4.9578e-02,15973
7950,4.9528e-02,15973
7951,4.9478e-02,15973
7952,4.9429e-02,15973
7953,4.9380e-02,15973
7954,4.9330e-02,15973
7955,4.9281e-02,15973
7956,4.9232e-02,15973
7957,4.9182e-02,15973
7958,4.9133e-02,15973
7959,4.9084e-02,15973
7960,4.9035e-02,15973
7961,4.8986e-02,15973
7962,4.8937e-02,15973
7963,4.8888e-02,15973
7964,4.8839e-02,15973
7965,4.8790e-02,15973
7966,4.8741e-02,15973
7967,4.8693e-02,15973
7968,4.8644e-02,15973
7969,4.8595e-02,15973
7970,4.8547e-02,15973
7971,4.8498e-02,15973
7972,4.8450e-02,15973
7973,4.8401e-02,15973
7974,4.8353e-02,15973
7975,4.8305e-02,15973
7976,4.8256e-02,15973
7977,4.8208e-02,15973
7978,4.8160e-02,15973
7979,4.8112e-02,15973
7980,4.8063e-02,15973
7981,4.8015e-02,15973
7982,4.7967e-02,15973
7983,4.7919e-02,15973
7984,4.7872e-02,15973
7985,4.7824e-02,15973
7986,4.7776e-02,15973
7987,4.7728e-02,15973
7988,4.7680e-02,15973
7989,4.7633e-02,15973
7990,4.7585e-02,15973
7991,4.7537e-02,15973
7992,4.7490e-02,15973
7993,4.7442e-02,15973
7994,4.7395e-02,15973
7995,4.7348e-02,15973
7996,4.7300e-02,15973
7997,4.7253e-02,15973
7998,4.7206e-02,15973
7999,4.7158e-02,15973
8000,4.7111e-02,15973
8001,4.7064e-02,15973
8002,4.7017e-02,15973
8003,4.6970e-02,15973
8004,4.6923e-02,15973
8005,4.6876e-02,15973
8006,4.6829e-02,15973
8007,4.6782e-02,15973
8008,4.6736e-02,15973
8009,4.6689e-02,15973
8010,4.6642e-02,15973
8011,4.6596e-02,15973
8012,4.6549e-02,15973
8013,4.6502e-02,15973
8014,4.6456e-02,15973
8015,4.6410e-02,15973
8016,4.6363e-02,15973
8017,4.6317e-02,15973
8018,4.6270e-02,15973
8019,4.6224e-02,15973
8020,4.6178e-02,15973
8021,4.6132e-02,15973
8022,4.6086e-02,15973
8023,4.6040e-02,15973
8024,4.5994e-02,15973
8025,4.5948e-02,15973
8026,4.5902e-02,15973
8027,4.5856e-02,15973
8028,4.5810e-02,15973
8029,4.5764e-02,15973
8030,4.5718e-02,15973
8031,4.5673e-02,15973
8032,4.5627e-02,15973
8033,4.5581e-02,15973
8034,4.5536e-02,15973
8035,4.5490e-02,15973
8036,4.5445e-02,15973
8037,4.5399e-02,15973
8038,4.5354e-02,15973
8039,4.5308e-02,15973
8040,4.5263e-02,15973
8041,4.5218e-02,15973
8042,4.5173e-02,15973
8043,4.5127e-02,15973
8044,4.5082e-02,15973
8045,4.5037e-02,15973
8046,4.4992e-02,15973
8047,4.4947e-02,15973
8048,4.4902e-02,15973
8049,4.4857e-02,15973
8050,4.4813e-02,15973
8051,4.4768e-02,15973
8052,4.4723e-02,15973
8053,4.4678e-02,15973
8054,4.4634e-02,15973
8055,4.4589e-02,15973
8056,4.4544e-02,15973
8057,4.4500e-02,15973
8058,4.4455e-02,15973
8059,4.4411e-02,15973
8060,4.4366e-02,15973
8061,4.4322e-02,15973
8062,4.4278e-02,15973
8063,4.4233e-02,15973
8064,4.4189e-02,15973
8065,4.4145e-02,15973
8066,4.4101e-02,15973
8067,4.4057e-02,15973
8068,4.4013e-02,15973
8069,4.3969e-02,15973
8070,4.3925e-02,15973
8071,4.3881e-02,15973
8072,4.3837e-02,15973
8073,4.3793e-02,15973
8074,4.3749e-02,15973
8075,4.3706e-02,15973
8076,4.3662e-02,15973
8077,4.3618e-02,15973
8078,4.3575e-02,15973
8079,4.3531e-02,15973
8080,4.3487e-02,15973
8081,4.3444e-02,15973
8082,4.3401e-02,15973
8083,4.3357e-02,15973
8084,4.3314e-02,15973
8085,4.3270e-02,15973
8086,4.3227e-02,15973
8087,4.3184e-02,15973
8088,4.3141e-02,15973
8089,4.3098e-02,15973
8090,4.3055e-02,15973
8091,4.3011e-02,15973
8092,4.2968e-02,15973
8093,4.2925e-02,15973
8094,4.2883e-02,15973
8095,4.2840e-02,15973
8096,4.2797e-02,15973
8097,4.2754e-02,15973
8098,4.2711e-02,15973
8099,4.2669e-02,15973
8100,4.2626e-02,15973
8101,4.2583e-02,15973
8102,4.2541e-02,15973
8103,4.2498e-02,15973
8104,4.2456e-02,15973
8105,4.2413e-02,15973
8106,4.2371e-02,15973
8107,4.2328e-02,15973
8108,4.2286e-02,15973
8109,4.2244e-02,15973
8110,4.2202e-02,15973
8111,4.2159e-02,15973
8112,4.2117e-02,15973
8113,4.2075e-02,15973
8114,4.2033e-02,15973
8115,4.1991e-02,15973
8116,4.1949e-02,15973
8117,4.1907e-02,15973
8118,4.1865e-02,15973
8119,4.1823e-02,15973
8120,4.1781e-02,15973
8121,4.1740e-02,15973
8122,4.1698e-02,15973
8123,4.1656e-02,15973
8124,4.1615e-02,15973
8125,4.1573e-02,15973
8126,4.1531e-02,15973
8127,4.1490e-02,15973
8128,4.1448e-02,15973
8129,4.1407e-02,15973
8130,4.1366e-02,15973
8131,4.1324e-02,15973
8132,4.1283e-02,15973
8133,4.1242e-02,15973
8134,4.1200e-02,15973
8135,4.1159e-02,15973
8136,4.1118e-02,15973
8137,4.1077e-02,15973
8138,4.1036e-02,15973
8139,4.0995e-02,15973
8140,4.0954e-02,15973
8141,4.0913e-02,15973
8142,4.0872e-02,15973
8143,4.0831e-02,15973
8144,4.0790e-02,15973
8145,4.0749e-02,15973
8146,4.0709e-02,15973
8147,4.0668e-02,15973
8148,4.0627e-02,15973
8149,4.0587e-02,15973
8150,4.0546e-02,15973
8151,4.0505e-02,15973
8152,4.0465e-02,15973
8153,4.0424e-02,15973
8154,4.0384e-02,15973
8155,4.0344e-02,15973
8156,4.0303e-02,15973
8157,4.0263e-02,15973
8158,4.0223e-02,15973
8159,4.0183e-02,15973
8160,4.0142e-02,15973
8161,4.0102e-02,15973
8162,4.0062e-02,15973
8163,4.0022e-02,15973
8164,3.9982e-02,15973
8165,3.9942e-02,15973
8166,3.9902e-02,15973
8167,3.9862e-02,15973
8168,3.9822e-02,15973
8169,3.9783e-02,15973
8170,3.9743e-02,15973
8171,3.9703e-02,15973
8172,3.9663e-02,15973
8173,3.9624e-02,15973
8174,3.9584e-02,15973
8175,3.9544e-02,15973
8176,3.9505e-02,15973
8177,3.9465e-02,15973
8178,3.9426e-02,15973
8179,3.9386e-02,15973
8180,3.9347e-02,15973
8181,3.9308e-02,15973
8182,3.9268e-02,15973
8183,3.9229e-02,15973
8184,3.9190e-02,15973
8185,3.9151e-02,15973
8186,3.9112e-02,15973
8187,3.9073e-02,15973
8188,3.9033e-02,15973
8189,3.8994e-02,15973
8190,3.8955e-02,15973
8191,3.8916e-02,15973
8192,3.8878e-02,15973
8193,3.8839e-02,15973
8194,3.8800e-02,15973
8195,3.8761e-02,15973
8196,3.8722e-02,15973
8197,3.8684e-02,15973
8198,3.8645e-02,15973
8199,3.8606e-02,15973
8200,3.8568e-02,15973
8201,3.8529e-02,15973
8202,3.8490e-02,15973
8203,3.8452e-02,15973
8204,3.8414e-02,15973
8205,3.8375e-02,15973
8206,3.8337e-02,15973
8207,3.8298e-02,15973
8208,3.8260e-02,15973
8209,3.8222e-02,15973
8210,3.8184e-02,15973
8211,3.8145e-02,15973
8212,3.8107e-02,15973
8213,3.8069e-02,15973
8214,3.8031e-02,15973
8215,3.7993e-02,15973
8216,3.7955e-02,15973
8217,3.7917e-02,15973
8218,3.7879e-02,15973
8219,3.7841e-02,15973
8220,3.7804e-02,15973
8221,3.7766e-02,15973
8222,3.7728e-02,15973
8223,3.7690e-02,15973
8224,3.7653e-02,15973
8225,3.7615e-02,15973
8226,3.7577e-02,15973
8227,3.7540e-02,15973
8228,3.7502e-02,15973
8229,3.7465e-02,15973
8230,3.7427e-02,15973
8231,3.7390e-02,15973
8232,3.7352e-02,15973
8233,3.7315e-02,15973
8234,3.7278e-02,15973
8235,3.7240e-02,15973
8236,3.7203e-02,15973
8237,3.7166e-02,15973
8238,3.7129e-02,15973
8239,3.7092e-02,15973
8240,3.7055e-02,15973
8241,3.7018e-02,15973
8242,3.6981e-02,15973
8243,3.6944e-02,15973
8244,3.6907e-02,15973
8245,3.6870e-02,15973
8246,3.6833e-02,15973
8247,3.6796e-02,15973
8248,3.6759e-02,15973
8249,3.6722e-02,15973
8250,3.6686e-02,15973
8251,3.6649e-02,15973
8252,3.6612e-02,15973
8253,3.6576e-02,15973
8254,3.6539e-02,15973
8255,3.6503e-02,15973
8256,3.6466e-02,15973
8257,3.6430e-02,15973
8258,3.6393e-02,15973
8259,3.6357e-02,15973
8260,3.6321e-02,15973
8261,3.6284e-02,15973
8262,3.6248e-02,15973
8263,3.6212e-02,15973
8264,3.6175e-02,15973
8265,3.6139e-02,15973
8266,3.6103e-02,15973
8267,3.6067e-02,15973
8268,3.6031e-02,15973
8269,3.5995e-02,15973
8270,3.5959e-02,15973
8271,3.5923e-02,15973
8272,3.5887e-02,15973
8273,3.5851e-02,15973
8274,3.5815e-02,15973
8275,3.5779e-02,15973
8276,3.5744e-02,15973
8277,3.5708e-02,15973
8278,3.5672e-02,15973
8279,3.5637e-02,15973
8280,3.5601e-02,15973
8281,3.5565e-02,15973
8282,3.5530e-02,15973
8283,3.5494e-02,15973
8284,3.5459e-02,15973
8285,3.5423e-02,15973
8286,3.5388e-02,15973
8287,3.5352e-02,15973
8288,3.5317e-02,15973
8289,3.5282e-02,15973
8290,3.5247e-02,15973
8291,3.5211e-02,15973
8292,3.5176e-02,15973
8293,3.5141e-02,15973
8294,3.5106e-02,15973
8295,3.5071e-02,15973
8296,3.5036e-02,15973
8297,3.5001e-02,15973
8298,3.4966e-02,15973
8299,3.4931e-02,15973
8300,3.4896e-02,15973
8301,3.4861e-02,15973
8302,3.4826e-02,15973
8303,3.4791e-02,15973
8304,3.4756e-02,15973
8305,3.4722e-02,15973
8306,3.4687e-02,15973
8307,3.4652e-02,15973
8308,3.4617e-02,15973
8309,3.4583e-02,15973
8310,3.4548e-02,15973
8311,3.4514e-02,15973
8312,3.4479e-02,15973
8313,3.4445e-02,15973
8314,3.4410e-02,15973
8315,3.4376e-02,15973
8316,3.4341e-02,15973
8317,3.4307e-02,15973
8318,3.4273e-02,15973
8319,3.4239e-02,15973
8320,3.4204e-02,15973
8321,3.4170e-02,15973
8322,3.4136e-02,15973
8323,3.4102e-02,15973
8324,3.4068e-02,15973
8325,3.4034e-02,15973
8326,3.4000e-02,15973
8327,3.3966e-02,15973
8328,3.3932e-02,15973
8329,3.3898e-02,15973
8330,3.3864e-02,15973
8331,3.3830e-02,15973
8332,3.3796e-02,15973
8333,3.3762e-02,15973
8334,3.3729e-02,15973
8335,3.3695e-02,15973
8336,3.3661e-02,15973
8337,3.3627e-02,15973
8338,3.3594e-02,15973
8339,3.3560e-02,15973
8340,3.3527e-02,15973
8341,3.3493e-02,15973
8342,3.3460e-02,15973
8343,3.3426e-02,15973
8344,3.3393e-02,15973
8345,3.3359e-02,15973
8346,3.3326e-02,15973
8347,3.3293e-02,15973
8348,3.3259e-02,15973
8349,3.3226e-02,15973
8350,3.3193e-02,15973
8351,3.3160e-02,15973
8352,3.3127e-02,15973
8353,3.3093e-02,15973
8354,3.3060e-02,15973
8355,3.3027e-02,15973
8356,3.2994e-02,15973
8357,3.2961e-02,15973
8358,3.2928e-02,15973
8359,3.2895e-02,15973
8360,3.2863e-02,15973
8361,3.2830e-02,15973
8362,3.2797e-02,15973
8363,3.2764e-02,15973
8364,3.2731e-02,15973
8365,3.2699e-02,15973
8366,3.2666e-02,15973
8367,3.2633e-02,15973
8368,3.2601e-02,15973
8369,3.2568e-02,15973
8370,3.2535e-02,15973
8371,3.2503e-02,15973
8372,3.2470e-02,15973
8373,3.2438e-02,15973
8374,3.2405e-02,15973
8375,3.2373e-02,15973
8376,3.2341e-02,15973
8377,3.2308e-02,15973
8378,3.2276e-02,15973
8379,3.2244e-02,15973
8380,3.2211e-02,15973
8381,3.2179e-02,15973
8382,3.2147e-02,15973
8383,3.2115e-02,15973
8384,3.2083e-02,15973
8385,3.2051e-02,15973
8386,3.2019e-02,15973
8387,3.1987e-02,15973
8388,3.1955e-02,15973
8389,3.1923e-02,15973
8390,3.1891e-02,15973
8391,3.1859e-02,15973
8392,3.1827e-02,15973
8393,3.1795e-02,15973
8394,3.1763e-02,15973
8395,3.1732e-02,15973
8396,3.1700e-02,15973
8397,3.1668e-02,15973
8398,3.1637e-02,15973
8399,3.1605e-02,15973
8400,3.1573e-02,15973
8401,3.1542e-02,15973
8402,3.1510e-02,15973
8403,3.1479e-02,15973
8404,3.1447e-02,15973
8405,3.1416e-02,15973
8406,3.1384e-02,15973
8407,3.1353e-02,15973
8408,3.1322e-02,15973
8409,3.1290e-02,15973
8410,3.1259e-02,15973
8411,3.1228e-02,15973
8412,3.1197e-02,15973
8413,3.1165e-02,15973
8414,3.1134e-02,15973
8415,3.1103e-02,15973
8416,3.1072e-02,15973
8417,3.1041e-02,15973
8418,3.1010e-02,15973
8419,3.0979e-02,15973
8420,3.0948e-02,15973
8421,3.0917e-02,15973
8422,3.0886e-02,15973
8423,3.0855e-02,15973
8424,3.0824e-02,15973
8425,3.0793e-02,15973
8426,3.0763e-02,15973
8427,3.0732e-02,15973
8428,3.0701e-02,15973
8429,3.0670e-02,15973
8430,3.0640e-02,15973
8431,3.0609e-02,15973
8432,3.0578e-02,15973
8433,3.0548e-02,15973
8434,3.0517e-02,15973
8435,3.0487e-02,15973
8436,3.0456e-02,15973
8437,3.0426e-02,15973
8438,3.0395e-02,15973
8439,3.0365e-02,15973
8440,3.0335e-02,15973
8441,3.0304e-02,15973
8442,3.0274e-02,15973
8443,3.0244e-02,15973
8444,3.0214e-02,15973
8445,3.0183e-02,15973
8446,3.0153e-02,15973
8447,3.0123e-02,15973
8448,3.0093e-02,15973
8449,3.0063e-02,15973
8450,3.0033e-02,15973
8451,3.0003e-02,15973
8452,2.9973e-02,15973
8453,2.9943e-02,15973
8454,2.9913e-02,15973
8455,2.9883e-02,15973
8456,2.9853e-02,15973
8457,2.9823e-02,15973
8458,2.9793e-02,15973
8459,2.9764e-02,15973
8460,2.9734e-02,15973
8461,2.9704e-02,15973
8462,2.9674e-02,15973
8463,2.9645e-02,15973
8464,2.9615e-02,15973
8465,2.9585e-02,15973
8466,2.9556e-02,15973
8467,2.9526e-02,15973
8468,2.9497e-02,15973
8469,2.9467e-02,15973
8470,2.9438e-02,15973
8471,2.9408e-02,15973
8472,2.9379e-02,15973
8473,2.9350e-02,15973
8474,2.9320e-02,15973
8475,2.9291e-02,15973
8476,2.9262e-02,15973
8477,2.9232e-02,15973
8478,2.9203e-02,15973
8479,2.9174e-02,15973
8480,2.9145e-02,15973
8481,2.9116e-02,15973
8482,2.9086e-02,15973
8483,2.9057e-02,15973
8484,2.9028e-02,15973
8485,2.8999e-02,15973
8486,2.8970e-02,15973
8487,2.8941e-02,15973
8488,2.8912e-02,15973
8489,2.8883e-02,15973
8490,2.8855e-02,15973
8491,2.8826e-02,15973
8492,2.8797e-02,15973
8493,2.8768e-02,15973
8494,2.8739e-02,15973
8495,2.8711e-02,15973
8496,2.8682e-02,15973
8497,2.8653e-02,15973
8498,2.8625e-02,15973
8499,2.8596e-02,15973
8500,2.8567e-02,15973
8501,2.8539e-02,15973
8502,2.8510e-02,15973
8503,2.8482e-02,15973
8504,2.8453e-02,15973
8505,2.8425e-02,15973
8506,2.8396e-02,15973
8507,2.8368e-02,15973
8508,2.8340e-02,15973
8509,2.8311e-02,15973
8510,2.8283e-02,15973
8511,2.8255e-02,15973
8512,2.8226e-02,15973
8513,2.8198e-02,15973
8514,2.8170e-02,15973
8515,2.8142e-02,15973
8516,2.8114e-02,15973
8517,2.8086e-02,15973
8518,2.8057e-02,15973
8519,2.8029e-02,15973
8520,2.8001e-02,15973
8521,2.7973e-02,15973
8522,2.7945e-02,15973
8523,2.7917e-02,15973
8524,2.7890e-02,15973
8525,2.7862e-02,15973
8526,2.7834e-02,15973
8527,2.7806e-02,15973
8528,2.7778e-02,15973
8529,2.7750e-02,15973
8530,2.7723e-02,15973
8531,2.7695e-02,15973
8532,2.7667e-02,15973
8533,2.7639e-02,15973
8534,2.7612e-02,15973
8535,2.7584e-02,15973
8536,2.7557e-02,15973
8537,2.7529e-02,15973
8538,2.7502e-02,15973
8539,2.7474e-02,15973
8540,2.7447e-02,15973
8541,2.7419e-02,15973
8542,2.7392e-02,15973
8543,2.7364e-02,15973
8544,2.7337e-02,15973
8545,2.7310e-02,15973
8546,2.7282e-02,15973
8547,2.7255e-02,15973
8548,2.7228e-02,15973
8549,2.7201e-02,15973
8550,2.7173e-02,15973
8551,2.7146e-02,15973
8552,2.7119e-02,15973
8553,2.7092e-02,15973
8554,2.7065e-02,15973
8555,2.7038e-02,15973
8556,2.7011e-02,15973
8557,2.6984e-02,15973
8558,2.6957e-02,15973
8559,2.6930e-02,15973
8560,2.6903e-02,15973
8561,2.6876e-02,15973
8562,2.6849e-02,15973
8563,2.6822e-02,15973
8564,2.6795e-02,15973
8565,2.6769e-02,15973
8566,2.6742e-02,15973
8567,2.6715e-02,15973
8568,2.6688e-02,15973
8569,2.6662e-02,15973
8570,2.6635e-02,15973
8571,2.6608e-02,15973
8572,2.6582e-02,15973
8573,2.6555e-02,15973
8574,2.6529e-02,15973
8575,2.6502e-02,15973
8576,2.6476e-02,15973
8577,2.6449e-02,15973
8578,2.6423e-02,15973
8579,2.6396e-02,15973
8580,2.6370e-02,15973
8581,2.6344e-02,15973
8582,2.6317e-02,15973
8583,2.6291e-02,15973
8584,2.6265e-02,15973
8585,2.6238e-02,15973
8586,2.6212e-02,15973
8587,2.6186e-02,15973
8588,2.6160e-02,15973
8589,2.6133e-02,15973
8590,2.6107e-02,15973
8591,2.6081e-02,15973
8592,2.6055e-02,15973
8593,2.6029e-02,15973
8594,2.6003e-02,15973
8595,2.5977e-02,15973
8596,2.5951e-02,15973
8597,2.5925e-02,15973
8598,2.5899e-02,15973
8599,2.5873e-02,15973
8600,2.5847e-02,15973
8601,2.5822e-02,15973
8602,2.5796e-02,15973
8603,2.5770e-02,15973
8604,2.5744e-02,15973
8605,2.5718e-02,15973
8606,2.5693e-02,15973
8607,2.5667e-02,15973
8608,2.5641e-02,15973
8609,2.5616e-02,15973
8610,2.5590e-02,15973
8611,2.5565e-02,15973
8612,2.5539e-02,15973
8613,2.5513e-02,15973
8614,2.5488e-02,15973
8615,2.5462e-02,15973
8616,2.5437e-02,15973
8617,2.5412e-02,15973
8618,2.5386e-02,15973
8619,2.5361e-02,15973
8620,2.5335e-02,15973
8621,2.5310e-02,15973
8622,2.5285e-02,15973
8623,2.5259e-02,15973
8624,2.5234e-02,15973
8625,2.5209e-02,15973
8626,2.5184e-02,15973
8627,2.5159e-02,15973
8628,2.5133e-02,15973
8629,2.5108e-02,15973
8630,2.5083e-02,15973
8631,2.5058e-02,15973
8632,2.5033e-02,15973
8633,2.5008e-02,15973
8634,2.4983e-02,15973
8635,2.4958e-02,15973
8636,2.4933e-02,15973
8637,2.4908e-02,15973
8638,2.4883e-02,15973
8639,2.4858e-02,15973
8640,2.4833e-02,15973
8641,2.4809e-02,15973
8642,2.4784e-02,15973
8643,2.4759e-02,15973
8644,2.4734e-02,15973
8645,2.4710e-02,15973
8646,2.4685e-02,15973
8647,2.4660e-02,15973
8648,2.4635e-02,15973
8649,2.4611e-02,15973
8650,2.4586e-02,15973
8651,2.4562e-02,15973
8652,2.4537e-02,15973
8653,2.4513e-02,15973
8654,2.4488e-02,15973
8655,2.4464e-02,15973
8656,2.4439e-02,15973
8657,2.4415e-02,15973
8658,2.4390e-02,15973
8659,2.4366e-02,15973
8660,2.4341e-02,15973
8661,2.4317e-02,15973
8662,2.4293e-02,15973
8663,2.4269e-02,15973
8664,2.4244e-02,15973
8665,2.4220e-02,15973
8666,2.4196e-02,15973
8667,2.4172e-02,15973
8668,2.4147e-02,15973
8669,2.4123e-02,15973
8670,2.4099e-02,15973
8671,2.4075e-02,15973
8672,2.4051e-02,15973
8673,2.4027e-02,15973
8674,2.4003e-02,15973
8675,2.3979e-02,15973
8676,2.3955e-02,15973
8677,2.3931e-02,15973
8678,2.3907e-02,15973
8679,2.3883e-02,15973
8680,2.3859e-02,15973
8681,2.3835e-02,15973
8682,2.3812e-02,15973
8683,2.3788e-02,15973
8684,2.3764e-02,15973
8685,2.3740e-02,15973
8686,2.3716e-02,15973
8687,2.3693e-02,15973
8688,2.3669e-02,15973
8689,2.3645e-02,15973
8690,2.3622e-02,15973
8691,2.3598e-02,15973
8692,2.3575e-02,15973
8693,2.3551e-02,15973
8694,2.3527e-02,15973
8695,2.3504e-02,15973
8696,2.3480e-02,15973
8697,2.3457e-02,15973
8698,2.3433e-02,15973
8699,2.3410e-02,15973
8700,2.3387e-02,15973
8701,2.3363e-02,15973
8702,2.3340e-02,15973
8703,2.3316e-02,15973
8704,2.3293e-02,15973
8705,2.3270e-02,15973
8706,2.3247e-02,15973
8707,2.3223e-02,15973
8708,2.3200e-02,15973
8709,2.3177e-02,15973
8710,2.3154e-02,15973
8711,2.3131e-02,15973
8712,2.3107e-02,15973
8713,2.3084e-02,15973
8714,2.3061e-02,15973
8715,2.3038e-02,15973
8716,2.3015e-02,15973
8717,2.2992e-02,15973
8718,2.2969e-02,15973
8719,2.2946e-02,15973
8720,2.2923e-02,15973
8721,2.2900e-02,15973
8722,2.2877e-02,15973
8723,2.2855e-02,15973
8724,2.2832e-02,15973
8725,2.2809e-02,15973
8726,2.2786e-02,15973
8727,2.2763e-02,15973
8728,2.2741e-02,15973
8729,2.2718e-02,15973
8730,2.2695e-02,15973
8731,2.2672e-02,15973
8732,2.2650e-02,15973
8733,2.2627e-02,15973
8734,2.2604e-02,15973
8735,2.2582e-02,15973
8736,2.2559e-02,15973
8737,2.2537e-02,15973
8738,2.2514e-02,15973
8739,2.2492e-02,15973
8740,2.2469e-02,15973
8741,2.2447e-02,15973
8742,2.2424e-02,15973
8743,2.2402e-02,15973
8744,2.2379e-02,15973
8745,2.2357e-02,15973
8746,2.2335e-02,15973
8747,2.2312e-02,15973
8748,2.2290e-02,15973
8749,2.2268e-02,15973
8750,2.2245e-02,15973
8751,2.2223e-02,15973
8752,2.2201e-02,15973
8753,2.2179e-02,15973
8754,2.2157e-02,15973
8755,2.2134e-02,15973
8756,2.2112e-02,15973
8757,2.2090e-02,15973
8758,2.2068e-02,15973
8759,2.2046e-02,15973
8760,2.2024e-02,15973
8761,2.2002e-02,15973
8762,2.1980e-02,15973
8763,2.1958e-02,15973
8764,2.1936e-02,15973
8765,2.1914e-02,15973
8766,2.1892e-02,15973
8767,2.1870e-02,15973
8768,2.1848e-02,15973
8769,2.1827e-02,15973
8770,2.1805e-02,15973
8771,2.1783e-02,15973
8772,2.1761e-02,15973
8773,2.1739e-02,15973
8774,2.1718e-02,15973
8775,2.1696e-02,15973
8776,2.1674e-02,15973
8777,2.1653e-02,15973
8778,2.1631e-02,15973
8779,2.1609e-02,15973
8780,2.1588e-02,15973
8781,2.1566e-02,15973
8782,2.1545e-02,15973
8783,2.1523e-02,15973
8784,2.1501e-02,15973
8785,2.1480e-02,15973
8786,2.1458e-02,15973
8787,2.1437e-02,15973
8788,2.1416e-02,15973
8789,2.1394e-02,15973
8790,2.1373e-02,15973
8791,2.1351e-02,15973
8792,2.1330e-02,15973
8793,2.1309e-02,15973
8794,2.1287e-02,15973
8795,2.1266e-02,15973
8796,2.1245e-02,15973
8797,2.1224e-02,15973
8798,2.1202e-02,15973
8799,2.1181e-02,15973
8800,2.1160e-02,15973
8801,2.1139e-02,15973
8802,2.1118e-02,15973
8803,2.1097e-02,15973
8804,2.1075e-02,15973
8805,2.1054e-02,15973
8806,2.1033e-02,15973
8807,2.1012e-02,15973
8808,2.0991e-02,15973
8809,2.0970e-02,15973
8810,2.0949e-02,15973
8811,2.0928e-02,15973
8812,2.0907e-02,15973
8813,2.0887e-02,15973
8814,2.0866e-02,15973
8815,2.0845e-02,15973
8816,2.0824e-02,15973
8817,2.0803e-02,15973
8818,2.0782e-02,15973
8819,2.0762e-02,15973
8820,2.0741e-02,15973
8821,2.0720e-02,15973
8822,2.0699e-02,15973
8823,2.0679e-02,15973
8824,2.0658e-02,15973
8825,2.0637e-02,15973
8826,2.0617e-02,15973
8827,2.0596e-02,15973
8828,2.0575e-02,15973
8829,2.0555e-02,15973
8830,2.0534e-02,15973
8831,2.0514e-02,15973
8832,2.0493e-02,15973
8833,2.0473e-02,15973
8834,2.0452e-02,15973
8835,2.0432e-02,15973
8836,2.0411e-02,15973
8837,2.0391e-02,15973
8838,2.0371e-02,15973
8839,2.0350e-02,15973
8840,2.0330e-02,15973
8841,2.0310e-02,15973
8842,2.0289e-02,15973
8843,2.0269e-02,15973
8844,2.0249e-02,15973
8845,2.0228e-02,15973
8846,2.0208e-02,15973
8847,2.0188e-02,15973
8848,2.0168e-02,15973
8849,2.0148e-02,15973
8850,2.0128e-02,15973
8851,2.0107e-02,15973
8852,2.0087e-02,15973
8853,2.0067e-02,15973
8854,2.0047e-02,15973
8855,2.0027e-02,15973
8856,2.0007e-02,15973
8857,1.9987e-02,15973
8858,1.9967e-02,15973
8859,1.9947e-02,15973
8860,1.9927e-02,15973
8861,1.9907e-02,15973
8862,1.9887e-02,15973
8863,1.9867e-02,15973
8864,1.9848e-02,15973
8865,1.9828e-02,15973
8866,1.9808e-02,15973
8867,1.9788e-02,15973
8868,1.9768e-02,15973
8869,1.9749e-02,15973
8870,1.9729e-02,15973
8871,1.9709e-02,15973
8872,1.9689e-02,15973
8873,1.9670e-02,15973
8874,1.9650e-02,15973
8875,1.9630e-02,15973
8876,1.9611e-02,15973
8877,1.9591e-02,15973
8878,1.9571e-02,15973
8879,1.9552e-02,15973
8880,1.9532e-02,15973
8881,1.9513e-02,15973
8882,1.9493e-02,15973
8883,1.9474e-02,15973
8884,1.9454e-02,15973
8885,1.9435e-02,15973
8886,1.9415e-02,15973
8887,1.9396e-02,15973
8888,1.9377e-02,15973
8889,1.9357e-02,15973
8890,1.9338e-02,15973
8891,1.9319e-02,15973
8892,1.9299e-02,15973
8893,1.9280e-02,15973
8894,1.9261e-02,15973
8895,1.9241e-02,15973
8896,1.9222e-02,15973
8897,1.9203e-02,15973
8898,1.9184e-02,15973
8899,1.9165e-02,15973
8900,1.9145e-02,15973
8901,1.9126e-02,15973
8902,1.9107e-02,15973
8903,1.9088e-02,15973
8904,1.9069e-02,15973
8905,1.9050e-02,15973
8906,1.9031e-02,15973
8907,1.9012e-02,15973
8908,1.8993e-02,15973
8909,1.8974e-02,15973
8910,1.8955e-02,15973
8911,1.8936e-02,15973
8912,1.8917e-02,15973
8913,1.8898e-02,15973
8914,1.8879e-02,15973
8915,1.8860e-02,15973
8916,1.8841e-02,15973
8917,1.8823e-02,15973
8918,1.8804e-02,15973
8919,1.8785e-02,15973
8920,1.8766e-02,15973
8921,1.8747e-02,15973
8922,1.8729e-02,15973
8923,1.8710e-02,15973
8924,1.8691e-02,15973
8925,1.8672e-02,15973
8926,1.8654e-02,15973
8927,1.8635e-02,15973
8928,1.8616e-02,15973
8929,1.8598e-02,15973
8930,1.8579e-02,15973
8931,1.8561e-02,15973
8932,1.8542e-02,15973
8933,1.8524e-02,15973
8934,1.8505e-02,15973
8935,1.8487e-02,15973
8936,1.8468e-02,15973
8937,1.8450e-02,15973
8938,1.8431e-02,15973
8939,1.8413e-02,15973
8940,1.8394e-02,15973
8941,1.8376e-02,15973
8942,1.8358e-02,15973
8943,1.8339e-02,15973
8944,1.8321e-02,15973
8945,1.8303e-02,15973
8946,1.8284e-02,15973
8947,1.8266e-02,15973
8948,1.8248e-02,15973
8949,1.8229e-02,15973
8950,1.8211e-02,15973
8951,1.8193e-02,15973
8952,1.8175e-02,15973
8953,1.8157e-02,15973
8954,1.8138e-02,15973
8955,1.8120e-02,15973
8956,1.8102e-02,15973
8957,1.8084e-02,15973
8958,1.8066e-02,15973
8959,1.8048e-02,15973
8960,1.8030e-02,15973
8961,1.8012e-02,15973
8962,1.7994e-02,15973
8963,1.7976e-02,15973
8964,1.7958e-02,15973
8965,1.7940e-02,15973
8966,1.7922e-02,15973
8967,1.7904e-02,15973
